# Blender 4.5.14 LTS
# www.blender.org
mtllib brick_donut_square.mtl
o Baked
v -2.300000 -1.238462 0.176923
v -2.300000 -0.884615 0.176923
v -2.300000 -0.530769 0.176923
v -2.300000 -0.176923 0.176923
v -1.946154 -0.176923 -0.000000
v -2.300000 0.176923 0.176923
v -2.300000 0.530769 0.176923
v -1.946154 0.530769 0.000000
v -2.300000 0.884615 0.176923
v -2.300000 1.238462 0.176923
v -1.946154 0.884615 0.000000
v -1.946154 1.238462 0.000000
v -1.946154 -1.238462 -0.000000
v -1.946154 -0.884615 -0.000000
v -1.946154 -0.530769 -0.000000
v -1.946154 0.176923 0.000000
v -1.592308 0.176923 0.000000
v -1.592308 0.530769 0.000000
v -1.592308 1.238462 0.000000
v -1.592308 1.592308 0.000000
v -1.238462 -1.946154 -0.000000
v -1.238462 -1.592308 -0.000000
v -1.592308 -1.238462 -0.000000
v -1.238462 -1.238462 -0.000000
v -1.592308 -1.592308 -0.000000
v -1.592308 -0.884615 -0.000000
v -1.592308 -0.530769 -0.000000
v -1.592308 -0.176923 -0.000000
v -1.592308 0.884615 0.000000
v -1.238462 1.592308 0.000000
v -1.238462 1.946154 0.000000
v -1.238462 -2.300000 0.176923
v -1.238462 -0.884615 -0.000000
v -1.238462 -0.530769 -0.000000
v -1.238462 -0.176923 -0.000000
v -0.884615 0.176923 0.000000
v -1.238462 0.176923 0.000000
v -0.884615 0.884615 0.000000
v -1.238462 0.530769 0.000000
v -1.238462 1.238462 0.000000
v -1.238462 0.884615 0.000000
v -0.884615 1.238462 0.000000
v -1.238462 2.300000 0.176923
v -0.884615 1.946154 0.000000
v -0.884615 -2.300000 0.176923
v -0.884615 -1.946154 -0.000000
v -0.530769 -1.238462 -0.000000
v -0.530769 -1.592308 -0.000000
v -0.884615 -1.592308 -0.000000
v -0.884615 -0.884615 -0.000000
v -0.530769 -0.884615 -0.000000
v -0.884615 -1.238462 -0.000000
v -0.884615 -0.530769 -0.000000
v -0.884615 -0.176923 -0.000000
v -0.530769 -0.176923 0.176923
v -0.530769 0.176923 0.176923
v -0.884615 0.530769 0.000000
v -0.884615 1.592308 0.000000
v -0.884615 2.300000 0.176923
v -0.530769 1.946154 0.000000
v -0.176923 -2.300000 0.176923
v -0.530769 -2.300000 0.176923
v -0.530769 -1.946154 -0.000000
v -0.530769 0.884615 0.000000
v -0.530769 1.238462 0.000000
v -0.530769 1.592308 0.000000
v -0.530769 2.300000 0.176923
v 0.176923 -2.300000 0.176923
v -0.176923 -1.592308 -0.000000
v -0.176923 -1.946154 -0.000000
v -0.176923 -1.238462 -0.000000
v -0.176923 -0.884615 -0.000000
v -0.176923 -0.530769 0.176923
v 0.176923 -0.884615 -0.000000
v 0.176923 0.530769 0.176923
v -0.176923 0.530769 0.176923
v -0.176923 0.884615 0.000000
v 0.176923 1.238462 0.000000
v -0.176923 1.592308 0.000000
v 0.176923 1.592308 0.000000
v -0.176923 1.238462 0.000000
v -0.176923 1.946154 0.000000
v 0.176923 1.946154 0.000000
v -0.176923 2.300000 0.176923
v 0.176923 -1.946154 -0.000000
v 0.530769 -1.946154 -0.000000
v 0.176923 -1.592308 -0.000000
v 0.530769 -1.238462 -0.000000
v 0.530769 -0.884615 -0.000000
v 0.176923 -1.238462 -0.000000
v 0.176923 -0.530769 0.176923
v 0.176923 0.884615 0.000000
v 0.176923 2.300000 0.176923
v 0.530769 2.300000 0.176923
v 0.530769 1.946154 0.000000
v 0.530769 -2.300000 0.176923
v 0.530769 -1.592308 -0.000000
v 0.884615 -1.946154 -0.000000
v 0.884615 -1.592308 -0.000000
v 0.884615 -0.530769 -0.000000
v 0.884615 -0.884615 -0.000000
v 0.884615 -0.176923 -0.000000
v 0.530769 -0.176923 0.176923
v 0.530769 0.176923 0.176923
v 0.530769 0.884615 0.000000
v 0.530769 1.238462 0.000000
v 0.530769 1.592308 0.000000
v 0.884615 -2.300000 0.176923
v 0.884615 -1.238462 -0.000000
v 1.238462 -0.884615 -0.000000
v 1.238462 -0.176923 -0.000000
v 1.238462 0.530769 0.000000
v 0.884615 0.176923 0.000000
v 0.884615 0.530769 0.000000
v 1.238462 0.884615 0.000000
v 0.884615 0.884615 0.000000
v 0.884615 1.592308 0.000000
v 0.884615 1.238462 0.000000
v 0.884615 2.300000 0.176923
v 0.884615 1.946154 0.000000
v 1.238462 -2.300000 0.176923
v 1.592308 -1.592308 -0.000000
v 1.238462 -1.946154 -0.000000
v 1.238462 -1.592308 -0.000000
v 1.238462 -1.238462 -0.000000
v 1.238462 -0.530769 -0.000000
v 1.592308 -0.884615 -0.000000
v 1.238462 0.176923 0.000000
v 1.592308 0.176923 0.000000
v 1.592308 0.884615 0.000000
v 1.592308 1.238462 0.000000
v 1.238462 1.238462 0.000000
v 1.238462 1.946154 0.000000
v 1.592308 1.592308 0.000000
v 1.238462 1.592308 0.000000
v 1.238462 2.300000 0.176923
v 1.592308 -1.238462 -0.000000
v 1.946154 -1.238462 -0.000000
v 1.592308 -0.530769 -0.000000
v 1.946154 -0.884615 -0.000000
v 1.592308 -0.176923 -0.000000
v 1.946154 -0.176923 -0.000000
v 1.592308 0.530769 0.000000
v 1.946154 1.238462 0.000000
v 2.300000 -1.238462 0.176923
v 2.300000 -0.884615 0.176923
v 1.946154 -0.530769 -0.000000
v 2.300000 -0.176923 0.176923
v 2.300000 -0.530769 0.176923
v 2.300000 0.176923 0.176923
v 2.300000 0.530769 0.176923
v 1.946154 0.176923 0.000000
v 2.300000 0.884615 0.176923
v 1.946154 0.530769 0.000000
v 2.300000 1.238462 0.176923
v 1.946154 0.884615 0.000000
v -2.300000 -1.574615 0.176923
v -2.282308 -1.592308 0.176923
v -2.282308 -1.592308 0.017692
v -2.300000 -1.574615 0.017692
v -2.282308 -1.574615 -0.000000
v -2.300000 -0.884615 0.017692
v -2.282308 -0.884615 -0.000000
v -2.282308 -1.238462 -0.000000
v -2.300000 -1.238462 0.017692
v -2.300000 -0.176923 0.017692
v -2.282308 -0.176923 -0.000000
v -2.300000 -0.530769 0.017692
v -2.282308 -0.530769 -0.000000
v -2.300000 0.176923 0.017692
v -2.282308 0.176923 0.000000
v -2.300000 0.530769 0.017692
v -2.282308 0.530769 0.000000
v -2.300000 0.884615 0.017692
v -2.282308 0.884615 0.000000
v -2.282308 1.592308 0.017692
v -2.282308 1.574615 0.000000
v -2.300000 1.574615 0.017692
v -2.282308 1.592308 0.176923
v -2.300000 1.574615 0.176923
v -1.946154 1.610000 0.176923
v -1.963846 1.592308 0.176923
v -2.300000 1.238462 0.017692
v -2.282308 1.238462 0.000000
v -1.946154 -1.928462 0.176923
v -1.928462 -1.946154 0.176923
v -1.963846 -1.592308 0.176923
v -1.946154 -1.610000 0.176923
v -1.928462 -1.946154 0.017692
v -1.946154 -1.928462 0.017692
v -1.928462 -1.928462 -0.000000
v -1.610000 -1.946154 0.176923
v -1.592308 -1.963846 0.176923
v -1.928462 -1.574615 -0.000000
v -1.946154 -1.610000 0.017692
v -1.963846 -1.592308 0.017692
v -1.963846 1.592308 0.017692
v -1.946154 1.610000 0.017692
v -1.928462 1.574615 0.000000
v -1.928462 1.928462 0.000000
v -1.946154 1.928462 0.017692
v -1.928462 1.946154 0.017692
v -1.928462 1.946154 0.176923
v -1.946154 1.928462 0.176923
v -1.592308 1.963846 0.176923
v -1.610000 1.946154 0.176923
v -1.610000 1.946154 0.017692
v -1.592308 1.963846 0.017692
v -1.574615 1.928462 0.000000
v -1.592308 -2.282308 0.176923
v -1.574615 -2.300000 0.176923
v -1.574615 -1.928462 -0.000000
v -1.592308 -1.963846 0.017692
v -1.610000 -1.946154 0.017692
v -1.238462 -2.282308 -0.000000
v -1.238462 -2.300000 0.017692
v -1.574615 -2.282308 -0.000000
v -1.574615 -2.300000 0.017692
v -1.592308 -2.282308 0.017692
v -1.574615 2.300000 0.176923
v -1.592308 2.282308 0.176923
v -1.574615 2.300000 0.017692
v -1.574615 2.282308 0.000000
v -1.592308 2.282308 0.017692
v -1.238462 2.300000 0.017692
v -1.238462 2.282308 0.000000
v -0.884615 -2.282308 -0.000000
v -0.884615 -2.300000 0.017692
v -0.548462 -0.176923 -0.000000
v -0.530769 -0.176923 0.017692
v -0.513077 -0.530769 0.176923
v -0.530769 -0.513077 0.176923
v -0.548462 0.176923 0.000000
v -0.530769 0.176923 0.017692
v -0.530769 0.513077 0.176923
v -0.513077 0.530769 0.176923
v -0.548462 0.548462 0.000000
v -0.513077 0.530769 0.017692
v -0.530769 0.513077 0.017692
v -0.884615 2.300000 0.017692
v -0.884615 2.282308 0.000000
v -0.176923 -2.282308 -0.000000
v -0.176923 -2.300000 0.017692
v -0.530769 -2.300000 0.017692
v -0.530769 -2.282308 -0.000000
v -0.513077 -0.530769 0.017692
v -0.548462 -0.548462 -0.000000
v -0.530769 -0.513077 0.017692
v -0.176923 0.548462 0.000000
v -0.176923 0.530769 0.017692
v -0.530769 2.282308 0.000000
v -0.530769 2.300000 0.017692
v -0.176923 2.300000 0.017692
v -0.176923 2.282308 0.000000
v 0.176923 -2.282308 -0.000000
v 0.176923 -2.300000 0.017692
v -0.176923 -0.548462 -0.000000
v -0.176923 -0.530769 0.017692
v 0.176923 -0.530769 0.017692
v 0.176923 -0.548462 -0.000000
v 0.176923 2.300000 0.017692
v 0.176923 2.282308 0.000000
v 0.513077 -0.530769 0.017692
v 0.530769 -0.513077 0.017692
v 0.548462 -0.548462 -0.000000
v 0.513077 0.530769 0.176923
v 0.530769 0.513077 0.176923
v 0.176923 0.548462 0.000000
v 0.176923 0.530769 0.017692
v 0.530769 -2.282308 -0.000000
v 0.530769 -2.300000 0.017692
v 0.530769 -0.513077 0.176923
v 0.513077 -0.530769 0.176923
v 0.530769 -0.176923 0.017692
v 0.548462 -0.176923 -0.000000
v 0.530769 0.176923 0.017692
v 0.548462 0.176923 0.000000
v 0.548462 0.548462 0.000000
v 0.530769 0.513077 0.017692
v 0.513077 0.530769 0.017692
v 0.530769 2.282308 0.000000
v 0.530769 2.300000 0.017692
v 0.884615 2.300000 0.017692
v 0.884615 2.282308 0.000000
v 1.238462 -2.282308 -0.000000
v 1.238462 -2.300000 0.017692
v 0.884615 -2.282308 -0.000000
v 0.884615 -2.300000 0.017692
v 1.238462 2.300000 0.017692
v 1.238462 2.282308 0.000000
v 1.574615 -2.300000 0.017692
v 1.574615 -2.282308 -0.000000
v 1.592308 -2.282308 0.017692
v 1.592308 -1.963846 0.176923
v 1.610000 -1.946154 0.176923
v 1.574615 -2.300000 0.176923
v 1.592308 -2.282308 0.176923
v 1.574615 -1.928462 -0.000000
v 1.610000 -1.946154 0.017692
v 1.592308 -1.963846 0.017692
v 1.592308 2.282308 0.176923
v 1.574615 2.300000 0.176923
v 1.574615 2.282308 0.000000
v 1.574615 2.300000 0.017692
v 1.592308 2.282308 0.017692
v 1.928462 -1.574615 -0.000000
v 1.963846 -1.592308 0.017692
v 1.946154 -1.610000 0.017692
v 1.928462 -1.946154 0.017692
v 1.928462 -1.928462 -0.000000
v 1.946154 -1.928462 0.017692
v 1.928462 -1.946154 0.176923
v 1.946154 -1.928462 0.176923
v 1.963846 1.592308 0.017692
v 1.928462 1.574615 0.000000
v 1.946154 1.610000 0.017692
v 1.946154 1.928462 0.176923
v 1.928462 1.946154 0.176923
v 1.963846 1.592308 0.176923
v 1.946154 1.610000 0.176923
v 1.610000 1.946154 0.176923
v 1.592308 1.963846 0.176923
v 1.610000 1.946154 0.017692
v 1.574615 1.928462 0.000000
v 1.592308 1.963846 0.017692
v 1.928462 1.946154 0.017692
v 1.946154 1.928462 0.017692
v 1.928462 1.928462 0.000000
v 2.282308 -1.574615 -0.000000
v 2.300000 -1.574615 0.017692
v 2.282308 -1.592308 0.017692
v 2.282308 -1.238462 -0.000000
v 2.300000 -1.238462 0.017692
v 2.282308 -1.592308 0.176923
v 2.300000 -1.574615 0.176923
v 1.946154 -1.610000 0.176923
v 1.963846 -1.592308 0.176923
v 2.282308 -0.884615 -0.000000
v 2.300000 -0.884615 0.017692
v 2.282308 -0.176923 -0.000000
v 2.300000 -0.176923 0.017692
v 2.282308 -0.530769 -0.000000
v 2.300000 -0.530769 0.017692
v 2.282308 0.176923 0.000000
v 2.300000 0.176923 0.017692
v 2.282308 0.530769 0.000000
v 2.300000 0.530769 0.017692
v 2.282308 1.238462 0.000000
v 2.300000 1.238462 0.017692
v 2.282308 0.884615 0.000000
v 2.300000 0.884615 0.017692
v 2.300000 1.574615 0.176923
v 2.282308 1.592308 0.176923
v 2.282308 1.574615 0.000000
v 2.282308 1.592308 0.017692
v 2.300000 1.574615 0.017692
vn -0.0000 -0.0000 -1.0000
vn -0.5774 -0.5773 -0.5773
vn -0.5774 0.5773 -0.5773
vn -0.5773 -0.5773 -0.5774
vn -0.3015 -0.3015 -0.9045
vn -0.3015 0.3015 -0.9045
vn -0.5773 0.5773 -0.5774
vn 0.3015 -0.3015 -0.9045
vn 0.3015 0.3015 -0.9045
vn 0.5773 -0.5773 -0.5774
vn 0.5773 0.5773 -0.5774
vn 0.5774 -0.5773 -0.5773
vn 0.5774 0.5773 -0.5773
vn -0.7071 -0.7071 -0.0000
vn -0.7071 -0.0000 -0.7071
vn -0.7071 0.7071 -0.0000
vn -0.0000 0.7071 -0.7071
vn -0.0000 -0.7071 -0.7071
vn 0.7071 -0.7071 -0.0000
vn 0.7071 0.7071 -0.0000
vn 0.7071 -0.0000 -0.7071
vn -0.0000 -1.0000 -0.0000
vn -1.0000 -0.0000 -0.0000
vn -0.0000 1.0000 -0.0000
vn 1.0000 -0.0000 -0.0000
s 0
usemtl Baked
f 14//1 26//1 23//1 13//1
f 15//1 27//1 26//1 14//1
f 5//1 28//1 27//1 15//1
f 16//1 17//1 28//1 5//1
f 8//1 18//1 17//1 16//1
f 11//1 29//1 18//1 8//1
f 12//1 19//1 29//1 11//1
f 23//1 24//1 22//1 25//1
f 26//1 33//1 24//1 23//1
f 27//1 34//1 33//1 26//1
f 28//1 35//1 34//1 27//1
f 17//1 37//1 35//1 28//1
f 18//1 39//1 37//1 17//1
f 29//1 41//1 39//1 18//1
f 19//1 40//1 41//1 29//1
f 20//1 30//1 40//1 19//1
f 22//1 49//1 46//1 21//1
f 24//1 52//1 49//1 22//1
f 33//1 50//1 52//1 24//1
f 34//1 53//1 50//1 33//1
f 35//1 54//1 53//1 34//1
f 37//1 36//1 54//1 35//1
f 39//1 57//1 36//1 37//1
f 41//1 38//1 57//1 39//1
f 40//1 42//1 38//1 41//1
f 30//1 58//1 42//1 40//1
f 31//1 44//1 58//1 30//1
f 49//1 48//1 63//1 46//1
f 52//1 47//1 48//1 49//1
f 50//1 51//1 47//1 52//1
f 42//1 65//1 64//1 38//1
f 58//1 66//1 65//1 42//1
f 44//1 60//1 66//1 58//1
f 48//1 69//1 70//1 63//1
f 47//1 71//1 69//1 48//1
f 51//1 72//1 71//1 47//1
f 65//1 81//1 77//1 64//1
f 66//1 79//1 81//1 65//1
f 60//1 82//1 79//1 66//1
f 69//1 87//1 85//1 70//1
f 71//1 90//1 87//1 69//1
f 72//1 74//1 90//1 71//1
f 81//1 78//1 92//1 77//1
f 79//1 80//1 78//1 81//1
f 82//1 83//1 80//1 79//1
f 87//1 97//1 86//1 85//1
f 90//1 88//1 97//1 87//1
f 74//1 89//1 88//1 90//1
f 78//1 106//1 105//1 92//1
f 80//1 107//1 106//1 78//1
f 83//1 95//1 107//1 80//1
f 97//1 99//1 98//1 86//1
f 88//1 109//1 99//1 97//1
f 89//1 101//1 109//1 88//1
f 106//1 118//1 116//1 105//1
f 107//1 117//1 118//1 106//1
f 95//1 120//1 117//1 107//1
f 99//1 124//1 123//1 98//1
f 109//1 125//1 124//1 99//1
f 101//1 110//1 125//1 109//1
f 100//1 126//1 110//1 101//1
f 102//1 111//1 126//1 100//1
f 113//1 128//1 111//1 102//1
f 114//1 112//1 128//1 113//1
f 116//1 115//1 112//1 114//1
f 118//1 132//1 115//1 116//1
f 117//1 135//1 132//1 118//1
f 120//1 133//1 135//1 117//1
f 125//1 137//1 122//1 124//1
f 110//1 127//1 137//1 125//1
f 126//1 139//1 127//1 110//1
f 111//1 141//1 139//1 126//1
f 128//1 129//1 141//1 111//1
f 112//1 143//1 129//1 128//1
f 115//1 130//1 143//1 112//1
f 132//1 131//1 130//1 115//1
f 135//1 134//1 131//1 132//1
f 127//1 140//1 138//1 137//1
f 139//1 147//1 140//1 127//1
f 141//1 142//1 147//1 139//1
f 129//1 152//1 142//1 141//1
f 143//1 154//1 152//1 129//1
f 130//1 156//1 154//1 143//1
f 131//1 144//1 156//1 130//1
f 159//2 160//2 161//2
f 176//3 177//3 178//3
f 189//4 190//4 191//4
f 194//5 195//5 196//5
f 197//6 198//6 199//6
f 200//7 201//7 202//7
f 207//6 208//6 209//6
f 212//5 213//5 214//5
f 217//4 218//4 219//4
f 222//7 223//7 224//7
f 237//8 238//8 239//8
f 246//9 247//9 248//9
f 263//6 264//6 265//6
f 278//5 279//5 280//5
f 291//10 292//10 293//10
f 298//8 299//8 300//8
f 303//11 304//11 305//11
f 306//8 307//8 308//8
f 309//10 310//10 311//10
f 314//9 315//9 316//9
f 323//9 324//9 325//9
f 326//11 327//11 328//11
f 329//12 330//12 331//12
f 354//13 355//13 356//13
f 159//14 158//14 157//14 160//14
f 163//15 164//15 165//15 162//15
f 178//16 180//16 179//16 176//16
f 189//14 186//14 185//14 190//14
f 209//17 200//17 202//17 207//17
f 201//16 204//16 203//16 202//16
f 205//16 208//16 207//16 206//16
f 216//18 218//18 217//18 215//18
f 243//18 244//18 245//18 242//18
f 254//17 251//17 252//17 253//17
f 260//17 257//17 258//17 259//17
f 284//17 281//17 282//17 283//17
f 311//19 313//19 312//19 309//19
f 319//20 314//20 316//20 320//20
f 323//17 326//17 328//17 324//17
f 329//21 332//21 333//21 330//21
f 164//15 161//15 160//15 165//15
f 161//18 194//18 196//18 159//18
f 195//14 188//14 187//14 196//14
f 169//15 163//15 162//15 168//15
f 167//15 169//15 168//15 166//15
f 171//15 167//15 166//15 170//15
f 173//15 171//15 170//15 172//15
f 175//15 173//15 172//15 174//15
f 184//15 175//15 174//15 183//15
f 177//15 184//15 183//15 178//15
f 199//17 177//17 176//17 197//17
f 181//16 198//16 197//16 182//16
f 194//15 191//15 190//15 195//15
f 191//18 212//18 214//18 189//18
f 213//14 193//14 192//14 214//14
f 200//15 199//15 198//15 201//15
f 218//14 211//14 210//14 219//14
f 212//15 217//15 219//15 213//15
f 220//16 222//16 224//16 221//16
f 223//15 209//15 208//15 224//15
f 226//17 223//17 222//17 225//17
f 215//18 227//18 228//18 216//18
f 241//17 226//17 225//17 240//17
f 227//18 245//18 244//18 228//18
f 231//20 246//20 248//20 232//20
f 247//21 229//21 230//21 248//21
f 229//21 233//21 234//21 230//21
f 233//21 237//21 239//21 234//21
f 238//19 236//19 235//19 239//19
f 251//17 241//17 240//17 252//17
f 257//17 247//17 246//17 258//17
f 237//18 249//18 250//18 238//18
f 242//18 255//18 256//18 243//18
f 249//18 268//18 269//18 250//18
f 262//17 254//17 253//17 261//17
f 255//18 270//18 271//18 256//18
f 265//17 260//17 259//17 263//17
f 272//16 264//16 263//16 273//16
f 268//18 278//18 280//18 269//18
f 279//14 267//14 266//14 280//14
f 281//17 262//17 261//17 282//17
f 270//18 287//18 288//18 271//18
f 275//15 265//15 264//15 274//15
f 277//15 275//15 274//15 276//15
f 278//15 277//15 276//15 279//15
f 287//18 285//18 286//18 288//18
f 290//17 284//17 283//17 289//17
f 296//19 291//19 293//19 297//19
f 292//21 298//21 300//21 293//21
f 299//19 295//19 294//19 300//19
f 285//18 292//18 291//18 286//18
f 321//20 323//20 325//20 322//20
f 324//21 303//21 305//21 325//21
f 304//20 302//20 301//20 305//20
f 303//17 290//17 289//17 304//17
f 310//21 306//21 308//21 311//21
f 307//19 337//19 336//19 308//19
f 298//18 310//18 309//18 299//18
f 315//21 328//21 327//21 316//21
f 326//20 318//20 317//20 327//20
f 334//19 331//19 330//19 335//19
f 306//18 329//18 331//18 307//18
f 332//21 338//21 339//21 333//21
f 338//21 342//21 343//21 339//21
f 342//21 340//21 341//21 343//21
f 340//21 344//21 345//21 341//21
f 344//21 346//21 347//21 345//21
f 346//21 350//21 351//21 347//21
f 350//21 348//21 349//21 351//21
f 348//21 354//21 356//21 349//21
f 355//20 353//20 352//20 356//20
f 354//17 315//17 314//17 355//17
f 196//22 187//22 158//22 159//22
f 157//23 1//23 165//23 160//23
f 164//1 13//1 194//1 161//1
f 2//23 3//23 168//23 162//23
f 1//23 2//23 162//23 165//23
f 163//1 14//1 13//1 164//1
f 169//1 15//1 14//1 163//1
f 4//23 6//23 170//23 166//23
f 3//23 4//23 166//23 168//23
f 167//1 5//1 15//1 169//1
f 171//1 16//1 5//1 167//1
f 6//23 7//23 172//23 170//23
f 173//1 8//1 16//1 171//1
f 7//23 9//23 174//23 172//23
f 175//1 11//1 8//1 173//1
f 184//1 12//1 11//1 175//1
f 9//23 10//23 183//23 174//23
f 176//24 179//24 182//24 197//24
f 10//23 180//23 178//23 183//23
f 177//1 199//1 12//1 184//1
f 181//23 204//23 201//23 198//23
f 214//22 192//22 186//22 189//22
f 185//23 188//23 195//23 190//23
f 194//1 25//1 212//1 191//1
f 210//23 193//23 213//23 219//23
f 13//1 23//1 25//1 194//1
f 199//1 20//1 19//1 12//1
f 200//1 209//1 20//1 199//1
f 202//24 203//24 206//24 207//24
f 205//23 221//23 224//23 208//23
f 209//1 31//1 30//1 20//1
f 223//1 226//1 31//1 209//1
f 216//22 32//22 211//22 218//22
f 25//1 22//1 21//1 212//1
f 212//1 21//1 215//1 217//1
f 21//1 46//1 227//1 215//1
f 228//22 45//22 32//22 216//22
f 222//24 220//24 43//24 225//24
f 226//1 241//1 44//1 31//1
f 225//24 43//24 59//24 240//24
f 46//1 63//1 245//1 227//1
f 244//22 62//22 45//22 228//22
f 54//1 229//1 247//1 53//1
f 248//25 230//25 55//25 232//25
f 36//1 233//1 229//1 54//1
f 230//25 234//25 56//25 55//25
f 246//24 231//24 73//24 258//24
f 234//25 239//25 235//25 56//25
f 57//1 237//1 233//1 36//1
f 250//22 76//22 236//22 238//22
f 38//1 64//1 237//1 57//1
f 64//1 77//1 249//1 237//1
f 240//24 59//24 67//24 252//24
f 241//1 251//1 60//1 44//1
f 63//1 70//1 242//1 245//1
f 243//22 61//22 62//22 244//22
f 70//1 85//1 255//1 242//1
f 256//22 68//22 61//22 243//22
f 53//1 247//1 51//1 50//1
f 247//1 257//1 72//1 51//1
f 77//1 92//1 268//1 249//1
f 269//22 75//22 76//22 250//22
f 251//1 254//1 82//1 60//1
f 252//24 67//24 84//24 253//24
f 254//1 262//1 83//1 82//1
f 253//24 84//24 93//24 261//24
f 271//22 96//22 68//22 256//22
f 85//1 86//1 270//1 255//1
f 257//1 260//1 74//1 72//1
f 258//24 73//24 91//24 259//24
f 260//1 265//1 89//1 74//1
f 259//24 91//24 273//24 263//24
f 262//1 281//1 95//1 83//1
f 261//24 93//24 94//24 282//24
f 265//1 100//1 101//1 89//1
f 275//1 102//1 100//1 265//1
f 272//23 103//23 274//23 264//23
f 104//23 267//23 279//23 276//23
f 280//22 266//22 75//22 269//22
f 92//1 105//1 278//1 268//1
f 86//1 98//1 287//1 270//1
f 288//22 108//22 96//22 271//22
f 277//1 113//1 102//1 275//1
f 103//23 104//23 276//23 274//23
f 278//1 114//1 113//1 277//1
f 105//1 116//1 114//1 278//1
f 281//1 284//1 120//1 95//1
f 282//24 94//24 119//24 283//24
f 284//1 290//1 133//1 120//1
f 283//24 119//24 136//24 289//24
f 98//1 123//1 285//1 287//1
f 286//22 121//22 108//22 288//22
f 123//1 298//1 292//1 285//1
f 291//22 296//22 121//22 286//22
f 290//1 303//1 324//1 133//1
f 289//24 136//24 302//24 304//24
f 293//25 300//25 294//25 297//25
f 309//22 312//22 295//22 299//22
f 124//1 122//1 298//1 123//1
f 122//1 306//1 310//1 298//1
f 325//25 305//25 301//25 322//25
f 311//25 308//25 336//25 313//25
f 137//1 138//1 306//1 122//1
f 138//1 332//1 329//1 306//1
f 331//22 334//22 337//22 307//22
f 314//24 319//24 353//24 355//24
f 324//1 328//1 315//1 134//1
f 134//1 315//1 144//1 131//1
f 316//25 327//25 317//25 320//25
f 315//1 354//1 348//1 144//1
f 323//24 321//24 318//24 326//24
f 133//1 324//1 134//1 135//1
f 330//25 333//25 145//25 335//25
f 140//1 338//1 332//1 138//1
f 333//25 339//25 146//25 145//25
f 147//1 342//1 338//1 140//1
f 339//25 343//25 149//25 146//25
f 341//25 345//25 150//25 148//25
f 343//25 341//25 148//25 149//25
f 142//1 340//1 342//1 147//1
f 152//1 344//1 340//1 142//1
f 154//1 346//1 344//1 152//1
f 345//25 347//25 151//25 150//25
f 347//25 351//25 153//25 151//25
f 156//1 350//1 346//1 154//1
f 349//25 356//25 352//25 155//25
f 351//25 349//25 155//25 153//25
f 144//1 348//1 350//1 156//1
o Dough
v 1.677299 1.716154 0.884615
v 1.677299 1.822308 0.884615
v -2.300000 -1.238462 0.530769
v 1.716154 1.861163 0.884615
v 1.822308 1.861163 0.884615
v -2.300000 -1.238462 0.707692
v 1.861163 1.822308 0.884615
v 1.861163 1.362308 0.884615
v 1.769231 1.309231 0.884615
v -1.946154 -1.238462 0.884615
v 1.677299 1.362308 0.884615
v -2.300000 -1.238462 0.176923
v 1.677299 1.468462 0.884615
v -2.300000 -0.884615 0.353846
v -2.300000 -1.238462 0.353846
v 1.716154 1.507317 0.884615
v -2.300000 -0.884615 0.530769
v 1.822308 1.507317 0.884615
v 1.861163 1.468462 0.884615
v -1.946154 -0.884615 0.884615
v 1.861163 -1.468462 0.884615
v -2.300000 -0.884615 0.176923
v 1.822308 -1.507317 0.884615
v 1.716154 -1.507317 0.884615
v 1.677299 -1.468462 0.884615
v -2.300000 -0.884615 0.707692
v 1.677299 -1.362308 0.884615
v 1.769231 -1.309231 0.884615
v -2.300000 -0.530769 0.176923
v 1.861163 -1.362308 0.884615
v -2.300000 -0.530769 0.353846
v -2.300000 -0.530769 0.707692
v -2.300000 -0.530769 0.530769
v 1.861163 -1.822308 0.884615
v 1.822308 -1.861163 0.884615
v -1.946154 -0.530769 0.884615
v -1.946154 -0.176923 0.884615
v 1.716154 -1.861163 0.884615
v -2.300000 0.176923 0.176923
v -2.300000 -0.176923 0.176923
v 1.677299 -1.822308 0.884615
v -2.300000 0.176923 0.353846
v -2.300000 -0.176923 0.353846
v -2.300000 -0.176923 0.707692
v -2.300000 -0.176923 0.530769
v -2.300000 0.176923 0.707692
v 1.677299 -1.716154 0.884615
v 1.716154 -1.677299 0.884615
v 1.822308 -1.677299 0.884615
v -2.300000 0.530769 0.176923
v -2.300000 0.176923 0.530769
v 1.861163 -1.716154 0.884615
v -2.300000 0.530769 0.707692
v 1.507317 2.070000 0.884616
v 1.468462 2.031145 0.884615
v -1.946154 0.176923 0.884615
v 1.362308 2.031145 0.884615
v -2.300000 0.530769 0.353846
v -2.300000 0.884615 0.176923
v -2.300000 0.530769 0.530769
v 1.309231 2.123077 0.884616
v 1.362308 2.215009 0.884616
v 1.468462 2.215009 0.884616
v 1.507317 2.176154 0.884616
v -1.946154 0.530769 0.884615
v 1.507317 1.716154 0.884615
v 1.468462 1.677299 0.884615
v -2.300000 0.884615 0.530769
v -2.300000 0.884615 0.353846
v -2.300000 0.884615 0.707692
v -2.300000 1.238462 0.530769
v 1.362308 1.677299 0.884615
v -2.300000 1.238462 0.707692
v -1.946154 0.884615 0.884615
v 1.309231 1.769231 0.884615
v -2.300000 1.238462 0.176923
v 1.362308 1.861163 0.884615
v 1.468462 1.861163 0.884615
v -2.300000 1.238462 0.353846
v 1.507317 1.822308 0.884615
v 1.114615 2.031145 0.884615
v 1.008461 2.031145 0.884615
v 0.955385 2.123077 0.884616
v -1.946154 1.238462 0.884615
v 1.008461 2.215009 0.884616
v 1.114615 2.215009 0.884616
v 1.167692 2.123077 0.884616
v 1.114615 -2.215009 0.884615
v -1.592308 1.238462 0.884615
v -1.592308 1.592308 0.884615
v 1.008461 -2.215009 0.884615
v 0.955385 -2.123077 0.884615
v 1.008461 -2.031145 0.884615
v 1.114615 -2.031145 0.884615
v 1.167692 -2.123077 0.884615
v 0.760769 2.031145 0.884615
v 0.654615 2.031145 0.884615
v 0.601538 2.123077 0.884616
v 0.654615 2.215009 0.884616
v 0.760769 2.215009 0.884616
v 0.813846 2.123077 0.884616
v 0.760769 -2.215009 0.884615
v -1.238462 -2.300000 0.707692
v 0.654615 -2.215009 0.884615
v -1.238462 -1.946154 0.884615
v -1.238462 -1.592308 0.884615
v -1.592308 -1.592308 0.884615
v 0.601538 -2.123077 0.884615
v -1.238462 1.592308 0.884615
v 0.654615 -2.031145 0.884615
v -1.238462 2.300000 0.176923
v 0.760769 -2.031145 0.884615
v 0.813846 -2.123077 0.884615
v 0.760769 -2.568855 0.707692
v -1.238462 2.300000 0.707692
v -1.238462 2.300000 0.530769
v 0.654615 -2.568855 0.707692
v 0.601538 -2.476923 0.707692
v 0.654615 -2.384991 0.707692
v -1.238462 -2.300000 0.353846
v -1.238462 -2.300000 0.176923
v -1.238462 -2.300000 0.530769
v 0.760769 -2.384991 0.707692
v 0.813846 -2.476923 0.707692
v -1.238462 2.300000 0.353846
v 0.799624 -2.883846 0.707692
v 0.654615 -2.922701 0.707692
v 0.615760 -2.883846 0.707692
v -1.238462 1.946154 0.884615
v -0.884615 1.946154 0.884615
v 0.654615 -2.738837 0.707692
v -0.530769 -1.946154 0.884615
v -0.884615 -1.946154 0.884615
v 0.760769 -2.738837 0.707692
v -0.530769 -0.176923 0.353846
v 0.799624 -3.237692 0.707692
v -0.530769 -0.176923 0.707692
v -0.530769 -0.176923 0.884615
v -0.530769 -0.176923 0.176923
v -0.530769 0.176923 0.176923
v 0.654615 -3.276547 0.707692
v -0.530769 0.176923 0.353846
v -0.530769 0.176923 0.530769
v -0.530769 -0.176923 0.530769
v 0.615760 -3.237692 0.707692
v 0.615760 -3.131539 0.707692
v 0.654615 -3.092684 0.707692
v 0.799624 -3.131539 0.707692
v -0.530769 0.176923 0.707692
v 0.406923 2.031145 0.884615
v -0.530769 0.176923 0.884615
v -0.884615 2.300000 0.176923
v -0.884615 2.300000 0.353846
v 0.300769 2.031145 0.884615
v -0.530769 2.300000 0.530769
v -0.884615 2.300000 0.530769
v -0.884615 2.300000 0.707692
v -0.530769 2.300000 0.707692
v 0.247692 2.123077 0.884616
v -0.530769 1.946154 0.884615
v 0.300769 2.215009 0.884616
v 0.406923 2.215009 0.884616
v -0.176923 -2.300000 0.530769
v -0.176923 -2.300000 0.707692
v 0.460000 2.123077 0.884616
v 0.406923 -2.215009 0.884615
v -0.176923 -1.946154 0.884615
v -0.176923 -0.530769 0.353846
v -0.176923 -0.530769 0.176923
v 0.300769 -2.215009 0.884615
v 0.247692 -2.123077 0.884615
v -0.176923 -0.530769 0.884615
v -0.176923 -0.530769 0.707692
v 0.300769 -2.031145 0.884615
v 0.406923 -2.031145 0.884615
v 0.460000 -2.123077 0.884615
v 0.053077 2.031145 0.884615
v -0.530769 2.300000 0.176923
v -0.053077 2.031145 0.884615
v -0.530769 2.300000 0.353846
v -0.176923 2.300000 0.353846
v -0.106154 2.123077 0.884616
v -0.053077 2.215009 0.884616
v -0.176923 2.300000 0.707692
v 0.053077 2.215009 0.884616
v 0.176923 -2.300000 0.176923
v -0.176923 -2.300000 0.176923
v 0.176923 -2.300000 0.353846
v 0.106154 2.123077 0.884616
v -0.176923 -2.300000 0.353846
v 0.176923 -2.300000 0.707692
v -0.300769 2.031145 0.884615
v 0.176923 -0.530769 0.176923
v -0.176923 -0.530769 0.530769
v 0.176923 -0.530769 0.530769
v -0.406923 2.031145 0.884615
v 0.176923 -0.530769 0.707692
v -0.460000 2.123077 0.884616
v 0.176923 -0.530769 0.884615
v -0.406923 2.215009 0.884616
v -0.176923 0.530769 0.176923
v 0.176923 0.530769 0.353846
v -0.176923 0.530769 0.530769
v -0.176923 0.530769 0.353846
v -0.300769 2.215009 0.884616
v 0.176923 0.530769 0.707692
v -0.176923 0.530769 0.884615
v -0.176923 0.530769 0.707692
v -0.176923 2.300000 0.176923
v -0.247692 2.123077 0.884616
v 0.176923 2.300000 0.353846
v 0.176923 2.300000 0.176923
v -0.176923 2.300000 0.530769
v -0.300769 -2.215009 0.884615
v -0.406923 -2.215009 0.884615
v -0.176923 1.946154 0.884615
v -0.460000 -2.123077 0.884615
v -0.406923 -2.031145 0.884615
v -0.300769 -2.031145 0.884615
v -0.247692 -2.123077 0.884615
v 0.176923 -2.300000 0.530769
v -0.654615 2.031145 0.884615
v 0.176923 -1.946154 0.884615
v 0.176923 -0.530769 0.353846
v -0.760769 2.031145 0.884615
v -0.813846 2.123077 0.884616
v -0.760769 2.215009 0.884616
v -0.654615 2.215009 0.884616
v 0.176923 0.530769 0.176923
v -0.601538 2.123077 0.884616
v 0.176923 0.530769 0.530769
v -0.654615 -2.215009 0.884615
v 0.176923 0.530769 0.884615
v -0.760769 -2.215009 0.884615
v 0.530769 2.300000 0.353846
v 0.530769 2.300000 0.176923
v -0.813846 -2.123077 0.884615
v 0.176923 2.300000 0.530769
v 0.176923 2.300000 0.707692
v -0.760769 -2.031145 0.884615
v 0.176923 1.946154 0.884615
v 0.530769 1.946154 0.884615
v -0.654615 -2.031145 0.884615
v 0.884615 -1.946154 0.884615
v 0.530769 -1.946154 0.884615
v -0.601538 -2.123077 0.884615
v 0.530769 -0.176923 0.353846
v 0.530769 -0.176923 0.707692
v -0.654615 -2.568855 0.707692
v -0.760769 -2.568855 0.707692
v -0.813846 -2.476923 0.707692
v 0.530769 -0.176923 0.176923
v 0.530769 -0.176923 0.530769
v 0.530769 0.176923 0.353846
v 0.530769 0.176923 0.707692
v 0.530769 0.176923 0.530769
v -0.760769 -2.384991 0.707692
v 0.530769 -0.176923 0.884615
v -0.654615 -2.384991 0.707692
v 0.530769 0.176923 0.176923
v -0.601538 -2.476923 0.707692
v -0.615760 -2.883846 0.707692
v -0.654615 -2.922701 0.707692
v 0.530769 0.176923 0.884615
v -0.799624 -2.883846 0.707692
v 0.884615 2.300000 0.176923
v 0.530769 2.300000 0.530769
v 0.530769 2.300000 0.707692
v 0.884615 2.300000 0.530769
v -0.760769 -2.738837 0.707692
v -0.654615 -2.738837 0.707692
v 1.238462 -2.300000 0.353846
v -0.615760 -3.237692 0.707692
v -0.654615 -3.276547 0.707692
v 1.238462 -2.300000 0.530769
v 1.238462 -2.300000 0.707692
v 1.238462 -1.946154 0.884615
v -0.799624 -3.237692 0.707692
v 0.884615 2.300000 0.353846
v -0.799624 -3.131539 0.707692
v 1.238462 2.300000 0.530769
v 0.884615 2.300000 0.707692
v -0.654615 -3.092684 0.707692
v 0.884615 1.946154 0.884615
v 1.238462 1.946154 0.884615
v -0.615760 -3.131539 0.707692
v -1.008461 2.031145 0.884615
v 1.238462 -2.300000 0.176923
v -1.114615 2.031145 0.884615
v -1.167692 2.123077 0.884616
v -1.114615 2.215009 0.884616
v 1.238462 1.592308 0.884615
v 1.592308 1.592308 0.884615
v -1.008461 2.215009 0.884616
v 1.238462 2.300000 0.176923
v -0.955385 2.123077 0.884616
v 1.238462 2.300000 0.353846
v -1.362308 2.031145 0.884615
v -1.468462 2.031145 0.884615
v -1.507317 2.070000 0.884616
v 1.238462 2.300000 0.707692
v -1.507317 2.176154 0.884616
v -1.468462 2.215009 0.884616
v -1.362308 2.215009 0.884616
v -1.309231 2.123077 0.884616
v -1.362308 1.677299 0.884615
v -1.468462 1.677299 0.884615
v -1.507317 1.716154 0.884615
v -1.507317 1.822308 0.884615
v -1.468462 1.861163 0.884615
v -1.362308 1.861163 0.884615
v 1.592308 -1.592308 0.884615
v 1.592308 -1.238462 0.884615
v 1.592308 1.238462 0.884615
v -1.309231 1.769231 0.884615
v -1.362308 -1.861163 0.884615
v -1.468462 -1.861163 0.884615
v -1.507317 -1.822308 0.884615
v -1.507317 -1.716154 0.884615
v -1.468462 -1.677299 0.884615
v -1.362308 -1.677299 0.884615
v -1.309231 -1.769231 0.884615
v 2.300000 -1.238462 0.176923
v 2.300000 -1.238462 0.353846
v -1.362308 -2.215009 0.884615
v -1.468462 -2.215009 0.884615
v -1.507317 -2.176154 0.884615
v 2.300000 -1.238462 0.530769
v -1.507317 -2.070000 0.884615
v -1.468462 -2.031145 0.884615
v -1.362308 -2.031145 0.884615
v -1.309231 -2.123077 0.884615
v 1.946154 -1.238462 0.884615
v -1.677299 1.716154 0.884615
v -1.716154 1.677299 0.884615
v -1.822308 1.677299 0.884615
v -1.861163 1.716154 0.884615
v 2.300000 -1.238462 0.707692
v -1.861163 1.822308 0.884615
v -1.822308 1.861163 0.884615
v 1.946154 -0.884615 0.884615
v 2.300000 -0.884615 0.176923
v -1.716154 1.861163 0.884615
v 2.300000 -0.884615 0.353846
v -1.677299 1.822308 0.884615
v 2.300000 -0.884615 0.530769
v 2.300000 -0.530769 0.707692
v 2.300000 -0.884615 0.707692
v -1.677299 1.362308 0.884615
v -1.769231 1.309231 0.884615
v 1.946154 -0.530769 0.884615
v 2.300000 -0.530769 0.176923
v -1.861163 1.362308 0.884615
v 2.300000 -0.530769 0.353846
v 2.300000 -0.176923 0.353846
v 2.300000 -0.530769 0.530769
v -1.861163 1.468462 0.884615
v -1.822308 1.507317 0.884615
v -1.716154 1.507317 0.884615
v -1.677299 1.468462 0.884615
v 1.946154 -0.176923 0.884615
v 2.300000 -0.176923 0.176923
v -2.031145 1.362308 0.884615
v 2.300000 -0.176923 0.530769
v 2.300000 0.176923 0.530769
v -2.123077 1.309231 0.884615
v 2.300000 -0.176923 0.707692
v -2.215009 1.362308 0.884615
v 2.300000 0.176923 0.176923
v -2.215009 1.468462 0.884615
v 2.300000 0.530769 0.353846
v 2.300000 0.176923 0.353846
v -2.176154 1.507317 0.884615
v -2.070000 1.507317 0.884615
v -2.031145 1.468462 0.884615
v 2.300000 0.176923 0.707692
v 1.946154 0.176923 0.884615
v -2.031145 1.008461 0.884615
v 2.300000 0.530769 0.176923
v 2.300000 0.884615 0.176923
v -2.123077 0.955385 0.884615
v 2.300000 0.884615 0.530769
v 2.300000 0.530769 0.530769
v 2.300000 0.530769 0.707692
v -2.215009 1.008461 0.884615
v 1.946154 0.530769 0.884615
v -2.215009 1.114615 0.884615
v -2.123077 1.167692 0.884615
v 2.300000 0.884615 0.353846
v 2.300000 1.238462 0.353846
v -2.031145 1.114615 0.884615
v 2.300000 1.238462 0.707692
v 2.300000 0.884615 0.707692
v -2.031145 0.654615 0.884615
v 1.946154 0.884615 0.884615
v 1.946154 1.238462 0.884615
v 2.300000 1.238462 0.176923
v -2.123077 0.601538 0.884615
v -2.215009 0.654615 0.884615
v 2.300000 1.238462 0.530769
v -2.215009 0.760769 0.884615
v -2.123077 0.813846 0.884615
v -2.031145 0.760769 0.884615
v -2.031145 0.300769 0.884615
v -2.123077 0.247692 0.884615
v -2.215009 0.300769 0.884615
v -0.884615 -3.361539 0.353846
v -2.215009 0.406923 0.884615
v -0.530769 -3.361539 0.353846
v -2.123077 0.460000 0.884615
v -0.530769 -3.361539 0.530769
v -0.884615 -3.361539 0.530769
v -2.031145 0.406923 0.884615
v -2.031145 -0.053077 0.884615
v -0.884615 -3.007692 0.530769
v -0.530769 -2.653846 0.353846
v -2.123077 -0.106154 0.884615
v -2.215009 -0.053077 0.884615
v -0.530769 -3.007692 0.353846
v -2.215009 0.053077 0.884615
v -0.530769 -2.653846 0.530769
v -0.884615 -2.653846 0.530769
v -0.884615 -3.007692 0.353846
v -0.530769 -3.007692 0.530769
v -2.123077 0.106154 0.884615
v -2.031145 0.053077 0.884615
v -2.031145 -0.406923 0.884615
v -2.123077 -0.460000 0.884615
v -2.215009 -0.406923 0.884615
v -2.215009 -0.300769 0.884615
v -0.884615 -2.653846 0.353846
v -2.123077 -0.247692 0.884615
v -2.031145 -0.300769 0.884615
v -2.031145 -0.760769 0.884615
v 0.530769 -3.361539 0.353846
v 0.530769 -3.007692 0.353846
v -2.123077 -0.813846 0.884615
v 0.884615 -3.361539 0.353846
v 0.884615 -3.007692 0.353846
v -2.215009 -0.760769 0.884615
v -2.215009 -0.654615 0.884615
v 0.884615 -3.361539 0.530769
v 0.884615 -3.007692 0.530769
v -2.123077 -0.601539 0.884615
v 0.530769 -3.361539 0.530769
v -2.031145 -0.654615 0.884615
v -2.031145 -1.114615 0.884615
v -2.123077 -1.167692 0.884615
v -2.215009 -1.114615 0.884615
v 0.884615 -2.653846 0.530769
v -2.215009 -1.008461 0.884615
v -2.123077 -0.955385 0.884615
v 0.530769 -2.653846 0.530769
v 0.530769 -3.007692 0.530769
v -2.031145 -1.008461 0.884615
v -2.031145 -1.468462 0.884615
v 0.530769 -2.653846 0.353846
v -2.070000 -1.507317 0.884615
v 0.884615 -2.653846 0.353846
v -2.176154 -1.507317 0.884615
v -2.215009 -1.468462 0.884615
v -2.215009 -1.362308 0.884615
v -2.123077 -1.309231 0.884615
v -2.031145 -1.362308 0.884615
v 1.716154 1.677299 0.884615
v 1.822308 1.677299 0.884615
v 1.861163 1.716154 0.884615
v 2.215009 -1.362308 0.884615
v 2.123077 -1.309231 0.884615
v 2.031145 -1.362308 0.884615
v 2.031145 -1.468462 0.884615
v 2.070000 -1.507317 0.884615
v 2.176154 -1.507317 0.884615
v 2.215009 -1.468462 0.884615
v 2.215009 -1.008461 0.884615
v 2.123077 -0.955385 0.884615
v 2.031145 -1.008461 0.884615
v 2.031145 -1.114615 0.884615
v 2.123077 -1.167692 0.884615
v 2.215009 -1.114615 0.884615
v 2.215009 -0.654615 0.884615
v 2.123077 -0.601539 0.884615
v 2.031145 -0.654615 0.884615
v 2.031145 -0.760769 0.884615
v 2.123077 -0.813846 0.884615
v 2.215009 -0.760769 0.884615
v 2.215009 -0.300769 0.884615
v 2.123077 -0.247692 0.884615
v 2.031145 -0.300769 0.884615
v 2.031145 -0.406923 0.884615
v 2.123077 -0.460000 0.884615
v 2.215009 -0.406923 0.884615
v 2.215009 0.053077 0.884615
v 2.123077 0.106154 0.884615
v 2.031145 0.053077 0.884615
v 2.031145 -0.053077 0.884615
v 2.123077 -0.106154 0.884615
v 2.215009 -0.053077 0.884615
v 2.215009 0.406923 0.884615
v 2.123077 0.460000 0.884615
v 2.031145 0.406923 0.884615
v 2.031145 0.300769 0.884615
v 2.123077 0.247692 0.884615
v 2.215009 0.300769 0.884615
v 2.215009 0.760769 0.884615
v 2.123077 0.813846 0.884615
v 2.031145 0.760769 0.884615
v 2.031145 0.654615 0.884615
v 2.123077 0.601538 0.884615
v 2.215009 0.654615 0.884615
v 2.215009 1.114615 0.884615
v 2.123077 1.167692 0.884615
v 2.031145 1.114615 0.884615
v 2.031145 1.008461 0.884615
v 2.123077 0.955385 0.884615
v 2.215009 1.008461 0.884615
v 2.215009 1.468462 0.884615
v 2.176154 1.507317 0.884615
v 2.070000 1.507317 0.884615
v 2.031145 1.468462 0.884615
v 2.031145 1.362308 0.884615
v 2.123077 1.309231 0.884615
v 2.215009 1.362308 0.884615
v 1.693161 1.725312 0.948308
v 1.677299 1.716154 0.930615
v 1.667656 1.752141 0.930615
v 1.681393 1.769231 0.948308
v 1.667656 1.786320 0.930615
v -2.282308 -1.592308 0.176923
v -2.300000 -1.574615 0.176923
v 1.667656 1.752141 0.884615
v 1.667656 1.786320 0.884615
v 1.693161 1.813149 0.948308
v 1.677299 1.822308 0.930615
v -2.282308 -1.592308 0.353846
v -2.300000 -1.574615 0.353846
v 1.725312 1.845300 0.948308
v 1.716154 1.861163 0.930615
v 1.752141 1.870806 0.930615
v 1.769231 1.857068 0.948308
v 1.786320 1.870806 0.930615
v 1.752141 1.870806 0.884615
v 1.786320 1.870806 0.884615
v 1.813149 1.845300 0.948308
v 1.822308 1.861163 0.930615
v -2.282308 -1.592308 0.530769
v -2.300000 -1.574615 0.530769
v 1.845300 1.813149 0.948308
v 1.861163 1.822308 0.930615
v 1.870806 1.752141 0.930615
v 1.870806 1.786320 0.930615
v 1.857068 1.769231 0.948308
v 1.870806 1.786320 0.884615
v 1.870806 1.752141 0.884615
v 1.845300 1.371466 0.948308
v 1.861163 1.362308 0.930615
v -2.282308 -1.592308 0.707692
v -2.300000 -1.574615 0.707692
v -2.282308 -1.574615 0.884615
v -2.300000 -1.574615 0.866923
v -2.282308 -1.592308 0.866923
v -2.282308 -1.238462 0.884615
v -2.300000 -1.238462 0.866923
v 1.834818 1.335963 0.930615
v 1.813149 1.339315 0.948308
v 1.805218 1.318874 0.930615
v 1.834818 1.335963 0.884615
v 1.805218 1.318874 0.884615
v -1.963846 -1.592308 0.707692
v -1.946154 -1.610000 0.707692
v -1.946154 -1.592308 0.725385
v 1.769231 1.327547 0.948308
v 1.769231 1.309231 0.930615
v 1.733243 1.318874 0.930615
v 1.725312 1.339315 0.948308
v 1.703643 1.335963 0.930615
v 1.733243 1.318874 0.884615
v 1.703643 1.335963 0.884615
v -1.946154 -1.574615 0.884615
v -1.946154 -1.592308 0.866923
v 1.693161 1.371466 0.948308
v 1.677299 1.362308 0.930615
v 1.667656 1.398295 0.930615
v 1.681393 1.415385 0.948308
v 1.667656 1.432474 0.930615
v 1.667656 1.398295 0.884615
v 1.667656 1.432474 0.884615
v 1.693161 1.459303 0.948308
v 1.677299 1.468462 0.930615
v 1.725312 1.491454 0.948308
v 1.716154 1.507317 0.930615
v 1.752141 1.516959 0.930615
v 1.769231 1.503222 0.948308
v 1.786320 1.516959 0.930615
v 1.752141 1.516959 0.884615
v 1.786320 1.516959 0.884615
v 1.813149 1.491454 0.948308
v 1.822308 1.507317 0.930615
v 1.845300 1.459303 0.948308
v 1.861163 1.468462 0.930615
v 1.870806 1.398295 0.930615
v 1.870806 1.432474 0.930615
v 1.857068 1.415385 0.948308
v -2.282308 -0.884615 0.884615
v -2.300000 -0.884615 0.866923
v 1.870806 1.432474 0.884615
v 1.870806 1.398295 0.884615
v 1.845300 -1.459303 0.948308
v 1.861163 -1.468462 0.930615
v 1.813149 -1.491454 0.948308
v 1.822308 -1.507317 0.930615
v 1.786320 -1.516959 0.930615
v 1.769231 -1.503222 0.948308
v 1.752141 -1.516959 0.930615
v 1.786320 -1.516959 0.884615
v 1.752141 -1.516959 0.884615
v 1.725312 -1.491454 0.948308
v 1.716154 -1.507317 0.930615
v 1.693161 -1.459303 0.948308
v 1.677299 -1.468462 0.930615
v 1.667656 -1.432474 0.930615
v 1.681393 -1.415385 0.948308
v 1.667656 -1.398295 0.930615
v 1.667656 -1.432474 0.884615
v 1.667656 -1.398295 0.884615
v 1.693161 -1.371466 0.948308
v 1.677299 -1.362308 0.930615
v 1.703643 -1.335963 0.930615
v 1.725312 -1.339315 0.948308
v 1.733243 -1.318874 0.930615
v 1.703643 -1.335963 0.884615
v 1.733243 -1.318874 0.884615
v 1.769231 -1.327547 0.948308
v 1.769231 -1.309231 0.930615
v 1.805218 -1.318874 0.930615
v 1.813149 -1.339315 0.948308
v 1.834818 -1.335963 0.930615
v 1.805218 -1.318874 0.884615
v 1.834818 -1.335963 0.884615
v 1.845300 -1.371466 0.948308
v 1.861163 -1.362308 0.930615
v 1.870806 -1.432474 0.930615
v 1.870806 -1.398295 0.930615
v 1.857068 -1.415385 0.948308
v 1.870806 -1.398295 0.884615
v 1.870806 -1.432474 0.884615
v 1.845300 -1.813149 0.948308
v 1.861163 -1.822308 0.930615
v -2.282308 -0.530769 0.884615
v -2.300000 -0.530769 0.866923
v 1.813149 -1.845300 0.948308
v 1.822308 -1.861163 0.930615
v 1.786320 -1.870806 0.930615
v 1.769231 -1.857068 0.948308
v 1.752141 -1.870806 0.930615
v 1.786320 -1.870806 0.884615
v 1.752141 -1.870806 0.884615
v 1.725312 -1.845300 0.948308
v 1.716154 -1.861163 0.930615
v 1.693161 -1.813149 0.948308
v 1.677299 -1.822308 0.930615
v 1.667656 -1.786320 0.930615
v 1.681393 -1.769231 0.948308
v 1.667656 -1.752141 0.930615
v 1.667656 -1.786320 0.884615
v 1.667656 -1.752141 0.884615
v -2.282308 -0.176923 0.884615
v -2.300000 -0.176923 0.866923
v 1.693161 -1.725312 0.948308
v 1.677299 -1.716154 0.930615
v 1.725312 -1.693161 0.948308
v 1.716154 -1.677299 0.930615
v 1.752141 -1.667656 0.930615
v 1.769231 -1.681393 0.948308
v 1.786320 -1.667656 0.930615
v 1.752141 -1.667656 0.884615
v 1.786320 -1.667656 0.884615
v 1.813149 -1.693161 0.948308
v 1.822308 -1.677299 0.930615
v 1.845300 -1.725312 0.948308
v 1.861163 -1.716154 0.930615
v 1.870806 -1.786320 0.930615
v 1.870806 -1.752141 0.930615
v 1.857068 -1.769231 0.948308
v 1.870806 -1.752141 0.884615
v 1.870806 -1.786320 0.884615
v 1.491454 2.079158 0.948308
v 1.507317 2.070000 0.930616
v 1.459303 2.047008 0.948308
v 1.468462 2.031145 0.930615
v -2.282308 0.176923 0.884615
v -2.300000 0.176923 0.866923
v 1.432474 2.021502 0.930615
v 1.415385 2.035239 0.948308
v 1.398295 2.021502 0.930615
v 1.432474 2.021502 0.884615
v 1.398295 2.021502 0.884615
v 1.371466 2.047008 0.948308
v 1.362308 2.031145 0.930615
v -2.282308 0.530769 0.884615
v -2.300000 0.530769 0.866923
v 1.335963 2.057490 0.930616
v 1.339315 2.079158 0.948308
v 1.318874 2.087090 0.930616
v 1.335963 2.057490 0.884616
v 1.318874 2.087090 0.884616
v 1.327547 2.123077 0.948308
v 1.309231 2.123077 0.930616
v 1.318874 2.159065 0.930616
v 1.339315 2.166996 0.948308
v 1.335963 2.188664 0.930616
v 1.318874 2.159065 0.884616
v 1.335963 2.188664 0.884616
v 1.371466 2.199146 0.948308
v 1.362308 2.215009 0.930616
v 1.398295 2.224652 0.930616
v 1.415385 2.210914 0.948308
v 1.432474 2.224652 0.930616
v 1.398295 2.224652 0.884616
v 1.432474 2.224652 0.884616
v 1.459303 2.199146 0.948308
v 1.468462 2.215009 0.930616
v 1.491454 2.166996 0.948308
v 1.507317 2.176154 0.930616
v 1.516959 2.105988 0.930616
v 1.516959 2.140167 0.930616
v 1.503222 2.123077 0.948308
v 1.516959 2.140167 0.884616
v 1.516959 2.105988 0.884616
v 1.491454 1.725312 0.948308
v 1.507317 1.716154 0.930615
v 1.459303 1.693161 0.948308
v 1.468462 1.677299 0.930615
v 1.432474 1.667656 0.930615
v 1.415385 1.681393 0.948308
v 1.398295 1.667656 0.930615
v 1.432474 1.667656 0.884615
v 1.398295 1.667656 0.884615
v 1.371466 1.693161 0.948308
v 1.362308 1.677299 0.930615
v -2.300000 0.884615 0.866923
v -2.282308 0.884615 0.884615
v -2.282308 1.238462 0.884615
v -2.300000 1.238462 0.866923
v 1.335963 1.703643 0.930615
v 1.339315 1.725312 0.948308
v 1.318874 1.733243 0.930615
v 1.335963 1.703643 0.884615
v 1.318874 1.733243 0.884615
v 1.327547 1.769231 0.948308
v 1.309231 1.769231 0.930615
v 1.318874 1.805218 0.930615
v 1.339315 1.813149 0.948308
v 1.335963 1.834818 0.930615
v 1.318874 1.805218 0.884615
v 1.335963 1.834818 0.884615
v 1.371466 1.845300 0.948308
v 1.362308 1.861163 0.930615
v -2.300000 1.574615 0.176923
v -2.282308 1.592308 0.176923
v -2.300000 1.574615 0.353846
v -2.282308 1.592308 0.353846
v 1.398295 1.870806 0.930615
v 1.415385 1.857068 0.948308
v 1.432474 1.870806 0.930615
v 1.398295 1.870806 0.884615
v 1.432474 1.870806 0.884615
v 1.459303 1.845300 0.948308
v 1.468462 1.861163 0.930615
v 1.491454 1.813149 0.948308
v 1.507317 1.822308 0.930615
v 1.503222 1.769231 0.948308
v 1.516959 1.752141 0.930615
v 1.516959 1.786320 0.930615
v 1.516959 1.786320 0.884615
v 1.516959 1.752141 0.884615
v 1.158049 2.087090 0.930616
v 1.137608 2.079158 0.948308
v 1.140960 2.057490 0.930616
v -2.300000 1.574615 0.707692
v -2.282308 1.592308 0.707692
v 1.158049 2.087090 0.884616
v 1.140960 2.057490 0.884616
v 1.105457 2.047008 0.948308
v 1.114615 2.031145 0.930615
v -2.300000 1.574615 0.530769
v -2.282308 1.592308 0.530769
v 1.078628 2.021502 0.930615
v 1.061538 2.035239 0.948308
v 1.044449 2.021502 0.930615
v -1.963846 1.592308 0.530769
v -1.946154 1.610000 0.530769
v 1.078628 2.021502 0.884615
v 1.044449 2.021502 0.884615
v 1.017620 2.047008 0.948308
v 1.008461 2.031145 0.930615
v 0.982117 2.057490 0.930616
v 0.985469 2.079158 0.948308
v 0.965028 2.087090 0.930616
v 0.982117 2.057490 0.884616
v 0.965028 2.087090 0.884616
v 0.973701 2.123077 0.948308
v 0.955385 2.123077 0.930616
v 0.965028 2.159065 0.930616
v 0.985469 2.166996 0.948308
v 0.982117 2.188664 0.930616
v 0.965028 2.159065 0.884616
v 0.982117 2.188664 0.884616
v -1.963846 1.592308 0.866923
v -1.928462 1.574615 0.884615
v -1.946154 1.610000 0.866923
v -2.282308 1.592308 0.866923
v -2.300000 1.574615 0.866923
v -2.282308 1.574615 0.884615
v -1.928462 -1.946154 0.353846
v -1.946154 -1.928462 0.353846
v 1.017620 2.199146 0.948308
v 1.008461 2.215009 0.930616
v -1.946154 -1.610000 0.176923
v -1.963846 -1.592308 0.176923
v -1.592308 -1.963846 0.176923
v -1.610000 -1.946154 0.176923
v 1.044449 2.224652 0.930616
v 1.061538 2.210914 0.948308
v 1.078628 2.224652 0.930616
v 1.044449 2.224652 0.884616
v 1.078628 2.224652 0.884616
v -1.928462 -1.946154 0.176923
v -1.946154 -1.928462 0.176923
v 1.105457 2.199146 0.948308
v 1.114615 2.215009 0.930616
v -1.946154 -1.610000 0.530769
v -1.963846 -1.592308 0.530769
v -1.963846 -1.592308 0.353846
v -1.946154 -1.610000 0.353846
v 1.140960 2.188664 0.930616
v 1.137608 2.166996 0.948308
v 1.158049 2.159065 0.930616
v 1.140960 2.188664 0.884616
v 1.158049 2.159065 0.884616
v 1.167692 2.123077 0.930616
v 1.149376 2.123077 0.948308
v -1.946154 -1.928462 0.707692
v -1.928462 -1.946154 0.707692
v 1.158049 -2.159065 0.930615
v 1.137608 -2.166996 0.948308
v 1.140960 -2.188664 0.930615
v 1.158049 -2.159065 0.884615
v 1.140960 -2.188664 0.884615
v 1.105457 -2.199146 0.948308
v 1.114615 -2.215009 0.930615
v -1.592308 -1.963846 0.530769
v -1.610000 -1.946154 0.530769
v 1.078628 -2.224652 0.930615
v 1.061538 -2.210914 0.948308
v 1.044449 -2.224652 0.930615
v -1.928462 -1.946154 0.530769
v -1.946154 -1.928462 0.530769
v 1.078628 -2.224652 0.884615
v 1.044449 -2.224652 0.884615
v 1.017620 -2.199146 0.948308
v 1.008461 -2.215009 0.930615
v 0.982117 -2.188664 0.930615
v 0.985469 -2.166996 0.948308
v 0.965028 -2.159065 0.930615
v -1.946154 1.928462 0.176923
v -1.928462 1.946154 0.176923
v -1.963846 1.592308 0.176923
v -1.946154 1.610000 0.176923
v 0.982117 -2.188664 0.884615
v 0.965028 -2.159065 0.884615
v 0.973701 -2.123077 0.948308
v 0.955385 -2.123077 0.930615
v 0.965028 -2.087090 0.930615
v 0.985469 -2.079158 0.948308
v 0.982117 -2.057490 0.930615
v 0.965028 -2.087090 0.884615
v 0.982117 -2.057490 0.884615
v -1.946154 1.928462 0.530769
v -1.928462 1.946154 0.530769
v -1.928462 1.946154 0.353846
v -1.946154 1.928462 0.353846
v -1.963846 1.592308 0.353846
v -1.946154 1.610000 0.353846
v 1.017620 -2.047008 0.948308
v 1.008461 -2.031145 0.930615
v -1.610000 1.946154 0.530769
v -1.592308 1.963846 0.530769
v 1.044449 -2.021502 0.930615
v 1.061538 -2.035239 0.948308
v 1.078628 -2.021502 0.930615
v -1.963846 1.592308 0.707692
v -1.946154 1.610000 0.707692
v 1.044449 -2.021502 0.884615
v 1.078628 -2.021502 0.884615
v 1.105457 -2.047008 0.948308
v 1.114615 -2.031145 0.930615
v 1.140960 -2.057490 0.930615
v 1.137608 -2.079158 0.948308
v 1.158049 -2.087090 0.930615
v -1.946154 1.928462 0.707692
v -1.928462 1.946154 0.707692
v 1.140960 -2.057490 0.884615
v 1.158049 -2.087090 0.884615
v 1.167692 -2.123077 0.930615
v 1.149376 -2.123077 0.948308
v 0.804203 2.087090 0.930616
v 0.783762 2.079158 0.948308
v 0.787114 2.057490 0.930616
v 0.804203 2.087090 0.884616
v 0.787114 2.057490 0.884616
v 0.751611 2.047008 0.948308
v 0.760769 2.031145 0.930615
v 0.724782 2.021502 0.930615
v 0.707692 2.035239 0.948308
v 0.690603 2.021502 0.930615
v 0.724782 2.021502 0.884615
v 0.690603 2.021502 0.884615
v -1.610000 1.946154 0.707692
v -1.592308 1.963846 0.707692
v 0.663774 2.047008 0.948308
v 0.654615 2.031145 0.930615
v -1.574615 1.928462 0.884615
v -1.592308 1.963846 0.866923
v -1.610000 1.946154 0.866923
v -1.928462 1.946154 0.866923
v -1.946154 1.928462 0.866923
v -1.928462 1.928462 0.884615
v 0.628271 2.057490 0.930616
v 0.631623 2.079158 0.948308
v 0.611181 2.087090 0.930616
v -1.592308 -1.963846 0.353846
v -1.610000 -1.946154 0.353846
v 0.628271 2.057490 0.884616
v 0.611181 2.087090 0.884616
v 0.619855 2.123077 0.948308
v 0.601538 2.123077 0.930616
v 0.611181 2.159065 0.930616
v 0.631623 2.166996 0.948308
v 0.628271 2.188664 0.930616
v 0.611181 2.159065 0.884616
v 0.628271 2.188664 0.884616
v -1.574615 -2.300000 0.176923
v -1.592308 -2.282308 0.176923
v -1.574615 -2.300000 0.530769
v -1.592308 -2.282308 0.530769
v 0.663774 2.199146 0.948308
v 0.654615 2.215009 0.930616
v -1.592308 -2.282308 0.353846
v -1.574615 -2.300000 0.353846
v 0.690603 2.224652 0.930616
v 0.707692 2.210914 0.948308
v 0.724782 2.224652 0.930616
v 0.690603 2.224652 0.884616
v 0.724782 2.224652 0.884616
v 0.751611 2.199146 0.948308
v 0.760769 2.215009 0.930616
v -1.574615 -2.300000 0.707692
v -1.592308 -2.282308 0.707692
v 0.787114 2.188664 0.930616
v 0.783762 2.166996 0.948308
v 0.804203 2.159065 0.930616
v 0.787114 2.188664 0.884616
v 0.804203 2.159065 0.884616
v 0.813846 2.123077 0.930616
v 0.795530 2.123077 0.948308
v 0.804203 -2.159065 0.930615
v 0.783762 -2.166996 0.948308
v 0.787114 -2.188664 0.930615
v 0.804203 -2.159065 0.884615
v 0.787114 -2.188664 0.884615
v 0.751611 -2.199146 0.948308
v 0.760769 -2.215009 0.930615
v -1.574615 -2.282308 0.884615
v -1.592308 -2.282308 0.866923
v -1.574615 -2.300000 0.866923
v -1.592308 -1.946154 0.866923
v -1.574615 -1.946154 0.884615
v -1.592308 -1.928462 0.884615
v -1.610000 -1.946154 0.707692
v -1.592308 -1.963846 0.707692
v -1.592308 -1.946154 0.725385
v -1.238462 -2.282308 0.884615
v -1.238462 -2.300000 0.866923
v 0.724782 -2.224652 0.930615
v 0.707692 -2.210914 0.948308
v 0.690603 -2.224652 0.930615
v 0.724782 -2.224652 0.884615
v 0.690603 -2.224652 0.884615
v 0.663774 -2.199146 0.948308
v 0.654615 -2.215009 0.930615
v 0.628271 -2.188664 0.930615
v 0.631623 -2.166996 0.948308
v 0.611181 -2.159065 0.930615
v 0.628271 -2.188664 0.884615
v 0.611181 -2.159065 0.884615
v 0.619855 -2.123077 0.948308
v 0.601538 -2.123077 0.930615
v 0.611181 -2.087090 0.930615
v 0.631623 -2.079158 0.948308
v 0.628271 -2.057490 0.930615
v 0.611181 -2.087090 0.884615
v 0.628271 -2.057490 0.884615
v 0.663774 -2.047008 0.948308
v 0.654615 -2.031145 0.930615
v 0.690603 -2.021502 0.930615
v 0.707692 -2.035239 0.948308
v 0.724782 -2.021502 0.930615
v -1.610000 1.946154 0.176923
v -1.592308 1.963846 0.176923
v -1.592308 2.282308 0.176923
v -1.574615 2.300000 0.176923
v -1.592308 2.282308 0.353846
v -1.574615 2.300000 0.353846
v 0.690603 -2.021502 0.884615
v 0.724782 -2.021502 0.884615
v 0.751611 -2.047008 0.948308
v 0.760769 -2.031145 0.930615
v 0.787114 -2.057490 0.930615
v 0.783762 -2.079158 0.948308
v 0.804203 -2.087090 0.930615
v -1.610000 1.946154 0.353846
v -1.592308 1.963846 0.353846
v 0.787114 -2.057490 0.884615
v 0.804203 -2.087090 0.884615
v 0.813846 -2.123077 0.930615
v 0.795530 -2.123077 0.948308
v 0.804203 -2.512911 0.753692
v 0.783762 -2.520842 0.771385
v 0.787114 -2.542511 0.753692
v 0.804203 -2.512911 0.707692
v 0.787114 -2.542511 0.707692
v -1.592308 2.282308 0.707692
v -1.574615 2.300000 0.707692
v -1.574615 2.300000 0.530769
v -1.592308 2.282308 0.530769
v 0.751611 -2.552993 0.771385
v 0.760769 -2.568855 0.753692
v 0.724782 -2.578498 0.753692
v 0.707692 -2.564760 0.771385
v 0.690603 -2.578498 0.753692
v 0.724782 -2.578498 0.707692
v 0.690603 -2.578498 0.707692
v -1.574615 2.282308 0.884616
v -1.574615 2.300000 0.866923
v -1.592308 2.282308 0.866923
v 0.663774 -2.552993 0.771385
v 0.654615 -2.568855 0.753692
v 0.628271 -2.542510 0.753692
v 0.631623 -2.520842 0.771385
v 0.611181 -2.512911 0.753692
v 0.628271 -2.542510 0.707692
v 0.611181 -2.512911 0.707692
v 0.619855 -2.476923 0.771385
v 0.601538 -2.476923 0.753692
v 0.611181 -2.440936 0.753692
v 0.631623 -2.433005 0.771385
v 0.628271 -2.411336 0.753692
v 0.611181 -2.440936 0.707692
v 0.628271 -2.411336 0.707692
v -1.238462 2.282308 0.884616
v -1.238462 2.300000 0.866923
v 0.663774 -2.400854 0.771385
v 0.654615 -2.384991 0.753692
v 0.690603 -2.375348 0.753692
v 0.707692 -2.389086 0.771385
v 0.724782 -2.375348 0.753692
v 0.690603 -2.375348 0.707692
v 0.724782 -2.375348 0.707692
v 0.751611 -2.400854 0.771385
v 0.760769 -2.384991 0.753692
v -0.884615 -2.317693 0.530769
v -0.902308 -2.300000 0.530769
v 0.787114 -2.411336 0.753692
v 0.783762 -2.433005 0.771385
v 0.804203 -2.440936 0.753692
v 0.787114 -2.411336 0.707692
v 0.804203 -2.440936 0.707692
v 0.813846 -2.476923 0.753692
v 0.795530 -2.476923 0.771385
v 0.783762 -2.874688 0.771385
v 0.799624 -2.883846 0.753692
v 0.773280 -2.910191 0.753692
v 0.751611 -2.906839 0.771385
v 0.743680 -2.927280 0.753692
v 0.773280 -2.910191 0.707692
v 0.743680 -2.927280 0.707692
v 0.724782 -2.932344 0.753692
v 0.707692 -2.918607 0.771385
v 0.690603 -2.932344 0.753692
v 0.724782 -2.932344 0.707692
v 0.690603 -2.932344 0.707692
v 0.663774 -2.906839 0.771385
v 0.654615 -2.922701 0.753692
v 0.631623 -2.874688 0.771385
v 0.615760 -2.883846 0.753692
v 0.606118 -2.847859 0.753692
v 0.619855 -2.830769 0.771385
v 0.606118 -2.813680 0.753692
v 0.606118 -2.847859 0.707692
v 0.606118 -2.813680 0.707692
v 0.611181 -2.794782 0.753692
v 0.631623 -2.786851 0.771385
v 0.628271 -2.765182 0.753692
v 0.611181 -2.794782 0.707692
v 0.628271 -2.765182 0.707692
v 0.663774 -2.754700 0.771385
v 0.654615 -2.738837 0.753692
v -0.548462 -2.317693 0.707692
v -0.530769 -2.317693 0.690000
v -0.513077 -2.300000 0.725384
v 0.690603 -2.729194 0.753692
v 0.707692 -2.742932 0.771385
v 0.724782 -2.729194 0.753692
v 0.690603 -2.729194 0.707692
v 0.724782 -2.729194 0.707692
v 0.751611 -2.754700 0.771385
v 0.760769 -2.738837 0.753692
v -0.884615 -2.300000 0.866923
v -0.884615 -2.282308 0.884615
v -0.530769 -2.300000 0.866923
v -0.530769 -2.282308 0.884615
v 0.787114 -2.765182 0.753692
v 0.783762 -2.786851 0.771385
v 0.804203 -2.794782 0.753692
v 0.787114 -2.765182 0.707692
v 0.804203 -2.794782 0.707692
v 0.809267 -2.847859 0.753692
v 0.809267 -2.813680 0.753692
v 0.795530 -2.830769 0.771385
v 0.809267 -2.813680 0.707692
v 0.809267 -2.847859 0.707692
v 0.783762 -3.228534 0.771385
v 0.799624 -3.237692 0.753692
v 0.773280 -3.264037 0.753692
v 0.751611 -3.260685 0.771385
v 0.743680 -3.281127 0.753692
v 0.773280 -3.264037 0.707692
v 0.743680 -3.281127 0.707692
v 0.724782 -3.286190 0.753692
v 0.707692 -3.272453 0.771385
v 0.690603 -3.286190 0.753692
v 0.724782 -3.286190 0.707692
v 0.690603 -3.286190 0.707692
v -0.513077 -0.530769 0.707692
v -0.530769 -0.513077 0.707692
v -0.513077 -0.530769 0.884615
v -0.530769 -0.513077 0.884615
v 0.663774 -3.260685 0.771385
v 0.654615 -3.276547 0.753692
v 0.631623 -3.228534 0.771385
v 0.615760 -3.237692 0.753692
v 0.606118 -3.201705 0.753692
v 0.619855 -3.184615 0.771385
v 0.606118 -3.167526 0.753692
v 0.606118 -3.201705 0.707692
v 0.606118 -3.167526 0.707692
v 0.631623 -3.140697 0.771385
v 0.615760 -3.131539 0.753692
v 0.663774 -3.108546 0.771385
v 0.654615 -3.092684 0.753692
v 0.690603 -3.083041 0.753692
v 0.707692 -3.096778 0.771385
v 0.724782 -3.083041 0.753692
v 0.690603 -3.083041 0.707692
v 0.724782 -3.083041 0.707692
v -0.513077 0.530769 0.176923
v -0.530769 0.513077 0.176923
v 0.743680 -3.088104 0.753692
v 0.751611 -3.108546 0.771385
v 0.773280 -3.105194 0.753692
v 0.743680 -3.088104 0.707692
v 0.773280 -3.105194 0.707692
v 0.783762 -3.140697 0.771385
v 0.799624 -3.131539 0.753692
v 0.809267 -3.201705 0.753692
v 0.809267 -3.167526 0.753692
v 0.795530 -3.184615 0.771385
v 0.809267 -3.167526 0.707692
v 0.809267 -3.201705 0.707692
v 0.450357 2.087090 0.930616
v 0.429916 2.079158 0.948308
v 0.433268 2.057490 0.930616
v 0.450357 2.087090 0.884616
v 0.433268 2.057490 0.884616
v -0.513077 0.530769 0.707692
v -0.530769 0.513077 0.707692
v 0.397765 2.047008 0.948308
v 0.406923 2.031145 0.930615
v -0.530769 0.513077 0.884615
v -0.513077 0.530769 0.884615
v 0.370936 2.021502 0.930615
v 0.353846 2.035239 0.948308
v 0.336757 2.021502 0.930615
v 0.370936 2.021502 0.884615
v 0.336757 2.021502 0.884615
v 0.309927 2.047008 0.948308
v 0.300769 2.031145 0.930615
v 0.274425 2.057490 0.930616
v 0.277777 2.079158 0.948308
v 0.257335 2.087090 0.930616
v 0.274425 2.057490 0.884616
v 0.257335 2.087090 0.884616
v 0.266009 2.123077 0.948308
v 0.247692 2.123077 0.930616
v -0.530769 2.282308 0.884616
v -0.530769 2.300000 0.866923
v 0.257335 2.159065 0.930616
v 0.277777 2.166996 0.948308
v 0.274425 2.188664 0.930616
v 0.257335 2.159065 0.884616
v 0.274425 2.188664 0.884616
v 0.309927 2.199146 0.948308
v 0.300769 2.215009 0.930616
v -0.884615 2.282308 0.884616
v -0.884615 2.300000 0.866923
v 0.336757 2.224652 0.930616
v 0.353846 2.210914 0.948308
v 0.370936 2.224652 0.930616
v 0.336757 2.224652 0.884616
v 0.370936 2.224652 0.884616
v 0.397765 2.199146 0.948308
v 0.406923 2.215009 0.930616
v 0.433268 2.188664 0.930616
v 0.429916 2.166996 0.948308
v 0.450357 2.159065 0.930616
v 0.433268 2.188664 0.884616
v 0.450357 2.159065 0.884616
v -0.513077 -2.300000 0.353846
v -0.530769 -2.317693 0.353846
v 0.460000 2.123077 0.930616
v 0.441684 2.123077 0.948308
v 0.450357 -2.159065 0.930615
v 0.429916 -2.166996 0.948308
v 0.433268 -2.188664 0.930615
v 0.450357 -2.159065 0.884615
v 0.433268 -2.188664 0.884615
v 0.397765 -2.199146 0.948308
v 0.406923 -2.215009 0.930615
v 0.370936 -2.224652 0.930615
v 0.353846 -2.210914 0.948308
v 0.336757 -2.224652 0.930615
v -0.176923 -2.282308 0.884615
v -0.176923 -2.300000 0.866923
v 0.370936 -2.224652 0.884615
v 0.336757 -2.224652 0.884615
v -0.530769 -0.513077 0.176923
v -0.513077 -0.530769 0.176923
v 0.309927 -2.199146 0.948308
v 0.300769 -2.215009 0.930615
v -0.530769 -0.513077 0.353846
v -0.513077 -0.530769 0.353846
v 0.274425 -2.188664 0.930615
v 0.277777 -2.166996 0.948308
v 0.257335 -2.159065 0.930615
v 0.274425 -2.188664 0.884615
v 0.257335 -2.159065 0.884615
v -0.530769 -0.513077 0.530769
v -0.513077 -0.530769 0.530769
v 0.266009 -2.123077 0.948308
v 0.247692 -2.123077 0.930615
v 0.257335 -2.087090 0.930615
v 0.277777 -2.079158 0.948308
v 0.274425 -2.057490 0.930615
v 0.257335 -2.087090 0.884615
v 0.274425 -2.057490 0.884615
v 0.309927 -2.047008 0.948308
v 0.300769 -2.031145 0.930615
v 0.336757 -2.021502 0.930615
v 0.353846 -2.035239 0.948308
v 0.370936 -2.021502 0.930615
v 0.336757 -2.021502 0.884615
v 0.370936 -2.021502 0.884615
v 0.397765 -2.047008 0.948308
v 0.406923 -2.031145 0.930615
v 0.433268 -2.057490 0.930615
v 0.429916 -2.079158 0.948308
v 0.450357 -2.087090 0.930615
v -0.513077 0.530769 0.530769
v -0.530769 0.513077 0.530769
v -0.530769 0.513077 0.353846
v -0.513077 0.530769 0.353846
v 0.433268 -2.057490 0.884615
v 0.450357 -2.087090 0.884615
v 0.460000 -2.123077 0.930615
v 0.441684 -2.123077 0.948308
v 0.096511 2.087090 0.930616
v 0.076069 2.079158 0.948308
v 0.079422 2.057490 0.930616
v 0.096511 2.087090 0.884616
v 0.079422 2.057490 0.884616
v 0.043919 2.047008 0.948308
v 0.053077 2.031145 0.930615
v 0.017089 2.021502 0.930615
v 0.000000 2.035239 0.948308
v -0.017089 2.021502 0.930615
v 0.017089 2.021502 0.884615
v -0.017089 2.021502 0.884615
v -0.043919 2.047008 0.948308
v -0.053077 2.031145 0.930615
v -0.079422 2.057490 0.930616
v -0.076069 2.079158 0.948308
v -0.096511 2.087090 0.930616
v -0.079422 2.057490 0.884616
v -0.096511 2.087090 0.884616
v -0.087837 2.123077 0.948308
v -0.106154 2.123077 0.930616
v -0.096511 2.159065 0.930616
v -0.076069 2.166996 0.948308
v -0.079422 2.188664 0.930616
v -0.096511 2.159065 0.884616
v -0.079422 2.188664 0.884616
v -0.043919 2.199146 0.948308
v -0.053077 2.215009 0.930616
v -0.017089 2.224652 0.930616
v 0.000000 2.210914 0.948308
v 0.017089 2.224652 0.930616
v -0.017089 2.224652 0.884616
v 0.017089 2.224652 0.884616
v 0.043919 2.199146 0.948308
v 0.053077 2.215009 0.930616
v -0.176923 2.282308 0.884616
v -0.176923 2.300000 0.866923
v 0.079422 2.188664 0.930616
v 0.076069 2.166996 0.948308
v 0.096511 2.159065 0.930616
v 0.079422 2.188664 0.884616
v 0.096511 2.159065 0.884616
v 0.106154 2.123077 0.930616
v 0.087837 2.123077 0.948308
v -0.257335 2.087090 0.930616
v -0.277777 2.079158 0.948308
v -0.274425 2.057490 0.930616
v -0.257335 2.087090 0.884616
v -0.274425 2.057490 0.884616
v -0.309927 2.047008 0.948308
v -0.300769 2.031145 0.930615
v -0.336757 2.021502 0.930615
v -0.353846 2.035239 0.948308
v -0.370936 2.021502 0.930615
v -0.336757 2.021502 0.884615
v -0.370936 2.021502 0.884615
v -0.397765 2.047008 0.948308
v -0.406923 2.031145 0.930615
v -0.433268 2.057490 0.930616
v -0.429916 2.079158 0.948308
v -0.450357 2.087090 0.930616
v -0.433268 2.057490 0.884616
v -0.450357 2.087090 0.884616
v -0.441684 2.123077 0.948308
v -0.460000 2.123077 0.930616
v -0.450357 2.159065 0.930616
v -0.429916 2.166996 0.948308
v -0.433268 2.188664 0.930616
v -0.450357 2.159065 0.884616
v -0.433268 2.188664 0.884616
v -0.397765 2.199146 0.948308
v -0.406923 2.215009 0.930616
v -0.370936 2.224652 0.930616
v -0.353846 2.210914 0.948308
v -0.336757 2.224652 0.930616
v -0.370936 2.224652 0.884616
v -0.336757 2.224652 0.884616
v -0.309927 2.199146 0.948308
v -0.300769 2.215009 0.930616
v -0.274425 2.188664 0.930616
v -0.277777 2.166996 0.948308
v -0.257335 2.159065 0.930616
v -0.274425 2.188664 0.884616
v -0.257335 2.159065 0.884616
v -0.247692 2.123077 0.930616
v -0.266009 2.123077 0.948308
v -0.257335 -2.159065 0.930615
v -0.277777 -2.166996 0.948308
v -0.274425 -2.188664 0.930615
v -0.257335 -2.159065 0.884615
v -0.274425 -2.188664 0.884615
v -0.309927 -2.199146 0.948308
v -0.300769 -2.215009 0.930615
v -0.336757 -2.224652 0.930615
v -0.353846 -2.210914 0.948308
v -0.370936 -2.224652 0.930615
v -0.336757 -2.224652 0.884615
v -0.370936 -2.224652 0.884615
v -0.397765 -2.199146 0.948308
v -0.406923 -2.215009 0.930615
v -0.433268 -2.188664 0.930615
v -0.429916 -2.166996 0.948308
v -0.450357 -2.159065 0.930615
v -0.433268 -2.188664 0.884615
v -0.450357 -2.159065 0.884615
v -0.441684 -2.123077 0.948308
v -0.460000 -2.123077 0.930615
v -0.450357 -2.087090 0.930615
v -0.429916 -2.079158 0.948308
v -0.433268 -2.057490 0.930615
v -0.450357 -2.087090 0.884615
v -0.433268 -2.057490 0.884615
v -0.397765 -2.047008 0.948308
v -0.406923 -2.031145 0.930615
v -0.370936 -2.021502 0.930615
v -0.353846 -2.035239 0.948308
v -0.336757 -2.021502 0.930615
v -0.370936 -2.021502 0.884615
v -0.336757 -2.021502 0.884615
v -0.309927 -2.047008 0.948308
v -0.300769 -2.031145 0.930615
v -0.274425 -2.057490 0.930615
v -0.277777 -2.079158 0.948308
v -0.257335 -2.087090 0.930615
v -0.274425 -2.057490 0.884615
v -0.257335 -2.087090 0.884615
v -0.247692 -2.123077 0.930615
v -0.266009 -2.123077 0.948308
v -0.611181 2.087090 0.930616
v -0.631623 2.079158 0.948308
v -0.628271 2.057490 0.930616
v -0.611181 2.087090 0.884616
v -0.628271 2.057490 0.884616
v 0.530769 -2.300000 0.866923
v 0.530769 -2.282308 0.884615
v 0.176923 -2.300000 0.866923
v 0.176923 -2.282308 0.884615
v -0.663774 2.047008 0.948308
v -0.654615 2.031145 0.930615
v -0.690603 2.021502 0.930615
v -0.707692 2.035239 0.948308
v -0.724782 2.021502 0.930615
v -0.690603 2.021502 0.884615
v -0.724782 2.021502 0.884615
v -0.751611 2.047008 0.948308
v -0.760769 2.031145 0.930615
v -0.787114 2.057490 0.930616
v -0.783762 2.079158 0.948308
v -0.804203 2.087090 0.930616
v -0.787114 2.057490 0.884616
v -0.804203 2.087090 0.884616
v -0.795530 2.123077 0.948308
v -0.813846 2.123077 0.930616
v -0.804203 2.159065 0.930616
v -0.783762 2.166996 0.948308
v -0.787114 2.188664 0.930616
v -0.804203 2.159065 0.884616
v -0.787114 2.188664 0.884616
v -0.751611 2.199146 0.948308
v -0.760769 2.215009 0.930616
v -0.724782 2.224652 0.930616
v -0.707692 2.210914 0.948308
v -0.690603 2.224652 0.930616
v -0.724782 2.224652 0.884616
v -0.690603 2.224652 0.884616
v -0.663774 2.199146 0.948308
v -0.654615 2.215009 0.930616
v 0.530769 -0.513077 0.884615
v 0.513077 -0.530769 0.884615
v 0.530769 0.513077 0.176923
v 0.513077 0.530769 0.176923
v 0.530769 0.513077 0.353846
v 0.513077 0.530769 0.353846
v -0.628271 2.188664 0.930616
v -0.631623 2.166996 0.948308
v -0.611181 2.159065 0.930616
v -0.628271 2.188664 0.884616
v -0.611181 2.159065 0.884616
v 0.530769 0.513077 0.530769
v 0.513077 0.530769 0.530769
v -0.601538 2.123077 0.930616
v -0.619855 2.123077 0.948308
v -0.611181 -2.159065 0.930615
v -0.631623 -2.166996 0.948308
v -0.628271 -2.188664 0.930615
v -0.611181 -2.159065 0.884615
v -0.628271 -2.188664 0.884615
v -0.663774 -2.199146 0.948308
v -0.654615 -2.215009 0.930615
v -0.690603 -2.224652 0.930615
v -0.707692 -2.210914 0.948308
v -0.724782 -2.224652 0.930615
v -0.690603 -2.224652 0.884615
v -0.724782 -2.224652 0.884615
v -0.751611 -2.199146 0.948308
v -0.760769 -2.215009 0.930615
v -0.787114 -2.188664 0.930615
v -0.783762 -2.166996 0.948308
v -0.804203 -2.159065 0.930615
v -0.787114 -2.188664 0.884615
v -0.804203 -2.159065 0.884615
v -0.795530 -2.123077 0.948308
v -0.813846 -2.123077 0.930615
v -0.804203 -2.087090 0.930615
v -0.783762 -2.079158 0.948308
v -0.787114 -2.057490 0.930615
v -0.804203 -2.087090 0.884615
v -0.787114 -2.057490 0.884615
v -0.751611 -2.047008 0.948308
v -0.760769 -2.031145 0.930615
v -0.724782 -2.021502 0.930615
v -0.707692 -2.035239 0.948308
v -0.690603 -2.021502 0.930615
v -0.724782 -2.021502 0.884615
v -0.690603 -2.021502 0.884615
v 0.530769 2.282308 0.884616
v 0.530769 2.300000 0.866923
v 0.176923 2.300000 0.866923
v 0.176923 2.282308 0.884616
v -0.663774 -2.047008 0.948308
v -0.654615 -2.031145 0.930615
v -0.628271 -2.057490 0.930615
v -0.631623 -2.079158 0.948308
v -0.611181 -2.087090 0.930615
v 0.530769 -2.317693 0.690000
v 0.548462 -2.317693 0.707692
v 0.513077 -2.300000 0.725384
v -0.628271 -2.057490 0.884615
v -0.611181 -2.087090 0.884615
v -0.601538 -2.123077 0.930615
v -0.619855 -2.123077 0.948308
v -0.611181 -2.512911 0.753692
v -0.631623 -2.520842 0.771385
v -0.628271 -2.542510 0.753692
v 0.513077 -0.530769 0.176923
v 0.530769 -0.513077 0.176923
v 0.513077 -0.530769 0.530769
v 0.530769 -0.513077 0.530769
v -0.611181 -2.512911 0.707692
v -0.628271 -2.542510 0.707692
v -0.663774 -2.552993 0.771385
v -0.654615 -2.568855 0.753692
v 0.530769 -0.513077 0.353846
v 0.513077 -0.530769 0.353846
v 0.513077 -0.530769 0.707692
v 0.530769 -0.513077 0.707692
v -0.690603 -2.578498 0.753692
v -0.707692 -2.564760 0.771385
v -0.724782 -2.578498 0.753692
v -0.690603 -2.578498 0.707692
v -0.724782 -2.578498 0.707692
v -0.751611 -2.552993 0.771385
v -0.760769 -2.568855 0.753692
v -0.787114 -2.542511 0.753692
v -0.783762 -2.520842 0.771385
v -0.804203 -2.512911 0.753692
v -0.787114 -2.542511 0.707692
v -0.804203 -2.512911 0.707692
v -0.795530 -2.476923 0.771385
v -0.813846 -2.476923 0.753692
v -0.804203 -2.440936 0.753692
v -0.783762 -2.433005 0.771385
v -0.787114 -2.411336 0.753692
v -0.804203 -2.440936 0.707692
v -0.787114 -2.411336 0.707692
v -0.751611 -2.400854 0.771385
v -0.760769 -2.384991 0.753692
v -0.724782 -2.375348 0.753692
v -0.707692 -2.389086 0.771385
v -0.690603 -2.375348 0.753692
v -0.724782 -2.375348 0.707692
v -0.690603 -2.375348 0.707692
v -0.663774 -2.400854 0.771385
v -0.654615 -2.384991 0.753692
v -0.628271 -2.411336 0.753692
v -0.631623 -2.433005 0.771385
v -0.611181 -2.440936 0.753692
v -0.628271 -2.411336 0.707692
v -0.611181 -2.440936 0.707692
v -0.601538 -2.476923 0.753692
v -0.619855 -2.476923 0.771385
v -0.631623 -2.874688 0.771385
v -0.615760 -2.883846 0.753692
v -0.663774 -2.906839 0.771385
v -0.654615 -2.922701 0.753692
v -0.690603 -2.932344 0.753692
v -0.707692 -2.918607 0.771385
v -0.724782 -2.932344 0.753692
v -0.690603 -2.932344 0.707692
v -0.724782 -2.932344 0.707692
v 0.513077 0.530769 0.884615
v 0.530769 0.513077 0.884615
v 0.513077 0.530769 0.707692
v 0.530769 0.513077 0.707692
v -0.743680 -2.927280 0.753692
v -0.751611 -2.906839 0.771385
v -0.773280 -2.910191 0.753692
v -0.743680 -2.927280 0.707692
v -0.773280 -2.910191 0.707692
v -0.783762 -2.874688 0.771385
v -0.799624 -2.883846 0.753692
v -0.809267 -2.847859 0.753692
v -0.795530 -2.830769 0.771385
v -0.809267 -2.813680 0.753692
v -0.809267 -2.847859 0.707692
v -0.809267 -2.813680 0.707692
v -0.804203 -2.794782 0.753692
v -0.783762 -2.786851 0.771385
v -0.787114 -2.765182 0.753692
v -0.804203 -2.794782 0.707692
v -0.787114 -2.765182 0.707692
v -0.751611 -2.754700 0.771385
v -0.760769 -2.738837 0.753692
v -0.724782 -2.729194 0.753692
v -0.707692 -2.742932 0.771385
v -0.690603 -2.729194 0.753692
v -0.724782 -2.729194 0.707692
v -0.690603 -2.729194 0.707692
v -0.663774 -2.754700 0.771385
v -0.654615 -2.738837 0.753692
v -0.628271 -2.765182 0.753692
v -0.631623 -2.786851 0.771385
v -0.611181 -2.794782 0.753692
v -0.628271 -2.765182 0.707692
v -0.611181 -2.794782 0.707692
v -0.606118 -2.847859 0.753692
v -0.606118 -2.813680 0.753692
v -0.619855 -2.830769 0.771385
v -0.606118 -2.813680 0.707692
v -0.606118 -2.847859 0.707692
v -0.631623 -3.228534 0.771385
v -0.615760 -3.237692 0.753692
v 0.902308 -2.300000 0.353846
v 0.884615 -2.317693 0.353846
v 0.884615 -2.317693 0.194615
v 0.884615 -2.300000 0.176923
v -0.663774 -3.260685 0.771385
v -0.654615 -3.276547 0.753692
v -0.690603 -3.286190 0.753692
v -0.707692 -3.272453 0.771385
v -0.724782 -3.286190 0.753692
v 0.902308 -2.300000 0.530769
v 0.884615 -2.317693 0.530769
v -0.690603 -3.286190 0.707692
v -0.724782 -3.286190 0.707692
v -0.743680 -3.281127 0.753692
v -0.751611 -3.260685 0.771385
v -0.773280 -3.264037 0.753692
v 0.884615 -2.300000 0.866923
v 0.884615 -2.282308 0.884615
v 0.866923 -2.317693 0.707692
v 0.884615 -2.317693 0.690000
v 0.902308 -2.300000 0.725384
v -0.743680 -3.281127 0.707692
v -0.773280 -3.264037 0.707692
v 1.238462 -2.282308 0.884615
v 1.238462 -2.300000 0.866923
v -0.783762 -3.228534 0.771385
v -0.799624 -3.237692 0.753692
v -0.809267 -3.201705 0.753692
v -0.795530 -3.184615 0.771385
v -0.809267 -3.167526 0.753692
v -0.809267 -3.201705 0.707692
v -0.809267 -3.167526 0.707692
v -0.783762 -3.140697 0.771385
v -0.799624 -3.131539 0.753692
v -0.773280 -3.105194 0.753692
v -0.751611 -3.108546 0.771385
v -0.743680 -3.088104 0.753692
v -0.773280 -3.105194 0.707692
v -0.743680 -3.088104 0.707692
v -0.724782 -3.083041 0.753692
v -0.707692 -3.096778 0.771385
v -0.690603 -3.083041 0.753692
v -0.724782 -3.083041 0.707692
v -0.690603 -3.083041 0.707692
v -0.663774 -3.108546 0.771385
v -0.654615 -3.092684 0.753692
v 1.238462 2.282308 0.884616
v 1.238462 2.300000 0.866923
v -0.631623 -3.140697 0.771385
v -0.615760 -3.131539 0.753692
v 0.884615 2.282308 0.884616
v 0.884615 2.300000 0.866923
v 1.592308 -2.282308 0.176923
v 1.574615 -2.300000 0.176923
v -0.606118 -3.201705 0.753692
v -0.606118 -3.167526 0.753692
v -0.619855 -3.184615 0.771385
v -0.606118 -3.167526 0.707692
v -0.606118 -3.201705 0.707692
v -0.965028 2.087090 0.930616
v -0.985469 2.079158 0.948308
v -0.982117 2.057490 0.930616
v -0.965028 2.087090 0.884616
v -0.982117 2.057490 0.884616
v -1.017620 2.047008 0.948308
v -1.008461 2.031145 0.930615
v -1.044449 2.021502 0.930615
v -1.061538 2.035239 0.948308
v -1.078628 2.021502 0.930615
v -1.044449 2.021502 0.884615
v -1.078628 2.021502 0.884615
v -1.105457 2.047008 0.948308
v -1.114615 2.031145 0.930615
v 1.592308 -2.282308 0.530769
v 1.574615 -2.300000 0.530769
v 1.592308 -2.282308 0.353846
v 1.574615 -2.300000 0.353846
v -1.140960 2.057490 0.930616
v -1.137608 2.079158 0.948308
v -1.158049 2.087090 0.930616
v -1.140960 2.057490 0.884616
v -1.158049 2.087090 0.884616
v -1.149376 2.123077 0.948308
v -1.167692 2.123077 0.930616
v -1.158049 2.159065 0.930616
v -1.137608 2.166996 0.948308
v -1.140960 2.188664 0.930616
v -1.158049 2.159065 0.884616
v -1.140960 2.188664 0.884616
v -1.105457 2.199146 0.948308
v -1.114615 2.215009 0.930616
v 1.574615 -2.300000 0.707692
v 1.592308 -2.282308 0.707692
v -1.078628 2.224652 0.930616
v -1.061538 2.210914 0.948308
v -1.044449 2.224652 0.930616
v -1.078628 2.224652 0.884616
v -1.044449 2.224652 0.884616
v -1.017620 2.199146 0.948308
v -1.008461 2.215009 0.930616
v 1.592308 1.963846 0.176923
v 1.610000 1.946154 0.176923
v 1.574615 2.300000 0.176923
v 1.592308 2.282308 0.176923
v -0.982117 2.188664 0.930616
v -0.985469 2.166996 0.948308
v -0.965028 2.159065 0.930616
v -0.982117 2.188664 0.884616
v -0.965028 2.159065 0.884616
v -0.955385 2.123077 0.930616
v -0.973701 2.123077 0.948308
v -1.318874 2.087090 0.930616
v -1.339315 2.079158 0.948308
v -1.335963 2.057490 0.930616
v 1.574615 2.300000 0.353846
v 1.592308 2.282308 0.353846
v -1.318874 2.087090 0.884616
v -1.335963 2.057490 0.884616
v -1.371466 2.047008 0.948308
v -1.362308 2.031145 0.930615
v -1.398295 2.021502 0.930615
v -1.415385 2.035239 0.948308
v -1.432474 2.021502 0.930615
v -1.398295 2.021502 0.884615
v -1.432474 2.021502 0.884615
v -1.459303 2.047008 0.948308
v -1.468462 2.031145 0.930615
v -1.491454 2.079158 0.948308
v -1.507317 2.070000 0.930616
v -1.516959 2.105988 0.930616
v -1.503222 2.123077 0.948308
v -1.516959 2.140167 0.930616
v -1.516959 2.105988 0.884616
v -1.516959 2.140167 0.884616
v 1.574615 2.300000 0.530769
v 1.592308 2.282308 0.530769
v -1.491454 2.166996 0.948308
v -1.507317 2.176154 0.930616
v -1.459303 2.199146 0.948308
v -1.468462 2.215009 0.930616
v -1.432474 2.224652 0.930616
v -1.415385 2.210914 0.948308
v -1.398295 2.224652 0.930616
v -1.432474 2.224652 0.884616
v -1.398295 2.224652 0.884616
v -1.371466 2.199146 0.948308
v -1.362308 2.215009 0.930616
v 1.574615 2.300000 0.707692
v 1.592308 2.282308 0.707692
v 1.592308 1.963846 0.866923
v 1.574615 1.928462 0.884615
v 1.610000 1.946154 0.866923
v 1.574615 2.282308 0.884616
v 1.592308 2.282308 0.866923
v 1.574615 2.300000 0.866923
v -1.335963 2.188664 0.930616
v -1.339315 2.166996 0.948308
v -1.318874 2.159065 0.930616
v -1.335963 2.188664 0.884616
v -1.318874 2.159065 0.884616
v 1.963846 -1.592308 0.176923
v 1.946154 -1.610000 0.176923
v -1.309231 2.123077 0.930616
v -1.327547 2.123077 0.948308
v 1.946154 -1.928462 0.176923
v 1.928462 -1.946154 0.176923
v 1.946154 -1.928462 0.353846
v 1.928462 -1.946154 0.353846
v -1.318874 1.733243 0.930615
v -1.339315 1.725312 0.948308
v -1.335963 1.703643 0.930615
v 1.610000 -1.946154 0.176923
v 1.592308 -1.963846 0.176923
v -1.318874 1.733243 0.884615
v -1.335963 1.703643 0.884615
v -1.371466 1.693161 0.948308
v -1.362308 1.677299 0.930615
v -1.398295 1.667656 0.930615
v -1.415385 1.681393 0.948308
v -1.432474 1.667656 0.930615
v -1.398295 1.667656 0.884615
v -1.432474 1.667656 0.884615
v 1.946154 -1.928462 0.530769
v 1.928462 -1.946154 0.530769
v 1.610000 -1.946154 0.530769
v 1.592308 -1.963846 0.530769
v 1.592308 -1.963846 0.353846
v 1.610000 -1.946154 0.353846
v -1.459303 1.693161 0.948308
v -1.468462 1.677299 0.930615
v 1.963846 -1.592308 0.707692
v 1.946154 -1.610000 0.707692
v 1.946154 -1.928462 0.707692
v 1.928462 -1.946154 0.707692
v -1.491454 1.725312 0.948308
v -1.507317 1.716154 0.930615
v 1.592308 -1.963846 0.707692
v 1.610000 -1.946154 0.707692
v 1.592308 -1.946154 0.725385
v -1.516959 1.752141 0.930615
v -1.503222 1.769231 0.948308
v -1.516959 1.786320 0.930615
v -1.516959 1.752141 0.884615
v -1.516959 1.786320 0.884615
v -1.491454 1.813149 0.948308
v -1.507317 1.822308 0.930615
v -1.459303 1.845300 0.948308
v -1.468462 1.861163 0.930615
v 1.928462 -1.946154 0.866923
v 1.946154 -1.928462 0.866923
v 1.928462 -1.928462 0.884615
v -1.432474 1.870806 0.930615
v -1.415385 1.857068 0.948308
v -1.398295 1.870806 0.930615
v -1.432474 1.870806 0.884615
v -1.398295 1.870806 0.884615
v 1.592308 -1.946154 0.866923
v 1.592308 -1.928462 0.884615
v -1.371466 1.845300 0.948308
v -1.362308 1.861163 0.930615
v -1.335963 1.834818 0.930615
v -1.339315 1.813149 0.948308
v -1.318874 1.805218 0.930615
v -1.335963 1.834818 0.884615
v -1.318874 1.805218 0.884615
v -1.309231 1.769231 0.930615
v -1.327547 1.769231 0.948308
v 1.963846 1.592308 0.866923
v 1.946154 1.610000 0.866923
v 1.928462 1.574615 0.884615
v -1.318874 -1.805218 0.930615
v -1.339315 -1.813149 0.948308
v -1.335963 -1.834818 0.930615
v 1.946154 1.610000 0.176923
v 1.963846 1.592308 0.176923
v -1.318874 -1.805218 0.884615
v -1.335963 -1.834818 0.884615
v -1.371466 -1.845300 0.948308
v -1.362308 -1.861163 0.930615
v -1.398295 -1.870806 0.930615
v -1.415385 -1.857068 0.948308
v -1.432474 -1.870806 0.930615
v 1.592308 1.963846 0.353846
v 1.610000 1.946154 0.353846
v 1.928462 1.946154 0.353846
v 1.946154 1.928462 0.353846
v 1.928462 1.946154 0.176923
v 1.946154 1.928462 0.176923
v 1.946154 1.610000 0.353846
v 1.963846 1.592308 0.353846
v -1.398295 -1.870806 0.884615
v -1.432474 -1.870806 0.884615
v -1.459303 -1.845300 0.948308
v -1.468462 -1.861163 0.930615
v -1.491454 -1.813149 0.948308
v -1.507317 -1.822308 0.930615
v -1.516959 -1.786320 0.930615
v -1.503222 -1.769231 0.948308
v -1.516959 -1.752141 0.930615
v -1.516959 -1.786320 0.884615
v -1.516959 -1.752141 0.884615
v -1.491454 -1.725312 0.948308
v -1.507317 -1.716154 0.930615
v -1.459303 -1.693161 0.948308
v -1.468462 -1.677299 0.930615
v 1.946154 1.610000 0.707692
v 1.963846 1.592308 0.707692
v 1.592308 1.963846 0.530769
v 1.610000 1.946154 0.530769
v 1.928462 1.946154 0.707692
v 1.946154 1.928462 0.707692
v 1.946154 1.928462 0.530769
v 1.928462 1.946154 0.530769
v -1.432474 -1.667656 0.930615
v -1.415385 -1.681393 0.948308
v -1.398295 -1.667656 0.930615
v -1.432474 -1.667656 0.884615
v -1.398295 -1.667656 0.884615
v 1.928462 1.946154 0.866923
v 1.928462 1.928462 0.884615
v 1.946154 1.928462 0.866923
v -1.371466 -1.693161 0.948308
v -1.362308 -1.677299 0.930615
v 1.592308 1.963846 0.707692
v 1.610000 1.946154 0.707692
v -1.335963 -1.703643 0.930615
v -1.339315 -1.725312 0.948308
v -1.318874 -1.733243 0.930615
v -1.335963 -1.703643 0.884615
v -1.318874 -1.733243 0.884615
v -1.309231 -1.769231 0.930615
v -1.327547 -1.769231 0.948308
v -1.318874 -2.159065 0.930615
v -1.339315 -2.166996 0.948308
v -1.335963 -2.188664 0.930615
v -1.318874 -2.159065 0.884615
v -1.335963 -2.188664 0.884615
v -1.371466 -2.199146 0.948308
v -1.362308 -2.215009 0.930615
v 2.300000 -1.574615 0.176923
v 2.282308 -1.592308 0.176923
v -1.398295 -2.224652 0.930615
v -1.415385 -2.210914 0.948308
v -1.432474 -2.224652 0.930615
v 1.963846 -1.592308 0.353846
v 1.946154 -1.610000 0.353846
v -1.398295 -2.224652 0.884615
v -1.432474 -2.224652 0.884615
v 2.300000 -1.574615 0.353846
v 2.282308 -1.592308 0.353846
v -1.459303 -2.199146 0.948308
v -1.468462 -2.215009 0.930615
v -1.491454 -2.166996 0.948308
v -1.507317 -2.176154 0.930615
v -1.516959 -2.140167 0.930615
v -1.503222 -2.123077 0.948308
v -1.516959 -2.105988 0.930615
v 1.963846 -1.592308 0.530769
v 1.946154 -1.610000 0.530769
v -1.516959 -2.140167 0.884615
v -1.516959 -2.105988 0.884615
v -1.491454 -2.079158 0.948308
v -1.507317 -2.070000 0.930615
v -1.459303 -2.047008 0.948308
v -1.468462 -2.031145 0.930615
v 2.300000 -1.574615 0.530769
v 2.282308 -1.592308 0.530769
v -1.432474 -2.021502 0.930615
v -1.415385 -2.035239 0.948308
v -1.398295 -2.021502 0.930615
v -1.432474 -2.021502 0.884615
v -1.398295 -2.021502 0.884615
v -1.371466 -2.047008 0.948308
v -1.362308 -2.031145 0.930615
v -1.335963 -2.057490 0.930615
v -1.339315 -2.079158 0.948308
v -1.318874 -2.087090 0.930615
v -1.335963 -2.057490 0.884615
v -1.318874 -2.087090 0.884615
v 2.282308 -1.592308 0.707692
v 2.300000 -1.574615 0.707692
v 2.282308 -1.592308 0.866923
v 2.300000 -1.574615 0.866923
v 2.282308 -1.574615 0.884615
v -1.309231 -2.123077 0.930615
v -1.327547 -2.123077 0.948308
v 1.963846 -1.592308 0.866923
v 1.928462 -1.574615 0.884615
v 1.946154 -1.610000 0.866923
v -1.693161 1.725312 0.948308
v -1.677299 1.716154 0.930615
v 2.300000 -1.238462 0.866923
v 2.282308 -1.238462 0.884615
v -1.725312 1.693161 0.948308
v -1.716154 1.677299 0.930615
v -1.752141 1.667656 0.930615
v -1.769231 1.681393 0.948308
v -1.786320 1.667656 0.930615
v -1.752141 1.667656 0.884615
v -1.786320 1.667656 0.884615
v -1.813149 1.693161 0.948308
v -1.822308 1.677299 0.930615
v -1.845300 1.725312 0.948308
v -1.861163 1.716154 0.930615
v -1.870806 1.752141 0.930615
v -1.857068 1.769231 0.948308
v -1.870806 1.786320 0.930615
v -1.870806 1.752141 0.884615
v -1.870806 1.786320 0.884615
v -1.845300 1.813149 0.948308
v -1.861163 1.822308 0.930615
v -1.813149 1.845300 0.948308
v -1.822308 1.861163 0.930615
v -1.786320 1.870806 0.930615
v -1.769231 1.857068 0.948308
v -1.752141 1.870806 0.930615
v -1.786320 1.870806 0.884615
v -1.752141 1.870806 0.884615
v 2.300000 -0.884615 0.866923
v 2.282308 -0.884615 0.884615
v -1.725312 1.845300 0.948308
v -1.716154 1.861163 0.930615
v -1.693161 1.813149 0.948308
v -1.677299 1.822308 0.930615
v -1.667656 1.752141 0.930615
v -1.667656 1.786320 0.930615
v -1.681393 1.769231 0.948308
v -1.667656 1.786320 0.884615
v -1.667656 1.752141 0.884615
v -1.693161 1.371466 0.948308
v -1.677299 1.362308 0.930615
v -1.703643 1.335963 0.930615
v -1.725312 1.339315 0.948308
v -1.733243 1.318874 0.930615
v -1.703643 1.335963 0.884615
v -1.733243 1.318874 0.884615
v -1.769231 1.327547 0.948308
v -1.769231 1.309231 0.930615
v -1.805218 1.318874 0.930615
v -1.813149 1.339315 0.948308
v -1.834818 1.335963 0.930615
v -1.805218 1.318874 0.884615
v -1.834818 1.335963 0.884615
v -1.845300 1.371466 0.948308
v -1.861163 1.362308 0.930615
v -1.870806 1.398295 0.930615
v -1.857068 1.415385 0.948308
v -1.870806 1.432474 0.930615
v -1.870806 1.398295 0.884615
v -1.870806 1.432474 0.884615
v -1.845300 1.459303 0.948308
v -1.861163 1.468462 0.930615
v -1.813149 1.491454 0.948308
v -1.822308 1.507317 0.930615
v -1.786320 1.516959 0.930615
v -1.769231 1.503222 0.948308
v -1.752141 1.516959 0.930615
v -1.786320 1.516959 0.884615
v -1.752141 1.516959 0.884615
v -1.725312 1.491454 0.948308
v -1.716154 1.507317 0.930615
v 2.300000 -0.530769 0.866923
v 2.282308 -0.530769 0.884615
v -1.693161 1.459303 0.948308
v -1.677299 1.468462 0.930615
v -1.667656 1.398295 0.930615
v -1.667656 1.432474 0.930615
v -1.681393 1.415385 0.948308
v -1.667656 1.432474 0.884615
v -1.667656 1.398295 0.884615
v -2.047008 1.371466 0.948308
v -2.031145 1.362308 0.930615
v -2.057490 1.335963 0.930615
v -2.079158 1.339315 0.948308
v -2.087090 1.318874 0.930615
v -2.057490 1.335963 0.884615
v -2.087090 1.318874 0.884615
v -2.123077 1.327547 0.948308
v -2.123077 1.309231 0.930615
v -2.159065 1.318874 0.930615
v -2.166996 1.339315 0.948308
v -2.188664 1.335963 0.930615
v -2.159065 1.318874 0.884615
v -2.188664 1.335963 0.884615
v -2.199146 1.371466 0.948308
v -2.215009 1.362308 0.930615
v 2.300000 -0.176923 0.866923
v 2.282308 -0.176923 0.884615
v -2.224652 1.398295 0.930615
v -2.210914 1.415385 0.948308
v -2.224652 1.432474 0.930615
v -2.224652 1.398295 0.884615
v -2.224652 1.432474 0.884615
v -2.199146 1.459303 0.948308
v -2.215009 1.468462 0.930615
v -2.166996 1.491454 0.948308
v -2.176154 1.507317 0.930615
v -2.140167 1.516959 0.930615
v -2.123077 1.503222 0.948308
v -2.105988 1.516959 0.930615
v -2.140167 1.516959 0.884615
v -2.105988 1.516959 0.884615
v -2.079158 1.491454 0.948308
v -2.070000 1.507317 0.930615
v -2.047008 1.459303 0.948308
v -2.031145 1.468462 0.930615
v -2.021502 1.398295 0.930615
v -2.021502 1.432474 0.930615
v -2.035239 1.415385 0.948308
v 2.300000 0.530769 0.866923
v 2.282308 0.530769 0.884615
v -2.021502 1.432474 0.884615
v -2.021502 1.398295 0.884615
v 2.300000 0.176923 0.866923
v 2.282308 0.176923 0.884615
v -2.047008 1.017620 0.948308
v -2.031145 1.008461 0.930615
v -2.057490 0.982117 0.930615
v -2.079158 0.985469 0.948308
v -2.087090 0.965027 0.930615
v -2.057490 0.982117 0.884615
v -2.087090 0.965027 0.884615
v -2.123077 0.973701 0.948308
v -2.123077 0.955385 0.930615
v -2.159065 0.965027 0.930615
v -2.166996 0.985469 0.948308
v -2.188664 0.982117 0.930615
v -2.159065 0.965027 0.884615
v -2.188664 0.982117 0.884615
v -2.199146 1.017620 0.948308
v -2.215009 1.008461 0.930615
v -2.224652 1.044449 0.930615
v -2.210914 1.061538 0.948308
v -2.224652 1.078628 0.930615
v -2.224652 1.044449 0.884615
v -2.224652 1.078628 0.884615
v -2.199146 1.105457 0.948308
v -2.215009 1.114615 0.930615
v 2.300000 0.884615 0.866923
v 2.282308 0.884615 0.884615
v -2.188664 1.140960 0.930615
v -2.166996 1.137608 0.948308
v -2.159065 1.158049 0.930615
v -2.188664 1.140960 0.884615
v -2.159065 1.158049 0.884615
v -2.123077 1.149376 0.948308
v -2.123077 1.167692 0.930615
v -2.087090 1.158049 0.930615
v -2.079158 1.137608 0.948308
v -2.057490 1.140960 0.930615
v -2.087090 1.158049 0.884615
v -2.057490 1.140960 0.884615
v -2.047008 1.105457 0.948308
v -2.031145 1.114615 0.930615
v -2.021502 1.044449 0.930615
v -2.021502 1.078628 0.930615
v -2.035239 1.061538 0.948308
v -2.021502 1.078628 0.884615
v -2.021502 1.044449 0.884615
v -2.047008 0.663774 0.948308
v -2.031145 0.654615 0.930615
v 2.300000 1.238462 0.866923
v 2.282308 1.238462 0.884615
v -2.057490 0.628271 0.930615
v -2.079158 0.631623 0.948308
v -2.087090 0.611181 0.930615
v -2.057490 0.628271 0.884615
v -2.087090 0.611181 0.884615
v -2.123077 0.619855 0.948308
v -2.123077 0.601538 0.930615
v 2.282308 1.592308 0.353846
v 2.300000 1.574615 0.353846
v -2.159065 0.611181 0.930615
v -2.166996 0.631623 0.948308
v -2.188664 0.628271 0.930615
v -2.159065 0.611181 0.884615
v -2.188664 0.628271 0.884615
v -2.199146 0.663774 0.948308
v -2.215009 0.654615 0.930615
v 2.282308 1.592308 0.176923
v 2.300000 1.574615 0.176923
v -2.224652 0.690603 0.930615
v -2.210914 0.707692 0.948308
v -2.224652 0.724782 0.930615
v -2.224652 0.690603 0.884615
v -2.224652 0.724782 0.884615
v -2.199146 0.751611 0.948308
v -2.215009 0.760769 0.930615
v 2.282308 1.592308 0.530769
v 2.300000 1.574615 0.530769
v -2.188664 0.787114 0.930615
v -2.166996 0.783762 0.948308
v -2.159065 0.804203 0.930615
v -2.188664 0.787114 0.884615
v -2.159065 0.804203 0.884615
v -2.123077 0.795530 0.948308
v -2.123077 0.813846 0.930615
v -2.087090 0.804203 0.930615
v -2.079158 0.783762 0.948308
v -2.057490 0.787114 0.930615
v 1.946154 1.610000 0.530769
v 1.963846 1.592308 0.530769
v -2.087090 0.804203 0.884615
v -2.057490 0.787114 0.884615
v -2.047008 0.751611 0.948308
v -2.031145 0.760769 0.930615
v -2.021502 0.690603 0.930615
v -2.021502 0.724782 0.930615
v -2.035239 0.707692 0.948308
v -2.021502 0.724782 0.884615
v -2.021502 0.690603 0.884615
v -2.047008 0.309927 0.948308
v -2.031145 0.300769 0.930615
v -2.057490 0.274425 0.930615
v -2.079158 0.277777 0.948308
v -2.087090 0.257335 0.930615
v -2.057490 0.274425 0.884615
v -2.087090 0.257335 0.884615
v -2.123077 0.266009 0.948308
v -2.123077 0.247692 0.930615
v 2.282308 1.592308 0.707692
v 2.300000 1.574615 0.707692
v -2.159065 0.257335 0.930615
v -2.166996 0.277777 0.948308
v -2.188664 0.274425 0.930615
v 2.282308 1.592308 0.866923
v 2.282308 1.574615 0.884615
v 2.300000 1.574615 0.866923
v -2.159065 0.257335 0.884615
v -2.188664 0.274425 0.884615
v -0.548462 -3.361539 0.176923
v -0.530769 -3.361539 0.194615
v -0.548462 -3.007692 0.176923
v -0.530769 -3.007692 0.194615
v -2.199146 0.309927 0.948308
v -2.215009 0.300769 0.930615
v -2.224652 0.336757 0.930615
v -2.210914 0.353846 0.948308
v -2.224652 0.370936 0.930615
v -2.224652 0.336757 0.884615
v -2.224652 0.370936 0.884615
v -0.884615 -3.361539 0.194615
v -0.866923 -3.361539 0.176923
v -2.199146 0.397765 0.948308
v -2.215009 0.406923 0.930615
v -2.188664 0.433268 0.930615
v -2.166996 0.429916 0.948308
v -2.159065 0.450357 0.930615
v -2.188664 0.433268 0.884615
v -2.159065 0.450357 0.884615
v -2.123077 0.441684 0.948308
v -2.123077 0.460000 0.930615
v -2.087090 0.450357 0.930615
v -2.079158 0.429916 0.948308
v -2.057490 0.433268 0.930615
v -2.087090 0.450357 0.884615
v -2.057490 0.433268 0.884615
v -2.047008 0.397765 0.948308
v -2.031145 0.406923 0.930615
v -2.021502 0.336757 0.930615
v -2.021502 0.370936 0.930615
v -2.035239 0.353846 0.948308
v -2.021502 0.370936 0.884615
v -2.021502 0.336757 0.884615
v -2.047008 -0.043919 0.948308
v -2.031145 -0.053077 0.930615
v -2.057490 -0.079422 0.930615
v -2.079158 -0.076070 0.948308
v -2.087090 -0.096511 0.930615
v -2.057490 -0.079422 0.884615
v -2.087090 -0.096511 0.884615
v -0.866923 -3.361539 0.707692
v -0.884615 -3.361539 0.690000
v -0.530769 -3.361539 0.690000
v -0.548462 -3.361539 0.707692
v -0.530769 -3.007692 0.690000
v -0.548462 -3.007692 0.707692
v -0.866923 -3.007692 0.707692
v -0.884615 -3.007692 0.690000
v -2.123077 -0.087837 0.948308
v -2.123077 -0.106154 0.930615
v -0.548462 -2.653846 0.176923
v -0.530769 -2.653846 0.194615
v -2.159065 -0.096511 0.930615
v -2.166996 -0.076070 0.948308
v -2.188664 -0.079422 0.930615
v -2.159065 -0.096511 0.884615
v -2.188664 -0.079422 0.884615
v -2.199146 -0.043919 0.948308
v -2.215009 -0.053077 0.930615
v -2.224652 -0.017089 0.930615
v -2.210914 -0.000000 0.948308
v -2.224652 0.017089 0.930615
v -2.224652 -0.017089 0.884615
v -2.224652 0.017089 0.884615
v -2.199146 0.043919 0.948308
v -2.215009 0.053077 0.930615
v -0.884615 -3.007692 0.194615
v -0.866923 -3.007692 0.176923
v -2.188664 0.079422 0.930615
v -2.166996 0.076069 0.948308
v -2.159065 0.096511 0.930615
v -2.188664 0.079422 0.884615
v -2.159065 0.096511 0.884615
v -2.123077 0.087837 0.948308
v -2.123077 0.106154 0.930615
v -0.530769 -2.653846 0.690000
v -0.548462 -2.653846 0.707692
v -2.087090 0.096511 0.930615
v -2.079158 0.076069 0.948308
v -2.057490 0.079422 0.930615
v -2.087090 0.096511 0.884615
v -2.057490 0.079422 0.884615
v -0.866923 -2.653846 0.707692
v -0.884615 -2.653846 0.690000
v -2.047008 0.043919 0.948308
v -2.031145 0.053077 0.930615
v -2.021502 -0.017089 0.930615
v -2.021502 0.017089 0.930615
v -2.035239 -0.000000 0.948308
v -2.021502 0.017089 0.884615
v -2.021502 -0.017089 0.884615
v -2.047008 -0.397765 0.948308
v -2.031145 -0.406923 0.930615
v -2.057490 -0.433268 0.930615
v -2.079158 -0.429916 0.948308
v -2.087090 -0.450357 0.930615
v -0.530769 -2.317693 0.194615
v -0.530769 -2.300000 0.176923
v -2.057490 -0.433268 0.884615
v -2.087090 -0.450357 0.884615
v -2.123077 -0.441684 0.948308
v -2.123077 -0.460000 0.930615
v -2.159065 -0.450357 0.930615
v -2.166996 -0.429916 0.948308
v -2.188664 -0.433268 0.930615
v -0.884615 -2.317693 0.194615
v -0.884615 -2.300000 0.176923
v -0.866923 -2.653846 0.176923
v -0.884615 -2.653846 0.194615
v -2.159065 -0.450357 0.884615
v -2.188664 -0.433268 0.884615
v -2.199146 -0.397765 0.948308
v -2.215009 -0.406923 0.930615
v -2.224652 -0.370936 0.930615
v -2.210914 -0.353846 0.948308
v -2.224652 -0.336757 0.930615
v -2.224652 -0.370936 0.884615
v -2.224652 -0.336757 0.884615
v -2.199146 -0.309927 0.948308
v -2.215009 -0.300769 0.930615
v -2.188664 -0.274425 0.930615
v -2.166996 -0.277777 0.948308
v -2.159065 -0.257335 0.930615
v -2.188664 -0.274425 0.884615
v -2.159065 -0.257335 0.884615
v -2.123077 -0.266009 0.948308
v -2.123077 -0.247692 0.930615
v -0.884615 -2.317693 0.353846
v -0.902308 -2.300000 0.353846
v -0.513077 -2.300000 0.530769
v -0.530769 -2.317693 0.530769
v -2.087090 -0.257335 0.930615
v -2.079158 -0.277777 0.948308
v -2.057490 -0.274425 0.930615
v -2.087090 -0.257335 0.884615
v -2.057490 -0.274425 0.884615
v -2.047008 -0.309927 0.948308
v -2.031145 -0.300769 0.930615
v -2.021502 -0.370936 0.930615
v -2.021502 -0.336757 0.930615
v -2.035239 -0.353846 0.948308
v -2.021502 -0.336757 0.884615
v -2.021502 -0.370936 0.884615
v -2.047008 -0.751611 0.948308
v -2.031145 -0.760769 0.930615
v -2.057490 -0.787114 0.930615
v -2.079158 -0.783762 0.948308
v -2.087090 -0.804203 0.930615
v -0.884615 -2.317693 0.690000
v -0.866923 -2.317693 0.707692
v -0.902308 -2.300000 0.725384
v 0.866923 -3.361539 0.176923
v 0.884615 -3.361539 0.194615
v 0.866923 -3.007692 0.176923
v 0.884615 -3.007692 0.194615
v -2.057490 -0.787114 0.884615
v -2.087090 -0.804203 0.884615
v -2.123077 -0.795530 0.948308
v -2.123077 -0.813846 0.930615
v -2.159065 -0.804203 0.930615
v -2.166996 -0.783762 0.948308
v -2.188664 -0.787114 0.930615
v 0.530769 -3.007692 0.194615
v 0.548462 -3.007692 0.176923
v -2.159065 -0.804203 0.884615
v -2.188664 -0.787114 0.884615
v -2.199146 -0.751611 0.948308
v -2.215009 -0.760769 0.930615
v 0.530769 -3.361539 0.194615
v 0.548462 -3.361539 0.176923
v -2.224652 -0.724782 0.930615
v -2.210914 -0.707692 0.948308
v -2.224652 -0.690603 0.930615
v -2.224652 -0.724782 0.884615
v -2.224652 -0.690603 0.884615
v -2.199146 -0.663774 0.948308
v -2.215009 -0.654615 0.930615
v -2.188664 -0.628271 0.930615
v -2.166996 -0.631623 0.948308
v -2.159065 -0.611181 0.930615
v -2.188664 -0.628271 0.884615
v -2.159065 -0.611181 0.884615
v -2.123077 -0.619855 0.948308
v -2.123077 -0.601539 0.930615
v 0.548462 -3.361539 0.707692
v 0.530769 -3.361539 0.690000
v -2.087090 -0.611181 0.930615
v -2.079158 -0.631623 0.948308
v -2.057490 -0.628271 0.930615
v -2.087090 -0.611181 0.884615
v -2.057490 -0.628271 0.884615
v 0.884615 -3.361539 0.690000
v 0.866923 -3.361539 0.707692
v -2.047008 -0.663774 0.948308
v -2.031145 -0.654615 0.930615
v -2.021502 -0.724782 0.930615
v -2.021502 -0.690603 0.930615
v -2.035239 -0.707692 0.948308
v -2.021502 -0.690603 0.884615
v -2.021502 -0.724782 0.884615
v -2.047008 -1.105457 0.948308
v -2.031145 -1.114615 0.930615
v -2.057490 -1.140960 0.930615
v -2.079158 -1.137608 0.948308
v -2.087090 -1.158049 0.930615
v -2.057490 -1.140960 0.884615
v -2.087090 -1.158049 0.884615
v -2.123077 -1.149376 0.948308
v -2.123077 -1.167692 0.930615
v 0.530769 -2.653846 0.194615
v 0.548462 -2.653846 0.176923
v -2.159065 -1.158049 0.930615
v -2.166996 -1.137608 0.948308
v -2.188664 -1.140960 0.930615
v -2.159065 -1.158049 0.884615
v -2.188664 -1.140960 0.884615
v -2.199146 -1.105457 0.948308
v -2.215009 -1.114615 0.930615
v -2.224652 -1.078628 0.930615
v -2.210914 -1.061538 0.948308
v -2.224652 -1.044449 0.930615
v -2.224652 -1.078628 0.884615
v -2.224652 -1.044449 0.884615
v -2.199146 -1.017620 0.948308
v -2.215009 -1.008461 0.930615
v -2.188664 -0.982117 0.930615
v -2.166996 -0.985469 0.948308
v -2.159065 -0.965028 0.930615
v -2.188664 -0.982117 0.884615
v -2.159065 -0.965028 0.884615
v -2.123077 -0.973701 0.948308
v -2.123077 -0.955385 0.930615
v -2.087090 -0.965028 0.930615
v -2.079158 -0.985469 0.948308
v -2.057490 -0.982117 0.930615
v 0.884615 -3.007692 0.690000
v 0.866923 -3.007692 0.707692
v -2.087090 -0.965028 0.884615
v -2.057490 -0.982117 0.884615
v -2.047008 -1.017620 0.948308
v -2.031145 -1.008461 0.930615
v 0.530769 -3.007692 0.690000
v 0.548462 -3.007692 0.707692
v 0.884615 -2.653846 0.690000
v 0.866923 -2.653846 0.707692
v 0.548462 -2.653846 0.707692
v 0.530769 -2.653846 0.690000
v -2.021502 -1.078628 0.930615
v -2.021502 -1.044449 0.930615
v -2.035239 -1.061538 0.948308
v -2.021502 -1.044449 0.884615
v -2.021502 -1.078628 0.884615
v -2.047008 -1.459303 0.948308
v -2.031145 -1.468462 0.930615
v -2.079158 -1.491454 0.948308
v -2.070000 -1.507317 0.930615
v -2.105988 -1.516959 0.930615
v -2.123077 -1.503222 0.948308
v -2.140167 -1.516959 0.930615
v 0.530769 -2.317693 0.194615
v 0.530769 -2.300000 0.176923
v -2.105988 -1.516959 0.884615
v -2.140167 -1.516959 0.884615
v 0.866923 -2.653846 0.176923
v 0.884615 -2.653846 0.194615
v -2.166996 -1.491454 0.948308
v -2.176154 -1.507317 0.930615
v -2.199146 -1.459303 0.948308
v -2.215009 -1.468462 0.930615
v -2.224652 -1.432474 0.930615
v -2.210914 -1.415385 0.948308
v -2.224652 -1.398295 0.930615
v -2.224652 -1.432474 0.884615
v -2.224652 -1.398295 0.884615
v 0.530769 -2.317693 0.353846
v 0.513077 -2.300000 0.353846
v -2.199146 -1.371466 0.948308
v -2.215009 -1.362308 0.930615
v -2.188664 -1.335963 0.930615
v -2.166996 -1.339315 0.948308
v -2.159065 -1.318874 0.930615
v -2.188664 -1.335963 0.884615
v -2.159065 -1.318874 0.884615
v -2.123077 -1.327547 0.948308
v -2.123077 -1.309231 0.930615
v -2.087090 -1.318874 0.930615
v -2.079158 -1.339315 0.948308
v -2.057490 -1.335963 0.930615
v 0.530769 -2.317693 0.530769
v 0.513077 -2.300000 0.530769
v -2.087090 -1.318874 0.884615
v -2.057490 -1.335963 0.884615
v -2.047008 -1.371466 0.948308
v -2.031145 -1.362308 0.930615
v -2.021502 -1.432474 0.930615
v -2.021502 -1.398295 0.930615
v -2.035239 -1.415385 0.948308
v -2.021502 -1.398295 0.884615
v -2.021502 -1.432474 0.884615
v 1.725312 1.693161 0.948308
v 1.716154 1.677299 0.930615
v 1.786320 1.667656 0.884615
v 1.752141 1.667656 0.884615
v 1.786320 1.667656 0.930615
v 1.769231 1.681393 0.948308
v 1.752141 1.667656 0.930615
v 1.813149 1.693161 0.948308
v 1.822308 1.677299 0.930615
v 1.845300 1.725312 0.948308
v 1.861163 1.716154 0.930615
v 2.224652 -1.398295 0.884615
v 2.224652 -1.432474 0.884615
v 2.224652 -1.432474 0.930615
v 2.224652 -1.398295 0.930615
v 2.210914 -1.415385 0.948308
v 2.199146 -1.371466 0.948308
v 2.215009 -1.362308 0.930615
v 2.159065 -1.318874 0.884615
v 2.188664 -1.335963 0.884615
v 2.159065 -1.318874 0.930615
v 2.166996 -1.339315 0.948308
v 2.188664 -1.335963 0.930615
v 2.123077 -1.327547 0.948308
v 2.123077 -1.309231 0.930615
v 2.057490 -1.335963 0.884615
v 2.087090 -1.318874 0.884615
v 2.057490 -1.335963 0.930615
v 2.079158 -1.339315 0.948308
v 2.087090 -1.318874 0.930615
v 2.047008 -1.371466 0.948308
v 2.031145 -1.362308 0.930615
v 2.021502 -1.432474 0.884615
v 2.021502 -1.398295 0.884615
v 2.021502 -1.432474 0.930615
v 2.035239 -1.415385 0.948308
v 2.021502 -1.398295 0.930615
v 2.047008 -1.459303 0.948308
v 2.031145 -1.468462 0.930615
v 2.079158 -1.491454 0.948308
v 2.070000 -1.507317 0.930615
v 2.140167 -1.516959 0.884615
v 2.105988 -1.516959 0.884615
v 2.140167 -1.516959 0.930615
v 2.123077 -1.503222 0.948308
v 2.105988 -1.516959 0.930615
v 2.166996 -1.491454 0.948308
v 2.176154 -1.507317 0.930615
v 2.199146 -1.459303 0.948308
v 2.215009 -1.468462 0.930615
v 2.224652 -1.044449 0.884615
v 2.224652 -1.078628 0.884615
v 2.224652 -1.078628 0.930615
v 2.224652 -1.044449 0.930615
v 2.210914 -1.061538 0.948308
v 2.199146 -1.017620 0.948308
v 2.215009 -1.008461 0.930615
v 2.159065 -0.965028 0.884615
v 2.188664 -0.982117 0.884615
v 2.159065 -0.965028 0.930615
v 2.166996 -0.985469 0.948308
v 2.188664 -0.982117 0.930615
v 2.123077 -0.973701 0.948308
v 2.123077 -0.955385 0.930615
v 2.057490 -0.982117 0.884615
v 2.087090 -0.965028 0.884615
v 2.057490 -0.982117 0.930615
v 2.079158 -0.985469 0.948308
v 2.087090 -0.965028 0.930615
v 2.047008 -1.017620 0.948308
v 2.031145 -1.008461 0.930615
v 2.021502 -1.078628 0.884615
v 2.021502 -1.044449 0.884615
v 2.021502 -1.078628 0.930615
v 2.035239 -1.061538 0.948308
v 2.021502 -1.044449 0.930615
v 2.047008 -1.105457 0.948308
v 2.031145 -1.114615 0.930615
v 2.087090 -1.158049 0.884615
v 2.057490 -1.140960 0.884615
v 2.087090 -1.158049 0.930615
v 2.079158 -1.137608 0.948308
v 2.057490 -1.140960 0.930615
v 2.123077 -1.149376 0.948308
v 2.123077 -1.167692 0.930615
v 2.188664 -1.140960 0.884615
v 2.159065 -1.158049 0.884615
v 2.188664 -1.140960 0.930615
v 2.166996 -1.137608 0.948308
v 2.159065 -1.158049 0.930615
v 2.199146 -1.105457 0.948308
v 2.215009 -1.114615 0.930615
v 2.224652 -0.690603 0.884615
v 2.224652 -0.724782 0.884615
v 2.224652 -0.724782 0.930615
v 2.224652 -0.690603 0.930615
v 2.210914 -0.707692 0.948308
v 2.199146 -0.663774 0.948308
v 2.215009 -0.654615 0.930615
v 2.159065 -0.611181 0.884615
v 2.188664 -0.628271 0.884615
v 2.159065 -0.611181 0.930615
v 2.166996 -0.631623 0.948308
v 2.188664 -0.628271 0.930615
v 2.123077 -0.619855 0.948308
v 2.123077 -0.601539 0.930615
v 2.057490 -0.628271 0.884615
v 2.087090 -0.611181 0.884615
v 2.057490 -0.628271 0.930615
v 2.079158 -0.631623 0.948308
v 2.087090 -0.611181 0.930615
v 2.047008 -0.663774 0.948308
v 2.031145 -0.654615 0.930615
v 2.021502 -0.724782 0.884615
v 2.021502 -0.690603 0.884615
v 2.021502 -0.724782 0.930615
v 2.035239 -0.707692 0.948308
v 2.021502 -0.690603 0.930615
v 2.047008 -0.751611 0.948308
v 2.031145 -0.760769 0.930615
v 2.087090 -0.804203 0.884615
v 2.057490 -0.787114 0.884615
v 2.087090 -0.804203 0.930615
v 2.079158 -0.783762 0.948308
v 2.057490 -0.787114 0.930615
v 2.123077 -0.795530 0.948308
v 2.123077 -0.813846 0.930615
v 2.188664 -0.787114 0.884615
v 2.159065 -0.804203 0.884615
v 2.188664 -0.787114 0.930615
v 2.166996 -0.783762 0.948308
v 2.159065 -0.804203 0.930615
v 2.199146 -0.751611 0.948308
v 2.215009 -0.760769 0.930615
v 2.224652 -0.336757 0.884615
v 2.224652 -0.370936 0.884615
v 2.224652 -0.370936 0.930615
v 2.224652 -0.336757 0.930615
v 2.210914 -0.353846 0.948308
v 2.199146 -0.309927 0.948308
v 2.215009 -0.300769 0.930615
v 2.159065 -0.257335 0.884615
v 2.188664 -0.274425 0.884615
v 2.159065 -0.257335 0.930615
v 2.166996 -0.277777 0.948308
v 2.188664 -0.274425 0.930615
v 2.123077 -0.266009 0.948308
v 2.123077 -0.247692 0.930615
v 2.057490 -0.274425 0.884615
v 2.087090 -0.257335 0.884615
v 2.057490 -0.274425 0.930615
v 2.079158 -0.277777 0.948308
v 2.087090 -0.257335 0.930615
v 2.047008 -0.309927 0.948308
v 2.031145 -0.300769 0.930615
v 2.021502 -0.370936 0.884615
v 2.021502 -0.336757 0.884615
v 2.021502 -0.370936 0.930615
v 2.035239 -0.353846 0.948308
v 2.021502 -0.336757 0.930615
v 2.047008 -0.397765 0.948308
v 2.031145 -0.406923 0.930615
v 2.087090 -0.450357 0.884615
v 2.057490 -0.433268 0.884615
v 2.087090 -0.450357 0.930615
v 2.079158 -0.429916 0.948308
v 2.057490 -0.433268 0.930615
v 2.123077 -0.441684 0.948308
v 2.123077 -0.460000 0.930615
v 2.188664 -0.433268 0.884615
v 2.159065 -0.450357 0.884615
v 2.188664 -0.433268 0.930615
v 2.166996 -0.429916 0.948308
v 2.159065 -0.450357 0.930615
v 2.199146 -0.397765 0.948308
v 2.215009 -0.406923 0.930615
v 2.224652 0.017089 0.884615
v 2.224652 -0.017089 0.884615
v 2.224652 -0.017089 0.930615
v 2.224652 0.017089 0.930615
v 2.210914 -0.000000 0.948308
v 2.199146 0.043919 0.948308
v 2.215009 0.053077 0.930615
v 2.159065 0.096511 0.884615
v 2.188664 0.079422 0.884615
v 2.159065 0.096511 0.930615
v 2.166996 0.076069 0.948308
v 2.188664 0.079422 0.930615
v 2.123077 0.087837 0.948308
v 2.123077 0.106154 0.930615
v 2.057490 0.079422 0.884615
v 2.087090 0.096511 0.884615
v 2.057490 0.079422 0.930615
v 2.079158 0.076069 0.948308
v 2.087090 0.096511 0.930615
v 2.047008 0.043919 0.948308
v 2.031145 0.053077 0.930615
v 2.021502 -0.017089 0.884615
v 2.021502 0.017089 0.884615
v 2.021502 -0.017089 0.930615
v 2.035239 -0.000000 0.948308
v 2.021502 0.017089 0.930615
v 2.047008 -0.043919 0.948308
v 2.031145 -0.053077 0.930615
v 2.087090 -0.096511 0.884615
v 2.057490 -0.079422 0.884615
v 2.087090 -0.096511 0.930615
v 2.079158 -0.076070 0.948308
v 2.057490 -0.079422 0.930615
v 2.123077 -0.087837 0.948308
v 2.123077 -0.106154 0.930615
v 2.188664 -0.079422 0.884615
v 2.159065 -0.096511 0.884615
v 2.188664 -0.079422 0.930615
v 2.166996 -0.076070 0.948308
v 2.159065 -0.096511 0.930615
v 2.199146 -0.043919 0.948308
v 2.215009 -0.053077 0.930615
v 2.224652 0.370936 0.884615
v 2.224652 0.336757 0.884615
v 2.224652 0.336757 0.930615
v 2.224652 0.370936 0.930615
v 2.210914 0.353846 0.948308
v 2.199146 0.397765 0.948308
v 2.215009 0.406923 0.930615
v 2.159065 0.450357 0.884615
v 2.188664 0.433268 0.884615
v 2.159065 0.450357 0.930615
v 2.166996 0.429916 0.948308
v 2.188664 0.433268 0.930615
v 2.123077 0.441684 0.948308
v 2.123077 0.460000 0.930615
v 2.057490 0.433268 0.884615
v 2.087090 0.450357 0.884615
v 2.057490 0.433268 0.930615
v 2.079158 0.429916 0.948308
v 2.087090 0.450357 0.930615
v 2.047008 0.397765 0.948308
v 2.031145 0.406923 0.930615
v 2.021502 0.336757 0.884615
v 2.021502 0.370936 0.884615
v 2.021502 0.336757 0.930615
v 2.035239 0.353846 0.948308
v 2.021502 0.370936 0.930615
v 2.047008 0.309927 0.948308
v 2.031145 0.300769 0.930615
v 2.087090 0.257335 0.884615
v 2.057490 0.274425 0.884615
v 2.087090 0.257335 0.930615
v 2.079158 0.277777 0.948308
v 2.057490 0.274425 0.930615
v 2.123077 0.266009 0.948308
v 2.123077 0.247692 0.930615
v 2.188664 0.274425 0.884615
v 2.159065 0.257335 0.884615
v 2.188664 0.274425 0.930615
v 2.166996 0.277777 0.948308
v 2.159065 0.257335 0.930615
v 2.199146 0.309927 0.948308
v 2.215009 0.300769 0.930615
v 2.224652 0.724782 0.884615
v 2.224652 0.690603 0.884615
v 2.224652 0.690603 0.930615
v 2.224652 0.724782 0.930615
v 2.210914 0.707692 0.948308
v 2.199146 0.751611 0.948308
v 2.215009 0.760769 0.930615
v 2.159065 0.804203 0.884615
v 2.188664 0.787114 0.884615
v 2.159065 0.804203 0.930615
v 2.166996 0.783762 0.948308
v 2.188664 0.787114 0.930615
v 2.123077 0.795530 0.948308
v 2.123077 0.813846 0.930615
v 2.057490 0.787114 0.884615
v 2.087090 0.804203 0.884615
v 2.057490 0.787114 0.930615
v 2.079158 0.783762 0.948308
v 2.087090 0.804203 0.930615
v 2.047008 0.751611 0.948308
v 2.031145 0.760769 0.930615
v 2.021502 0.690603 0.884615
v 2.021502 0.724782 0.884615
v 2.021502 0.690603 0.930615
v 2.035239 0.707692 0.948308
v 2.021502 0.724782 0.930615
v 2.047008 0.663774 0.948308
v 2.031145 0.654615 0.930615
v 2.087090 0.611181 0.884615
v 2.057490 0.628271 0.884615
v 2.087090 0.611181 0.930615
v 2.079158 0.631623 0.948308
v 2.057490 0.628271 0.930615
v 2.123077 0.619855 0.948308
v 2.123077 0.601538 0.930615
v 2.188664 0.628271 0.884615
v 2.159065 0.611181 0.884615
v 2.188664 0.628271 0.930615
v 2.166996 0.631623 0.948308
v 2.159065 0.611181 0.930615
v 2.199146 0.663774 0.948308
v 2.215009 0.654615 0.930615
v 2.224652 1.078628 0.884615
v 2.224652 1.044449 0.884615
v 2.224652 1.044449 0.930615
v 2.224652 1.078628 0.930615
v 2.210914 1.061538 0.948308
v 2.199146 1.105457 0.948308
v 2.215009 1.114615 0.930615
v 2.159065 1.158049 0.884615
v 2.188664 1.140960 0.884615
v 2.159065 1.158049 0.930615
v 2.166996 1.137608 0.948308
v 2.188664 1.140960 0.930615
v 2.123077 1.149376 0.948308
v 2.123077 1.167692 0.930615
v 2.057490 1.140960 0.884615
v 2.087090 1.158049 0.884615
v 2.057490 1.140960 0.930615
v 2.079158 1.137608 0.948308
v 2.087090 1.158049 0.930615
v 2.047008 1.105457 0.948308
v 2.031145 1.114615 0.930615
v 2.021502 1.044449 0.884615
v 2.021502 1.078628 0.884615
v 2.021502 1.044449 0.930615
v 2.035239 1.061538 0.948308
v 2.021502 1.078628 0.930615
v 2.047008 1.017620 0.948308
v 2.031145 1.008461 0.930615
v 2.087090 0.965027 0.884615
v 2.057490 0.982117 0.884615
v 2.087090 0.965027 0.930615
v 2.079158 0.985469 0.948308
v 2.057490 0.982117 0.930615
v 2.123077 0.973701 0.948308
v 2.123077 0.955385 0.930615
v 2.188664 0.982117 0.884615
v 2.159065 0.965027 0.884615
v 2.188664 0.982117 0.930615
v 2.166996 0.985469 0.948308
v 2.159065 0.965027 0.930615
v 2.199146 1.017620 0.948308
v 2.215009 1.008461 0.930615
v 2.224652 1.432474 0.884615
v 2.224652 1.398295 0.884615
v 2.224652 1.398295 0.930615
v 2.224652 1.432474 0.930615
v 2.210914 1.415385 0.948308
v 2.199146 1.459303 0.948308
v 2.215009 1.468462 0.930615
v 2.166996 1.491454 0.948308
v 2.176154 1.507317 0.930615
v 2.105988 1.516959 0.884615
v 2.140167 1.516959 0.884615
v 2.105988 1.516959 0.930615
v 2.123077 1.503222 0.948308
v 2.140167 1.516959 0.930615
v 2.079158 1.491454 0.948308
v 2.070000 1.507317 0.930615
v 2.047008 1.459303 0.948308
v 2.031145 1.468462 0.930615
v 2.021502 1.398295 0.884615
v 2.021502 1.432474 0.884615
v 2.021502 1.398295 0.930615
v 2.035239 1.415385 0.948308
v 2.021502 1.432474 0.930615
v 2.047008 1.371466 0.948308
v 2.031145 1.362308 0.930615
v 2.087090 1.318874 0.884615
v 2.057490 1.335963 0.884615
v 2.087090 1.318874 0.930615
v 2.079158 1.339315 0.948308
v 2.057490 1.335963 0.930615
v 2.123077 1.327547 0.948308
v 2.123077 1.309231 0.930615
v 2.188664 1.335963 0.884615
v 2.159065 1.318874 0.884615
v 2.188664 1.335963 0.930615
v 2.166996 1.339315 0.948308
v 2.159065 1.318874 0.930615
v 2.199146 1.371466 0.948308
v 2.215009 1.362308 0.930615
vn -1.0000 -0.0000 -0.0000
vn -0.0000 1.0000 -0.0000
vn 1.0000 -0.0000 -0.0000
vn -0.0000 -1.0000 -0.0000
vn -0.7899 -0.0000 0.6133
vn -0.0000 0.7898 0.6133
vn 0.7899 -0.0000 0.6133
vn -0.5774 -0.5774 0.5774
vn 0.3949 -0.6840 0.6133
vn -0.5774 -0.5773 0.5774
vn -0.3949 -0.6840 0.6133
vn -0.0000 -0.7898 0.6133
vn -0.3949 0.6840 0.6133
vn 0.3949 0.6840 0.6133
vn -0.6840 -0.3949 0.6133
vn -0.6840 0.3949 0.6133
vn -0.0000 -0.7899 0.6133
vn 0.6840 -0.3949 0.6133
vn -0.3015 0.3015 0.9045
vn -0.5774 0.5774 0.5774
vn 0.6840 0.3949 0.6133
vn -0.5773 0.5773 0.5774
vn -0.5773 -0.5774 0.5774
vn -0.5774 -0.5773 0.5773
vn -0.5773 0.5774 0.5774
vn 0.3015 -0.9045 0.3015
vn -0.0000 0.7899 0.6133
vn -0.3015 -0.9045 0.3015
vn 0.3015 0.3015 0.9045
vn 0.5773 0.5774 0.5774
vn 0.5774 -0.5773 0.5773
vn 0.5773 -0.5773 0.5774
vn 0.5773 0.5773 0.5774
vn 0.5774 -0.5774 0.5774
vn 0.3015 -0.3015 0.9045
vn 0.5774 0.5774 0.5774
vn 0.5000 0.5000 0.7071
vn 0.6830 0.1830 0.7071
vn 0.6830 -0.1830 0.7071
vn 0.5000 -0.5000 0.7071
vn 0.8660 -0.5000 -0.0000
vn 0.1830 -0.6830 0.7071
vn -0.1830 -0.6830 0.7071
vn -0.5000 -0.5000 0.7071
vn -0.6830 -0.1830 0.7071
vn -0.8660 -0.5000 -0.0000
vn -0.7071 -0.0000 0.7071
vn -0.6830 0.1830 0.7071
vn -0.5000 0.5000 0.7071
vn -0.8660 0.5000 -0.0000
vn -0.1830 0.6830 0.7071
vn 0.1830 0.6830 0.7071
vn 0.8660 0.5000 -0.0000
vn -0.7071 0.7071 -0.0000
vn 0.5000 -0.8660 -0.0000
vn -0.0000 0.7071 0.7071
vn -0.7071 -0.7071 -0.0000
vn 0.5000 0.8660 -0.0000
vn -0.0000 -0.7071 0.7071
vn 0.7071 0.7071 -0.0000
vn 0.7071 -0.7071 -0.0000
vn -0.5000 -0.8660 -0.0000
vn -0.5000 0.8660 -0.0000
vn 0.8840 -0.4652 -0.0465
vn 0.7071 -0.0000 0.7071
vn 0.7071 -0.0000 -0.7071
vn -0.8896 -0.0228 -0.4562
vn -0.7071 -0.0000 -0.7071
vn -0.8840 -0.4652 -0.0465
vn 0.8896 -0.0228 -0.4562
vn -0.9659 -0.2588 -0.0000
vn -0.0000 -0.0000 1.0000
vn -0.9659 0.2588 -0.0000
vn -0.2588 0.9659 -0.0000
vn 0.2588 0.9659 -0.0000
vn 0.9659 0.2588 -0.0000
vn 0.9659 -0.2588 -0.0000
vn 0.2588 -0.9659 -0.0000
vn -0.2588 -0.9659 -0.0000
vn -0.0000 -0.0000 -1.0000
s 0
usemtl Dough
f 371//26 370//26 378//26 368//26
f 359//26 373//26 370//26 371//26
f 362//26 382//26 373//26 359//26
f 370//26 387//26 385//26 378//26
f 373//26 389//26 387//26 370//26
f 382//26 388//26 389//26 373//26
f 387//26 399//26 396//26 385//26
f 389//26 401//26 399//26 387//26
f 388//26 400//26 401//26 389//26
f 399//26 398//26 395//26 396//26
f 401//26 407//26 398//26 399//26
f 400//26 402//26 407//26 401//26
f 398//26 414//26 406//26 395//26
f 407//26 416//26 414//26 398//26
f 402//26 409//26 416//26 407//26
f 414//26 425//26 415//26 406//26
f 416//26 424//26 425//26 414//26
f 409//26 426//26 424//26 416//26
f 425//26 435//26 432//26 415//26
f 424//26 427//26 435//26 425//26
f 426//26 429//26 427//26 424//26
f 467//27 481//27 509//27 508//27
f 481//27 472//27 512//27 509//27
f 472//27 471//27 513//27 512//27
f 495//28 496//28 498//28 491//28
f 491//28 498//28 499//28 500//28
f 500//28 499//28 505//28 493//28
f 493//28 505//28 507//28 494//28
f 508//27 509//27 536//27 534//27
f 509//27 512//27 511//27 536//27
f 512//27 513//27 514//27 511//27
f 534//27 536//27 537//27 565//27
f 536//27 511//27 569//27 537//27
f 511//27 514//27 540//27 569//27
f 542//29 544//29 546//29 543//29
f 544//29 577//29 519//29 546//29
f 577//29 547//29 520//29 519//29
f 525//27 524//27 580//27 549//27
f 524//27 550//27 551//27 580//27
f 550//27 529//27 553//27 551//27
f 529//27 528//27 555//27 553//27
f 585//29 558//29 560//29 557//29
f 558//29 587//29 559//29 560//29
f 587//29 562//29 564//29 559//29
f 562//29 589//29 563//29 564//29
f 565//27 537//27 567//27 568//27
f 537//27 569//27 594//27 567//27
f 569//27 540//27 595//27 594//27
f 568//27 567//27 591//27 592//27
f 567//27 594//27 623//27 591//27
f 594//27 595//27 624//27 623//27
f 603//26 610//26 616//26 608//26
f 609//26 612//26 610//26 603//26
f 604//26 611//26 612//26 609//26
f 614//26 620//26 611//26 604//26
f 592//27 591//27 635//27 622//27
f 591//27 623//27 625//27 635//27
f 623//27 624//27 638//27 625//27
f 622//27 635//27 653//27 651//27
f 635//27 625//27 637//27 653//27
f 625//27 638//27 657//27 637//27
f 679//28 698//28 700//28 680//28
f 680//28 700//28 702//28 684//28
f 684//28 702//28 704//28 694//28
f 698//28 708//28 710//28 700//28
f 700//28 710//28 712//28 702//28
f 702//28 712//28 703//28 704//28
f 708//28 718//28 711//28 710//28
f 710//28 711//28 720//28 712//28
f 712//28 720//28 723//28 703//28
f 718//28 725//28 728//28 711//28
f 711//28 728//28 721//28 720//28
f 720//28 721//28 732//28 723//28
f 725//28 735//28 727//28 728//28
f 728//28 727//28 739//28 721//28
f 721//28 739//28 740//28 732//28
f 735//28 736//28 745//28 727//28
f 727//28 745//28 738//28 739//28
f 739//28 738//28 749//28 740//28
f 736//28 753//28 746//28 745//28
f 745//28 746//28 756//28 738//28
f 738//28 756//28 748//28 749//28
f 765//28 775//28 780//28 767//28
f 768//26 771//26 779//26 763//26
f 775//28 772//28 777//28 780//28
f 771//26 778//26 787//26 779//26
f 794//28 795//28 799//28 798//28
f 801//26 810//26 792//26 791//26
f 795//28 815//28 806//28 799//28
f 810//26 809//26 813//26 792//26
f 882//30 883//30 884//30
f 895//31 896//31 897//31
f 906//32 907//32 908//32
f 915//33 916//33 917//33
f 920//34 921//34 922//34
f 925//35 926//35 927//35
f 930//36 931//36 932//36
f 939//30 940//30 941//30
f 948//31 949//31 950//31
f 957//32 958//32 959//32
f 968//37 969//37 970//37
f 977//30 978//30 979//30
f 984//38 985//38 986//38
f 991//39 992//39 993//39
f 998//32 999//32 1000//32
f 1009//37 1010//37 1011//37
f 1018//30 1019//30 1020//30
f 1029//31 1030//31 1031//31
f 1038//32 1039//32 1040//32
f 1049//37 1050//37 1051//37
f 1058//40 1059//40 1060//40
f 1065//41 1066//41 1067//41
f 1072//31 1073//31 1074//31
f 1081//32 1082//32 1083//32
f 1090//42 1091//42 1092//42
f 1101//40 1102//40 1103//40
f 1108//41 1109//41 1110//41
f 1119//31 1120//31 1121//31
f 1128//32 1129//32 1130//32
f 1133//43 1134//43 1135//43
f 1144//37 1145//37 1146//37
f 1153//40 1154//40 1155//40
f 1160//41 1161//41 1162//41
f 1165//44 1166//44 1167//44
f 1168//45 1169//45 1170//45
f 1179//31 1180//31 1181//31
f 1192//46 1193//46 1194//46
f 1201//43 1202//43 1203//43
f 1210//37 1211//37 1212//37
f 1219//40 1220//40 1221//40
f 1230//41 1231//41 1232//41
f 1245//31 1246//31 1247//31
f 1254//46 1255//46 1256//46
f 1263//43 1264//43 1265//43
f 1270//37 1271//37 1272//37
f 1279//44 1280//44 1281//44
f 1282//47 1283//47 1284//47
f 1285//40 1286//40 1287//40
f 1294//41 1295//41 1296//41
f 1307//31 1308//31 1309//31
f 1316//46 1317//46 1318//46
f 1323//43 1324//43 1325//43
f 1330//48 1331//48 1332//48
f 1333//49 1334//49 1335//49
f 1336//49 1337//49 1338//49
f 1341//37 1342//37 1343//37
f 1348//40 1349//40 1350//40
f 1355//41 1356//41 1357//41
f 1362//31 1363//31 1364//31
f 1375//46 1376//46 1377//46
f 1384//43 1385//43 1386//43
f 1395//37 1396//37 1397//37
f 1400//50 1401//50 1402//50
f 1405//40 1406//40 1407//40
f 1412//41 1413//41 1414//41
f 1421//31 1422//31 1423//31
f 1430//46 1431//46 1432//46
f 1439//34 1440//34 1441//34
f 1444//42 1445//42 1446//42
f 1453//30 1454//30 1455//30
f 1458//41 1459//41 1460//41
f 1465//51 1466//51 1467//51
f 1468//31 1469//31 1470//31
f 1479//46 1480//46 1481//46
f 1484//32 1485//32 1486//32
f 1491//34 1492//34 1493//34
f 1496//42 1497//42 1498//42
f 1509//30 1510//30 1511//30
f 1518//52 1519//52 1520//52
f 1525//39 1526//39 1527//39
f 1532//32 1533//32 1534//32
f 1537//43 1538//43 1539//43
f 1548//42 1549//42 1550//42
f 1555//40 1556//40 1557//40
f 1564//41 1565//41 1566//41
f 1573//52 1574//52 1575//52
f 1580//46 1581//46 1582//46
f 1589//43 1590//43 1591//43
f 1596//42 1597//42 1598//42
f 1609//40 1610//40 1611//40
f 1618//41 1619//41 1620//41
f 1625//52 1626//52 1627//52
f 1632//46 1633//46 1634//46
f 1643//43 1644//43 1645//43
f 1650//42 1651//42 1652//42
f 1657//40 1658//40 1659//40
f 1664//41 1665//41 1666//41
f 1671//52 1672//52 1673//52
f 1680//46 1681//46 1682//46
f 1687//43 1688//43 1689//43
f 1694//42 1695//42 1696//42
f 1701//40 1702//40 1703//40
f 1708//41 1709//41 1710//41
f 1715//52 1716//52 1717//52
f 1722//46 1723//46 1724//46
f 1729//43 1730//43 1731//43
f 1736//42 1737//42 1738//42
f 1743//40 1744//40 1745//40
f 1750//41 1751//41 1752//41
f 1757//52 1758//52 1759//52
f 1764//46 1765//46 1766//46
f 1771//43 1772//43 1773//43
f 1782//37 1783//37 1784//37
f 1789//40 1790//40 1791//40
f 1796//41 1797//41 1798//41
f 1803//31 1804//31 1805//31
f 1816//46 1817//46 1818//46
f 1825//43 1826//43 1827//43
f 1832//37 1833//37 1834//37
f 1839//40 1840//40 1841//40
f 1846//41 1847//41 1848//41
f 1853//31 1854//31 1855//31
f 1864//46 1865//46 1866//46
f 1867//53 1868//53 1869//53
f 1874//43 1875//43 1876//43
f 1889//37 1890//37 1891//37
f 1896//40 1897//40 1898//40
f 1903//41 1904//41 1905//41
f 1910//31 1911//31 1912//31
f 1917//46 1918//46 1919//46
f 1928//42 1929//42 1930//42
f 1937//36 1938//36 1939//36
f 1944//30 1945//30 1946//30
f 1949//41 1950//41 1951//41
f 1956//31 1957//31 1958//31
f 1963//46 1964//46 1965//46
f 1968//32 1969//32 1970//32
f 1981//42 1982//42 1983//42
f 1988//36 1989//36 1990//36
f 1993//51 1994//51 1995//51
f 2002//30 2003//30 2004//30
f 2009//38 2010//38 2011//38
f 2014//52 2015//52 2016//52
f 2029//32 2030//32 2031//32
f 2034//43 2035//43 2036//43
f 2041//37 2042//37 2043//37
f 2052//40 2053//40 2054//40
f 2059//41 2060//41 2061//41
f 2068//31 2069//31 2070//31
f 2079//46 2080//46 2081//46
f 2086//43 2087//43 2088//43
f 2095//37 2096//37 2097//37
f 2104//30 2105//30 2106//30
f 2115//31 2116//31 2117//31
f 2124//54 2125//54 2126//54
f 2127//55 2128//55 2129//55
f 2130//46 2131//46 2132//46
f 2143//43 2144//43 2145//43
f 2152//42 2153//42 2154//42
f 2171//56 2172//56 2173//56
f 2174//30 2175//30 2176//30
f 2183//57 2184//57 2185//57
f 2186//31 2187//31 2188//31
f 2195//46 2196//46 2197//46
f 2202//54 2203//54 2204//54
f 2205//43 2206//43 2207//43
f 2214//37 2215//37 2216//37
f 2231//30 2232//30 2233//30
f 2248//52 2249//52 2250//52
f 2253//58 2254//58 2255//58
f 2260//46 2261//46 2262//46
f 2267//43 2268//43 2269//43
f 2276//37 2277//37 2278//37
f 2289//30 2290//30 2291//30
f 2302//31 2303//31 2304//31
f 2309//46 2310//46 2311//46
f 2316//59 2317//59 2318//59
f 2321//60 2322//60 2323//60
f 2330//37 2331//37 2332//37
f 2339//30 2340//30 2341//30
f 2348//31 2349//31 2350//31
f 2359//32 2360//32 2361//32
f 2366//34 2367//34 2368//34
f 2373//36 2374//36 2375//36
f 2380//30 2381//30 2382//30
f 2389//31 2390//31 2391//31
f 2400//32 2401//32 2402//32
f 2407//34 2408//34 2409//34
f 2414//36 2415//36 2416//36
f 2423//30 2424//30 2425//30
f 2432//52 2433//52 2434//52
f 2441//32 2442//32 2443//32
f 2452//34 2453//34 2454//34
f 2459//36 2460//36 2461//36
f 2466//30 2467//30 2468//30
f 2475//38 2476//38 2477//38
f 2482//39 2483//39 2484//39
f 2489//32 2490//32 2491//32
f 2498//34 2499//34 2500//34
f 2507//36 2508//36 2509//36
f 2516//30 2517//30 2518//30
f 2525//38 2526//38 2527//38
f 2532//39 2533//39 2534//39
f 2541//32 2542//32 2543//32
f 2548//34 2549//34 2550//34
f 2557//36 2558//36 2559//36
f 2560//61 2561//61 2562//61
f 2571//30 2572//30 2573//30
f 2580//38 2581//38 2582//38
f 2587//39 2588//39 2589//39
f 2594//32 2595//32 2596//32
f 2601//34 2602//34 2603//34
f 2618//36 2619//36 2620//36
f 2625//30 2626//30 2627//30
f 2634//38 2635//38 2636//38
f 2643//39 2644//39 2645//39
f 2652//32 2653//32 2654//32
f 2659//34 2660//34 2661//34
f 2668//36 2669//36 2670//36
f 2679//30 2680//30 2681//30
f 2686//38 2687//38 2688//38
f 2697//39 2698//39 2699//39
f 2704//32 2705//32 2706//32
f 2711//34 2712//34 2713//34
f 2714//53 2715//53 2716//53
f 2725//36 2726//36 2727//36
f 2736//30 2737//30 2738//30
f 2743//38 2744//38 2745//38
f 2752//39 2753//39 2754//39
f 2761//32 2762//32 2763//32
f 2768//34 2769//34 2770//34
f 2777//36 2778//36 2779//36
f 2784//30 2785//30 2786//30
f 2791//38 2792//38 2793//38
f 2798//39 2799//39 2800//39
f 2813//32 2814//32 2815//32
f 2822//42 2823//42 2824//42
f 2835//30 2836//30 2837//30
f 2844//38 2845//38 2846//38
f 2851//39 2852//39 2853//39
f 2860//32 2861//32 2862//32
f 2869//37 2870//37 2871//37
f 2878//32 2879//32 2880//32
f 2885//39 2886//39 2887//39
f 2892//38 2893//38 2894//38
f 2899//30 2900//30 2901//30
f 2908//42 2909//42 2910//42
f 2917//32 2918//32 2919//32
f 2924//39 2925//39 2926//39
f 2931//38 2932//38 2933//38
f 2938//30 2939//30 2940//30
f 2945//36 2946//36 2947//36
f 2952//34 2953//34 2954//34
f 2959//32 2960//32 2961//32
f 2966//39 2967//39 2968//39
f 2973//38 2974//38 2975//38
f 2980//30 2981//30 2982//30
f 2987//36 2988//36 2989//36
f 2994//34 2995//34 2996//34
f 3001//32 3002//32 3003//32
f 3008//39 3009//39 3010//39
f 3015//38 3016//38 3017//38
f 3022//30 3023//30 3024//30
f 3029//36 3030//36 3031//36
f 3036//34 3037//34 3038//34
f 3043//32 3044//32 3045//32
f 3050//39 3051//39 3052//39
f 3057//38 3058//38 3059//38
f 3064//30 3065//30 3066//30
f 3071//36 3072//36 3073//36
f 3078//34 3079//34 3080//34
f 3085//32 3086//32 3087//32
f 3092//39 3093//39 3094//39
f 3099//38 3100//38 3101//38
f 3106//30 3107//30 3108//30
f 3113//36 3114//36 3115//36
f 3120//34 3121//34 3122//34
f 3127//32 3128//32 3129//32
f 3134//39 3135//39 3136//39
f 3141//38 3142//38 3143//38
f 3148//30 3149//30 3150//30
f 3155//36 3156//36 3157//36
f 3162//34 3163//34 3164//34
f 3169//32 3170//32 3171//32
f 3176//39 3177//39 3178//39
f 3183//38 3184//38 3185//38
f 3190//30 3191//30 3192//30
f 3197//36 3198//36 3199//36
f 3204//34 3205//34 3206//34
f 3211//32 3212//32 3213//32
f 3220//52 3221//52 3222//52
f 3229//30 3230//30 3231//30
f 3236//36 3237//36 3238//36
f 3243//34 3244//34 3245//34
f 1124//62 1126//62 1127//62 1125//62
f 1126//63 1128//63 1130//63 1127//63
f 1129//28 1132//28 1131//28 1130//28
f 1198//64 1134//64 1133//64 1197//64
f 1134//65 1140//65 1141//65 1135//65
f 1138//66 1133//66 1135//66 1139//66
f 1140//67 1145//67 1144//67 1141//67
f 1145//68 1151//68 1152//68 1146//68
f 1149//29 1144//29 1146//29 1150//29
f 1151//69 1154//69 1153//69 1152//69
f 1154//70 1158//70 1159//70 1155//70
f 1156//71 1153//71 1155//71 1157//71
f 915//72 918//72 919//72 916//72
f 1158//73 1161//73 1160//73 1159//73
f 1161//74 1173//74 1174//74 1162//74
f 1163//75 1160//75 1162//75 1164//75
f 1173//76 1180//76 1179//76 1174//76
f 1180//77 1186//77 1187//77 1181//77
f 1182//27 1179//27 1181//27 1183//27
f 1186//62 1193//62 1192//62 1187//62
f 1193//63 1198//63 1197//63 1194//63
f 1195//78 1192//78 1194//78 1196//78
f 1262//64 1202//64 1201//64 1261//64
f 1202//65 1206//65 1207//65 1203//65
f 1204//66 1201//66 1203//66 1205//66
f 1206//67 1211//67 1210//67 1207//67
f 1211//68 1217//68 1218//68 1212//68
f 1215//29 1210//29 1212//29 1216//29
f 1217//69 1220//69 1219//69 1218//69
f 1220//70 1228//70 1229//70 1221//70
f 1226//71 1219//71 1221//71 1227//71
f 1228//73 1231//73 1230//73 1229//73
f 1231//74 1241//74 1242//74 1232//74
f 1233//75 1230//75 1232//75 1234//75
f 1241//76 1246//76 1245//76 1242//76
f 1246//77 1252//77 1253//77 1247//77
f 1250//27 1245//27 1247//27 1251//27
f 1252//62 1255//62 1254//62 1253//62
f 1255//63 1262//63 1261//63 1256//63
f 1259//78 1254//78 1256//78 1260//78
f 1322//64 1264//64 1263//64 1321//64
f 1264//65 1268//65 1269//65 1265//65
f 1266//66 1263//66 1265//66 1267//66
f 1268//67 1271//67 1270//67 1269//67
f 1271//68 1277//68 1278//68 1272//68
f 1273//29 1270//29 1272//29 1274//29
f 1277//69 1286//69 1285//69 1278//69
f 1286//70 1292//70 1293//70 1287//70
f 1290//71 1285//71 1287//71 1291//71
f 1292//73 1295//73 1294//73 1293//73
f 1295//74 1303//74 1304//74 1296//74
f 1297//75 1294//75 1296//75 1298//75
f 1303//76 1308//76 1307//76 1304//76
f 1308//77 1312//77 1313//77 1309//77
f 1310//27 1307//27 1309//27 1311//27
f 1312//62 1317//62 1316//62 1313//62
f 1317//63 1322//63 1321//63 1318//63
f 1319//78 1316//78 1318//78 1320//78
f 1383//64 1324//64 1323//64 1382//64
f 1324//65 1328//65 1329//65 1325//65
f 1326//66 1323//66 1325//66 1327//66
f 1328//67 1342//67 1341//67 1329//67
f 1342//68 1346//68 1347//68 1343//68
f 1344//29 1341//29 1343//29 1345//29
f 1346//69 1349//69 1348//69 1347//69
f 1349//70 1353//70 1354//70 1350//70
f 1351//71 1348//71 1350//71 1352//71
f 1353//73 1356//73 1355//73 1354//73
f 1356//74 1360//74 1361//74 1357//74
f 1358//75 1355//75 1357//75 1359//75
f 1360//76 1363//76 1362//76 1361//76
f 1363//77 1373//77 1374//77 1364//77
f 1371//27 1362//27 1364//27 1372//27
f 1373//62 1376//62 1375//62 1374//62
f 1376//63 1383//63 1382//63 1377//63
f 1380//78 1375//78 1377//78 1381//78
f 1436//64 1385//64 1384//64 1435//64
f 1385//65 1393//65 1394//65 1386//65
f 1387//66 1384//66 1386//66 1388//66
f 1393//67 1396//67 1395//67 1394//67
f 1098//72 1099//72 1100//72 1097//72
f 1396//68 1403//68 1404//68 1397//68
f 1398//29 1395//29 1397//29 1399//29
f 1403//69 1406//69 1405//69 1404//69
f 1406//70 1410//70 1411//70 1407//70
f 1408//71 1405//71 1407//71 1409//71
f 1115//79 1117//79 1118//79 1116//79
f 1410//73 1413//73 1412//73 1411//73
f 1413//74 1419//74 1420//74 1414//74
f 1415//75 1412//75 1414//75 1416//75
f 1419//76 1422//76 1421//76 1420//76
f 1422//77 1426//77 1427//77 1423//77
f 1424//27 1421//27 1423//27 1425//27
f 1426//62 1431//62 1430//62 1427//62
f 1431//63 1436//63 1435//63 1432//63
f 1433//78 1430//78 1432//78 1434//78
f 1486//64 1437//64 1438//64 1484//64
f 1437//65 1440//65 1439//65 1438//65
f 1440//67 1445//67 1444//67 1441//67
f 1442//80 1439//80 1441//80 1443//80
f 1165//81 1168//81 1170//81 1166//81
f 1445//68 1449//68 1450//68 1446//68
f 1447//29 1444//29 1446//29 1448//29
f 1449//69 1451//69 1452//69 1450//69
f 1451//70 1454//70 1453//70 1452//70
f 1189//82 1190//82 1191//82 1188//82
f 1454//73 1459//73 1458//73 1455//73
f 1456//26 1453//26 1455//26 1457//26
f 1459//74 1463//74 1464//74 1460//74
f 1461//75 1458//75 1460//75 1462//75
f 1463//76 1469//76 1468//76 1464//76
f 1469//77 1473//77 1474//77 1470//77
f 1471//27 1468//27 1470//27 1472//27
f 1473//62 1480//62 1479//62 1474//62
f 1480//63 1486//63 1485//63 1481//63
f 1482//78 1479//78 1481//78 1483//78
f 1484//28 1488//28 1487//28 1485//28
f 1534//64 1489//64 1490//64 1532//64
f 1489//65 1492//65 1491//65 1490//65
f 1236//79 1237//79 1238//79 1235//79
f 1492//67 1497//67 1496//67 1493//67
f 1494//80 1491//80 1493//80 1495//80
f 1497//68 1505//68 1506//68 1498//68
f 1499//29 1496//29 1498//29 1500//29
f 1505//69 1507//69 1508//69 1506//69
f 1507//70 1510//70 1509//70 1508//70
f 1510//73 1514//73 1515//73 1511//73
f 1512//26 1509//26 1511//26 1513//26
f 1514//74 1516//74 1517//74 1515//74
f 1516//76 1519//76 1518//76 1517//76
f 1519//77 1526//77 1525//77 1520//77
f 1521//27 1518//27 1520//27 1522//27
f 1281//81 1282//81 1284//81 1279//81
f 1526//62 1530//62 1531//62 1527//62
f 1528//83 1525//83 1527//83 1529//83
f 1530//63 1534//63 1533//63 1531//63
f 1532//28 1536//28 1535//28 1533//28
f 1306//82 1301//82 1302//82 1305//82
f 1588//64 1538//64 1537//64 1587//64
f 1538//65 1544//65 1545//65 1539//65
f 1540//66 1537//66 1539//66 1541//66
f 1544//67 1549//67 1548//67 1545//67
f 1549//68 1553//68 1554//68 1550//68
f 1551//29 1548//29 1550//29 1552//29
f 1553//69 1556//69 1555//69 1554//69
f 1556//70 1560//70 1561//70 1557//70
f 1558//71 1555//71 1557//71 1559//71
f 1330//72 1334//72 1333//72 1331//72
f 1560//73 1565//73 1564//73 1561//73
f 1565//74 1569//74 1570//74 1566//74
f 1567//75 1564//75 1566//75 1568//75
f 1569//76 1574//76 1573//76 1570//76
f 1574//77 1578//77 1579//77 1575//77
f 1576//27 1573//27 1575//27 1577//27
f 1578//62 1581//62 1580//62 1579//62
f 1581//63 1588//63 1587//63 1582//63
f 1583//78 1580//78 1582//78 1584//78
f 1367//79 1369//79 1370//79 1368//79
f 1642//64 1590//64 1589//64 1641//64
f 1590//65 1594//65 1595//65 1591//65
f 1592//66 1589//66 1591//66 1593//66
f 1594//67 1597//67 1596//67 1595//67
f 1597//68 1605//68 1606//68 1598//68
f 1601//29 1596//29 1598//29 1602//29
f 1390//79 1391//79 1392//79 1389//79
f 1605//69 1610//69 1609//69 1606//69
f 1610//70 1616//70 1617//70 1611//70
f 1612//71 1609//71 1611//71 1613//71
f 1616//73 1619//73 1618//73 1617//73
f 1619//74 1623//74 1624//74 1620//74
f 1621//75 1618//75 1620//75 1622//75
f 1623//76 1626//76 1625//76 1624//76
f 1626//77 1630//77 1631//77 1627//77
f 1628//27 1625//27 1627//27 1629//27
f 1630//62 1633//62 1632//62 1631//62
f 1633//63 1642//63 1641//63 1634//63
f 1639//78 1632//78 1634//78 1640//78
f 1686//64 1644//64 1643//64 1685//64
f 1644//65 1648//65 1649//65 1645//65
f 1646//66 1643//66 1645//66 1647//66
f 1648//67 1651//67 1650//67 1649//67
f 1651//68 1655//68 1656//68 1652//68
f 1653//29 1650//29 1652//29 1654//29
f 1655//69 1658//69 1657//69 1656//69
f 1658//70 1662//70 1663//70 1659//70
f 1660//71 1657//71 1659//71 1661//71
f 1662//73 1665//73 1664//73 1663//73
f 1665//74 1669//74 1670//74 1666//74
f 1667//75 1664//75 1666//75 1668//75
f 1669//76 1672//76 1671//76 1670//76
f 1475//84 1477//84 1478//84 1476//84
f 1672//77 1676//77 1677//77 1673//77
f 1674//27 1671//27 1673//27 1675//27
f 1676//62 1681//62 1680//62 1677//62
f 1681//63 1686//63 1685//63 1682//63
f 1683//78 1680//78 1682//78 1684//78
f 1503//85 1501//85 1502//85 1504//85
f 1728//64 1688//64 1687//64 1727//64
f 1688//65 1692//65 1693//65 1689//65
f 1690//66 1687//66 1689//66 1691//66
f 1692//67 1695//67 1694//67 1693//67
f 1695//68 1699//68 1700//68 1696//68
f 1697//29 1694//29 1696//29 1698//29
f 1699//69 1702//69 1701//69 1700//69
f 1702//70 1706//70 1707//70 1703//70
f 1704//71 1701//71 1703//71 1705//71
f 1706//73 1709//73 1708//73 1707//73
f 1709//74 1713//74 1714//74 1710//74
f 1711//75 1708//75 1710//75 1712//75
f 1713//76 1716//76 1715//76 1714//76
f 1716//77 1720//77 1721//77 1717//77
f 1718//27 1715//27 1717//27 1719//27
f 1720//62 1723//62 1722//62 1721//62
f 1723//63 1728//63 1727//63 1724//63
f 1725//78 1722//78 1724//78 1726//78
f 1770//64 1730//64 1729//64 1769//64
f 1730//65 1734//65 1735//65 1731//65
f 1732//66 1729//66 1731//66 1733//66
f 1734//67 1737//67 1736//67 1735//67
f 1737//68 1741//68 1742//68 1738//68
f 1739//29 1736//29 1738//29 1740//29
f 1741//69 1744//69 1743//69 1742//69
f 1744//70 1748//70 1749//70 1745//70
f 1746//71 1743//71 1745//71 1747//71
f 1748//73 1751//73 1750//73 1749//73
f 1751//74 1755//74 1756//74 1752//74
f 1753//75 1750//75 1752//75 1754//75
f 1755//76 1758//76 1757//76 1756//76
f 1758//77 1762//77 1763//77 1759//77
f 1760//27 1757//27 1759//27 1761//27
f 1762//62 1765//62 1764//62 1763//62
f 1765//63 1770//63 1769//63 1766//63
f 1767//78 1764//78 1766//78 1768//78
f 1824//64 1772//64 1771//64 1823//64
f 1772//65 1780//65 1781//65 1773//65
f 1774//66 1771//66 1773//66 1775//66
f 1780//67 1783//67 1782//67 1781//67
f 1783//68 1787//68 1788//68 1784//68
f 1785//29 1782//29 1784//29 1786//29
f 1636//86 1637//86 1638//86 1635//86
f 1787//69 1790//69 1789//69 1788//69
f 1790//70 1794//70 1795//70 1791//70
f 1792//71 1789//71 1791//71 1793//71
f 1794//73 1797//73 1796//73 1795//73
f 1797//74 1801//74 1802//74 1798//74
f 1799//75 1796//75 1798//75 1800//75
f 1801//76 1804//76 1803//76 1802//76
f 1804//77 1808//77 1809//77 1805//77
f 1806//27 1803//27 1805//27 1807//27
f 1808//62 1817//62 1816//62 1809//62
f 1817//63 1824//63 1823//63 1818//63
f 1819//78 1816//78 1818//78 1820//78
f 1873//64 1826//64 1825//64 1872//64
f 1826//65 1830//65 1831//65 1827//65
f 1828//66 1825//66 1827//66 1829//66
f 1830//67 1833//67 1832//67 1831//67
f 1833//68 1837//68 1838//68 1834//68
f 1835//29 1832//29 1834//29 1836//29
f 1837//69 1840//69 1839//69 1838//69
f 1840//70 1844//70 1845//70 1841//70
f 1842//71 1839//71 1841//71 1843//71
f 1844//73 1847//73 1846//73 1845//73
f 1847//74 1851//74 1852//74 1848//74
f 1849//75 1846//75 1848//75 1850//75
f 1851//76 1854//76 1853//76 1852//76
f 1854//77 1862//77 1863//77 1855//77
f 1856//27 1853//27 1855//27 1857//27
f 1862//62 1865//62 1864//62 1863//62
f 1865//63 1873//63 1872//63 1866//63
f 1870//78 1864//78 1866//78 1871//78
f 1923//64 1875//64 1874//64 1922//64
f 1875//65 1883//65 1884//65 1876//65
f 1881//66 1874//66 1876//66 1882//66
f 1883//67 1890//67 1889//67 1884//67
f 1890//68 1894//68 1895//68 1891//68
f 1892//29 1889//29 1891//29 1893//29
f 1894//69 1897//69 1896//69 1895//69
f 1897//70 1901//70 1902//70 1898//70
f 1899//71 1896//71 1898//71 1900//71
f 1901//73 1904//73 1903//73 1902//73
f 1904//74 1908//74 1909//74 1905//74
f 1906//75 1903//75 1905//75 1907//75
f 1908//76 1911//76 1910//76 1909//76
f 1911//77 1915//77 1916//77 1912//77
f 1913//27 1910//27 1912//27 1914//27
f 1915//62 1918//62 1917//62 1916//62
f 1918//63 1923//63 1922//63 1919//63
f 1920//78 1917//78 1919//78 1921//78
f 1777//84 1779//84 1778//84 1776//84
f 1970//64 1924//64 1925//64 1968//64
f 1924//65 1926//65 1927//65 1925//65
f 1926//67 1929//67 1928//67 1927//67
f 1929//68 1938//68 1937//68 1930//68
f 1931//29 1928//29 1930//29 1932//29
f 1938//69 1942//69 1943//69 1939//69
f 1940//87 1937//87 1939//87 1941//87
f 1942//70 1945//70 1944//70 1943//70
f 1945//73 1950//73 1949//73 1946//73
f 1947//26 1944//26 1946//26 1948//26
f 1812//82 1814//82 1815//82 1813//82
f 1950//74 1954//74 1955//74 1951//74
f 1952//75 1949//75 1951//75 1953//75
f 1954//76 1957//76 1956//76 1955//76
f 1957//77 1961//77 1962//77 1958//77
f 1959//27 1956//27 1958//27 1960//27
f 1961//62 1964//62 1963//62 1962//62
f 1964//63 1970//63 1969//63 1965//63
f 1966//78 1963//78 1965//78 1967//78
f 1968//28 1972//28 1971//28 1969//28
f 2031//64 1973//64 1974//64 2029//64
f 1973//65 1979//65 1980//65 1974//65
f 1979//67 1982//67 1981//67 1980//67
f 1982//68 1989//68 1988//68 1983//68
f 1986//29 1981//29 1983//29 1987//29
f 1989//69 2000//69 2001//69 1990//69
f 1859//81 1860//81 1861//81 1858//81
f 1996//87 1988//87 1990//87 1997//87
f 2000//70 2003//70 2002//70 2001//70
f 2003//73 2007//73 2008//73 2004//73
f 2005//26 2002//26 2004//26 2006//26
f 2007//74 2010//74 2009//74 2008//74
f 1886//79 1879//79 1880//79 1885//79
f 2010//76 2015//76 2014//76 2011//76
f 2012//88 2009//88 2011//88 2013//88
f 2015//77 2019//77 2020//77 2016//77
f 2017//27 2014//27 2016//27 2018//27
f 2019//62 2023//62 2024//62 2020//62
f 2023//63 2031//63 2030//63 2024//63
f 2029//28 2033//28 2032//28 2030//28
f 2085//64 2035//64 2034//64 2084//64
f 2035//65 2039//65 2040//65 2036//65
f 2037//66 2034//66 2036//66 2038//66
f 2039//67 2042//67 2041//67 2040//67
f 2042//68 2046//68 2047//68 2043//68
f 2044//29 2041//29 2043//29 2045//29
f 2046//69 2053//69 2052//69 2047//69
f 2053//70 2057//70 2058//70 2054//70
f 2055//71 2052//71 2054//71 2056//71
f 2057//73 2060//73 2059//73 2058//73
f 2060//74 2064//74 2065//74 2061//74
f 2062//75 2059//75 2061//75 2063//75
f 2064//76 2069//76 2068//76 2065//76
f 1933//82 1935//82 1936//82 1934//82
f 2069//77 2073//77 2074//77 2070//77
f 2071//27 2068//27 2070//27 2072//27
f 2073//62 2080//62 2079//62 2074//62
f 2080//63 2085//63 2084//63 2081//63
f 2082//78 2079//78 2081//78 2083//78
f 2138//64 2087//64 2086//64 2137//64
f 2087//65 2093//65 2094//65 2088//65
f 2091//66 2086//66 2088//66 2092//66
f 2093//67 2096//67 2095//67 2094//67
f 2096//68 2100//68 2101//68 2097//68
f 2098//29 2095//29 2097//29 2099//29
f 1976//89 1977//89 1978//89 1975//89
f 2100//69 2102//69 2103//69 2101//69
f 2102//70 2105//70 2104//70 2103//70
f 2105//73 2111//73 2112//73 2106//73
f 2107//26 2104//26 2106//26 2108//26
f 2111//74 2113//74 2114//74 2112//74
f 2113//76 2116//76 2115//76 2114//76
f 2116//77 2120//77 2121//77 2117//77
f 2118//27 2115//27 2117//27 2119//27
f 2120//62 2131//62 2130//62 2121//62
f 2131//63 2138//63 2137//63 2132//63
f 2133//78 2130//78 2132//78 2134//78
f 2201//64 2144//64 2143//64 2200//64
f 2144//65 2150//65 2151//65 2145//65
f 2148//66 2143//66 2145//66 2149//66
f 2150//67 2153//67 2152//67 2151//67
f 2153//68 2163//68 2164//68 2154//68
f 2155//29 2152//29 2154//29 2156//29
f 2163//69 2169//69 2170//69 2164//69
f 2169//70 2175//70 2174//70 2170//70
f 2175//73 2179//73 2180//73 2176//73
f 2177//26 2174//26 2176//26 2178//26
f 2179//74 2181//74 2182//74 2180//74
f 2181//76 2187//76 2186//76 2182//76
f 2187//77 2193//77 2194//77 2188//77
f 2189//27 2186//27 2188//27 2190//27
f 2193//62 2196//62 2195//62 2194//62
f 2196//63 2201//63 2200//63 2197//63
f 2198//78 2195//78 2197//78 2199//78
f 2266//64 2206//64 2205//64 2265//64
f 2206//65 2212//65 2213//65 2207//65
f 2210//66 2205//66 2207//66 2211//66
f 2212//67 2215//67 2214//67 2213//67
f 2215//68 2227//68 2228//68 2216//68
f 2225//29 2214//29 2216//29 2226//29
f 2227//69 2229//69 2230//69 2228//69
f 2229//70 2232//70 2231//70 2230//70
f 2232//73 2236//73 2237//73 2233//73
f 2234//26 2231//26 2233//26 2235//26
f 2236//74 2238//74 2239//74 2237//74
f 2238//76 2249//76 2248//76 2239//76
f 2249//77 2256//77 2257//77 2250//77
f 2251//27 2248//27 2250//27 2252//27
f 2124//90 2128//90 2127//90 2125//90
f 2256//62 2261//62 2260//62 2257//62
f 2261//63 2266//63 2265//63 2262//63
f 2263//78 2260//78 2262//78 2264//78
f 2139//86 2141//86 2142//86 2140//86
f 2320//64 2268//64 2267//64 2319//64
f 2268//65 2272//65 2273//65 2269//65
f 2270//66 2267//66 2269//66 2271//66
f 2272//67 2277//67 2276//67 2273//67
f 2160//86 2161//86 2162//86 2159//86
f 2277//68 2285//68 2286//68 2278//68
f 2281//29 2276//29 2278//29 2282//29
f 2285//69 2287//69 2288//69 2286//69
f 2287//70 2290//70 2289//70 2288//70
f 2290//73 2296//73 2297//73 2291//73
f 2294//26 2289//26 2291//26 2295//26
f 2296//74 2298//74 2299//74 2297//74
f 2298//76 2303//76 2302//76 2299//76
f 2303//77 2307//77 2308//77 2304//77
f 2305//27 2302//27 2304//27 2306//27
f 2307//62 2310//62 2309//62 2308//62
f 2310//63 2320//63 2319//63 2311//63
f 2312//78 2309//78 2311//78 2313//78
f 2361//64 2324//64 2325//64 2359//64
f 2220//85 2222//85 2221//85 2219//85
f 2324//65 2328//65 2329//65 2325//65
f 2328//67 2331//67 2330//67 2329//67
f 2331//68 2335//68 2336//68 2332//68
f 2333//29 2330//29 2332//29 2334//29
f 2335//69 2337//69 2338//69 2336//69
f 2337//70 2340//70 2339//70 2338//70
f 2245//85 2246//85 2247//85 2244//85
f 2340//73 2344//73 2345//73 2341//73
f 2342//26 2339//26 2341//26 2343//26
f 2344//74 2346//74 2347//74 2345//74
f 2346//76 2349//76 2348//76 2347//76
f 2349//77 2355//77 2356//77 2350//77
f 2351//27 2348//27 2350//27 2352//27
f 2355//62 2357//62 2358//62 2356//62
f 2357//63 2361//63 2360//63 2358//63
f 2359//28 2363//28 2362//28 2360//28
f 2402//64 2364//64 2365//64 2400//64
f 2364//65 2367//65 2366//65 2365//65
f 2367//67 2371//67 2372//67 2368//67
f 2369//80 2366//80 2368//80 2370//80
f 2371//68 2374//68 2373//68 2372//68
f 2374//69 2378//69 2379//69 2375//69
f 2376//87 2373//87 2375//87 2377//87
f 2378//70 2381//70 2380//70 2379//70
f 2381//73 2385//73 2386//73 2382//73
f 2383//26 2380//26 2382//26 2384//26
f 2315//86 2317//86 2316//86 2314//86
f 2385//74 2387//74 2388//74 2386//74
f 2387//76 2390//76 2389//76 2388//76
f 2390//77 2394//77 2395//77 2391//77
f 2392//27 2389//27 2391//27 2393//27
f 2394//62 2398//62 2399//62 2395//62
f 2398//63 2402//63 2401//63 2399//63
f 2400//28 2404//28 2403//28 2401//28
f 2443//64 2405//64 2406//64 2441//64
f 2405//65 2408//65 2407//65 2406//65
f 2408//67 2412//67 2413//67 2409//67
f 2410//80 2407//80 2409//80 2411//80
f 2412//68 2415//68 2414//68 2413//68
f 2415//69 2419//69 2420//69 2416//69
f 2417//87 2414//87 2416//87 2418//87
f 2419//70 2424//70 2423//70 2420//70
f 2424//73 2428//73 2429//73 2425//73
f 2426//26 2423//26 2425//26 2427//26
f 2428//74 2430//74 2431//74 2429//74
f 2430//76 2433//76 2432//76 2431//76
f 2433//77 2437//77 2438//77 2434//77
f 2435//27 2432//27 2434//27 2436//27
f 2437//62 2439//62 2440//62 2438//62
f 2439//63 2443//63 2442//63 2440//63
f 2441//28 2447//28 2446//28 2442//28
f 2491//64 2450//64 2451//64 2489//64
f 2450//65 2453//65 2452//65 2451//65
f 2453//67 2457//67 2458//67 2454//67
f 2455//80 2452//80 2454//80 2456//80
f 2457//68 2460//68 2459//68 2458//68
f 2460//69 2464//69 2465//69 2461//69
f 2462//87 2459//87 2461//87 2463//87
f 2464//70 2467//70 2466//70 2465//70
f 2467//73 2471//73 2472//73 2468//73
f 2469//26 2466//26 2468//26 2470//26
f 2471//74 2476//74 2475//74 2472//74
f 2476//76 2480//76 2481//76 2477//76
f 2478//88 2475//88 2477//88 2479//88
f 2480//77 2483//77 2482//77 2481//77
f 2483//62 2487//62 2488//62 2484//62
f 2485//83 2482//83 2484//83 2486//83
f 2487//63 2491//63 2490//63 2488//63
f 2489//28 2493//28 2492//28 2490//28
f 2543//64 2494//64 2495//64 2541//64
f 2494//65 2499//65 2498//65 2495//65
f 2499//67 2503//67 2504//67 2500//67
f 2501//80 2498//80 2500//80 2502//80
f 2503//68 2508//68 2507//68 2504//68
f 2508//69 2512//69 2513//69 2509//69
f 2510//87 2507//87 2509//87 2511//87
f 2512//70 2517//70 2516//70 2513//70
f 2517//73 2521//73 2522//73 2518//73
f 2519//26 2516//26 2518//26 2520//26
f 2521//74 2526//74 2525//74 2522//74
f 2526//76 2530//76 2531//76 2527//76
f 2528//88 2525//88 2527//88 2529//88
f 2530//77 2533//77 2532//77 2531//77
f 2533//62 2539//62 2540//62 2534//62
f 2537//83 2532//83 2534//83 2538//83
f 2539//63 2543//63 2542//63 2540//63
f 2541//28 2545//28 2544//28 2542//28
f 2596//64 2546//64 2547//64 2594//64
f 2546//65 2549//65 2548//65 2547//65
f 2549//67 2553//67 2554//67 2550//67
f 2551//80 2548//80 2550//80 2552//80
f 2553//68 2558//68 2557//68 2554//68
f 2558//69 2569//69 2570//69 2559//69
f 2563//87 2557//87 2559//87 2564//87
f 2569//70 2572//70 2571//70 2570//70
f 2572//73 2578//73 2579//73 2573//73
f 2574//26 2571//26 2573//26 2575//26
f 2578//74 2581//74 2580//74 2579//74
f 2581//76 2585//76 2586//76 2582//76
f 2583//88 2580//88 2582//88 2584//88
f 2585//77 2588//77 2587//77 2586//77
f 2588//62 2592//62 2593//62 2589//62
f 2590//83 2587//83 2589//83 2591//83
f 2592//63 2596//63 2595//63 2593//63
f 2594//28 2598//28 2597//28 2595//28
f 2654//64 2599//64 2600//64 2652//64
f 2599//65 2602//65 2601//65 2600//65
f 2602//67 2614//67 2615//67 2603//67
f 2604//80 2601//80 2603//80 2605//80
f 2565//91 2567//91 2568//91 2566//91
f 2614//68 2619//68 2618//68 2615//68
f 2619//69 2623//69 2624//69 2620//69
f 2621//87 2618//87 2620//87 2622//87
f 2623//70 2626//70 2625//70 2624//70
f 2626//73 2630//73 2631//73 2627//73
f 2628//26 2625//26 2627//26 2629//26
f 2630//74 2635//74 2634//74 2631//74
f 2635//76 2639//76 2640//76 2636//76
f 2637//88 2634//88 2636//88 2638//88
f 2639//77 2644//77 2643//77 2640//77
f 2644//62 2650//62 2651//62 2645//62
f 2646//83 2643//83 2645//83 2647//83
f 2613//72 2607//72 2606//72 2612//72
f 2608//90 2610//90 2611//90 2609//90
f 2650//63 2654//63 2653//63 2651//63
f 2652//28 2656//28 2655//28 2653//28
f 2706//64 2657//64 2658//64 2704//64
f 2657//65 2660//65 2659//65 2658//65
f 2660//67 2666//67 2667//67 2661//67
f 2664//80 2659//80 2661//80 2665//80
f 2666//68 2669//68 2668//68 2667//68
f 2669//69 2677//69 2678//69 2670//69
f 2675//87 2668//87 2670//87 2676//87
f 2677//70 2680//70 2679//70 2678//70
f 2680//73 2684//73 2685//73 2681//73
f 2682//26 2679//26 2681//26 2683//26
f 2684//74 2687//74 2686//74 2685//74
f 2687//76 2691//76 2692//76 2688//76
f 2689//88 2686//88 2688//88 2690//88
f 2691//77 2698//77 2697//77 2692//77
f 2698//62 2702//62 2703//62 2699//62
f 2700//83 2697//83 2699//83 2701//83
f 2702//63 2706//63 2705//63 2703//63
f 2672//92 2673//92 2674//92 2671//92
f 2704//28 2708//28 2707//28 2705//28
f 2763//64 2709//64 2710//64 2761//64
f 2709//65 2712//65 2711//65 2710//65
f 2712//67 2723//67 2724//67 2713//67
f 2721//80 2711//80 2713//80 2722//80
f 2723//68 2726//68 2725//68 2724//68
f 2726//69 2732//69 2733//69 2727//69
f 2730//87 2725//87 2727//87 2731//87
f 2732//70 2737//70 2736//70 2733//70
f 2737//73 2741//73 2742//73 2738//73
f 2739//26 2736//26 2738//26 2740//26
f 2741//74 2744//74 2743//74 2742//74
f 2717//91 2719//91 2720//91 2718//91
f 2744//76 2748//76 2749//76 2745//76
f 2746//88 2743//88 2745//88 2747//88
f 2748//77 2753//77 2752//77 2749//77
f 2734//93 2728//93 2729//93 2735//93
f 2753//62 2759//62 2760//62 2754//62
f 2755//83 2752//83 2754//83 2756//83
f 2759//63 2763//63 2762//63 2760//63
f 2761//28 2765//28 2764//28 2762//28
f 2815//64 2766//64 2767//64 2813//64
f 2766//65 2769//65 2768//65 2767//65
f 2769//67 2773//67 2774//67 2770//67
f 2771//80 2768//80 2770//80 2772//80
f 2773//68 2778//68 2777//68 2774//68
f 2778//69 2782//69 2783//69 2779//69
f 2780//87 2777//87 2779//87 2781//87
f 2782//70 2785//70 2784//70 2783//70
f 2785//73 2789//73 2790//73 2786//73
f 2787//26 2784//26 2786//26 2788//26
f 2789//74 2792//74 2791//74 2790//74
f 2792//76 2796//76 2797//76 2793//76
f 2794//88 2791//88 2793//88 2795//88
f 2796//77 2799//77 2798//77 2797//77
f 2799//62 2805//62 2806//62 2800//62
f 2803//83 2798//83 2800//83 2804//83
f 2805//63 2815//63 2814//63 2806//63
f 2813//28 2817//28 2816//28 2814//28
f 2862//64 2818//64 2819//64 2860//64
f 2812//72 2807//72 2808//72 2811//72
f 2818//65 2820//65 2821//65 2819//65
f 2820//67 2823//67 2822//67 2821//67
f 2823//68 2831//68 2832//68 2824//68
f 2827//29 2822//29 2824//29 2828//29
f 2831//69 2833//69 2834//69 2832//69
f 2833//70 2836//70 2835//70 2834//70
f 2836//73 2842//73 2843//73 2837//73
f 2838//26 2835//26 2837//26 2839//26
f 2842//74 2845//74 2844//74 2843//74
f 2845//76 2849//76 2850//76 2846//76
f 2847//88 2844//88 2846//88 2848//88
f 2849//77 2852//77 2851//77 2850//77
f 2852//62 2858//62 2859//62 2853//62
f 2856//83 2851//83 2853//83 2857//83
f 2858//63 2862//63 2861//63 2859//63
f 2860//28 2864//28 2863//28 2861//28
f 885//82 891//82 892//82 886//82
f 1175//82 1191//82 1190//82 1176//82
f 891//82 902//82 903//82 892//82
f 902//82 913//82 914//82 903//82
f 1188//82 926//82 925//82 1189//82
f 913//82 917//82 916//82 914//82
f 935//84 915//84 917//84 936//84
f 918//72 960//72 961//72 919//72
f 960//72 1005//72 1006//72 961//72
f 1005//72 1023//72 1024//72 1006//72
f 1023//72 1047//72 1048//72 1024//72
f 1047//72 1056//72 1057//72 1048//72
f 1056//72 1098//72 1097//72 1057//72
f 1240//79 1225//79 1224//79 1239//79
f 1143//79 1118//79 1117//79 1142//79
f 1148//79 1240//79 1239//79 1147//79
f 1137//79 1143//79 1142//79 1136//79
f 1249//79 1148//79 1147//79 1248//79
f 1099//72 1170//72 1169//72 1100//72
f 1168//79 1137//79 1136//79 1169//79
f 1167//79 1249//79 1248//79 1165//79
f 1184//82 1171//82 1172//82 1185//82
f 1177//82 1288//82 1289//82 1178//82
f 1171//82 1213//82 1214//82 1172//82
f 1288//82 1208//82 1209//82 1289//82
f 1213//82 1200//82 1199//82 1214//82
f 1208//82 1337//82 1336//82 1209//82
f 1237//79 1223//79 1222//79 1238//79
f 1379//79 1366//79 1365//79 1378//79
f 1244//79 1379//79 1378//79 1243//79
f 1258//79 1236//79 1235//79 1257//79
f 1276//79 1244//79 1243//79 1275//79
f 1166//72 1284//72 1283//72 1167//72
f 1282//79 1258//79 1257//79 1283//79
f 1280//79 1276//79 1275//79 1281//79
f 1299//82 1306//82 1305//82 1300//82
f 1301//82 1314//82 1315//82 1302//82
f 1314//82 1332//82 1331//82 1315//82
f 1339//84 1330//84 1332//84 1340//84
f 1391//79 1370//79 1369//79 1392//79
f 1279//72 1400//72 1402//72 1280//72
f 1401//79 1390//79 1389//79 1402//79
f 1400//81 1417//81 1418//81 1401//81
f 2671//94 2693//94 2694//94 2672//94
f 2693//82 1428//82 1429//82 2694//82
f 1428//82 2714//82 2716//82 1429//82
f 1417//81 1571//81 1572//81 1418//81
f 2715//84 1465//84 1467//84 2716//84
f 1608//85 1604//85 1603//85 1607//85
f 1615//85 1608//85 1607//85 1614//85
f 1501//85 1615//85 1614//85 1502//85
f 1523//86 1638//86 1637//86 1524//86
f 1635//86 1542//86 1543//86 1636//86
f 1542//86 1547//86 1546//86 1543//86
f 1571//81 1562//81 1563//81 1572//81
f 1586//89 2662//89 2663//89 1585//89
f 2696//86 1586//86 1585//86 2695//86
f 1466//86 2696//86 2695//86 1467//86
f 1599//84 1478//84 1477//84 1600//84
f 1562//81 1678//81 1679//81 1563//81
f 1678//81 1861//81 1860//81 1679//81
f 2825//94 2840//94 2841//94 2826//94
f 2840//82 2854//82 2855//82 2841//82
f 2854//82 1867//82 1869//82 2855//82
f 1885//79 1878//79 1877//79 1886//79
f 1888//79 1880//79 1879//79 1887//79
f 1810//79 1888//79 1887//79 1811//79
f 1814//82 1821//82 1822//82 1815//82
f 1821//82 1936//82 1935//82 1822//82
f 1868//84 1993//84 1995//84 1869//84
f 1992//84 1777//84 1776//84 1991//84
f 1858//81 2025//81 2026//81 1859//81
f 1985//86 1976//86 1975//86 1984//86
f 1994//86 1985//86 1984//86 1995//86
f 1998//84 1992//84 1991//84 1999//84
f 2025//81 2021//81 2022//81 2026//81
f 2051//86 2028//86 2027//86 2050//86
f 2146//86 2162//86 2161//86 2147//86
f 2049//86 2051//86 2050//86 2048//86
f 2066//86 2049//86 2048//86 2067//86
f 2159//86 2172//86 2171//86 2160//86
f 2218//85 2076//85 2075//85 2217//85
f 2077//85 2089//85 2090//85 2078//85
f 2243//85 2218//85 2217//85 2242//85
f 2089//85 2109//85 2110//85 2090//85
f 2259//85 2243//85 2242//85 2258//85
f 2109//85 2122//85 2123//85 2110//85
f 2126//85 2259//85 2258//85 2124//85
f 2122//85 2129//85 2128//85 2123//85
f 2021//81 2127//81 2129//81 2022//81
f 2135//86 2279//86 2280//86 2136//86
f 2158//86 2142//86 2141//86 2157//86
f 2279//86 2292//86 2293//86 2280//86
f 2168//86 2158//86 2157//86 2167//86
f 2292//86 2165//86 2166//86 2293//86
f 2183//86 2168//86 2167//86 2184//86
f 2165//86 2321//86 2323//86 2166//86
f 2322//90 2185//90 2184//90 2323//90
f 2185//84 2192//84 2191//84 2183//84
f 2224//85 2209//85 2208//85 2223//85
f 2536//85 2224//85 2223//85 2535//85
f 2219//85 2247//85 2246//85 2220//85
f 2241//85 2536//85 2535//85 2240//85
f 2202//85 2241//85 2240//85 2203//85
f 2244//85 2253//85 2255//85 2245//85
f 2254//90 2204//90 2203//90 2255//90
f 2125//81 2254//81 2253//81 2126//81
f 2284//86 2275//86 2274//86 2283//86
f 2301//86 2284//86 2283//86 2300//86
f 2314//86 2301//86 2300//86 2315//86
f 2327//90 2318//90 2317//90 2326//90
f 2318//84 2322//84 2321//84 2316//84
f 2354//90 2327//90 2326//90 2353//90
f 2397//90 2354//90 2353//90 2396//90
f 2422//90 2397//90 2396//90 2421//90
f 2449//90 2422//90 2421//90 2448//90
f 2445//90 2449//90 2448//90 2444//90
f 2474//90 2445//90 2444//90 2473//90
f 2497//90 2474//90 2473//90 2496//90
f 2514//85 2505//85 2506//85 2515//85
f 2505//85 2523//85 2524//85 2506//85
f 2523//85 2555//85 2556//85 2524//85
f 2555//85 2560//85 2562//85 2556//85
f 2561//90 2497//90 2496//90 2562//90
f 2204//81 2561//81 2560//81 2202//81
f 2633//93 2577//93 2576//93 2632//93
f 2567//91 2616//91 2617//91 2568//91
f 2673//93 2633//93 2632//93 2674//93
f 2642//90 2611//90 2610//90 2641//90
f 2612//72 2648//72 2649//72 2613//72
f 2616//95 2663//95 2662//95 2617//95
f 1465//90 2642//90 2641//90 1466//90
f 2648//72 2715//72 2714//72 2649//72
f 2802//90 2758//90 2757//90 2801//90
f 2750//72 2808//72 2807//72 2751//72
f 2719//91 2829//91 2830//91 2720//91
f 2776//93 2729//93 2728//93 2775//93
f 2810//90 2802//90 2801//90 2809//90
f 2829//95 1978//95 1977//95 2830//95
f 2826//92 2776//92 2775//92 2825//92
f 1993//90 2810//90 2809//90 1994//90
f 2811//72 1868//72 1867//72 2812//72
f 1122//27 1119//27 1121//27 1123//27
f 1120//77 1124//77 1125//77 1121//77
f 1113//76 1120//76 1119//76 1114//76
f 1111//75 1108//75 1110//75 1112//75
f 1109//74 1113//74 1114//74 1110//74
f 1106//73 1109//73 1108//73 1107//73
f 1104//71 1101//71 1103//71 1105//71
f 1102//70 1106//70 1107//70 1103//70
f 1095//69 1102//69 1101//69 1096//69
f 1093//29 1090//29 1092//29 1094//29
f 1091//68 1095//68 1096//68 1092//68
f 1088//67 1091//67 1090//67 1089//67
f 1086//65 1088//65 1089//65 1087//65
f 1128//64 1086//64 1087//64 1129//64
f 1081//28 1085//28 1084//28 1082//28
f 1079//63 1083//63 1082//63 1080//63
f 1077//62 1079//62 1080//62 1078//62
f 1075//27 1072//27 1074//27 1076//27
f 1073//77 1077//77 1078//77 1074//77
f 1070//76 1073//76 1072//76 1071//76
f 1068//75 1065//75 1067//75 1069//75
f 1066//74 1070//74 1071//74 1067//74
f 1063//73 1066//73 1065//73 1064//73
f 1061//71 1058//71 1060//71 1062//71
f 1059//70 1063//70 1064//70 1060//70
f 1054//69 1059//69 1058//69 1055//69
f 1052//29 1049//29 1051//29 1053//29
f 1050//68 1054//68 1055//68 1051//68
f 1045//67 1050//67 1049//67 1046//67
f 1043//65 1045//65 1046//65 1044//65
f 1083//64 1043//64 1044//64 1081//64
f 1038//28 1042//28 1041//28 1039//28
f 1036//63 1040//63 1039//63 1037//63
f 1034//62 1036//62 1037//62 1035//62
f 1032//27 1029//27 1031//27 1033//27
f 1030//77 1034//77 1035//77 1031//77
f 1027//76 1030//76 1029//76 1028//76
f 1025//74 1027//74 1028//74 1026//74
f 1021//26 1018//26 1020//26 1022//26
f 1019//73 1025//73 1026//73 1020//73
f 1016//70 1019//70 1018//70 1017//70
f 1014//69 1016//69 1017//69 1015//69
f 1012//29 1009//29 1011//29 1013//29
f 1010//68 1014//68 1015//68 1011//68
f 1007//67 1010//67 1009//67 1008//67
f 1003//65 1007//65 1008//65 1004//65
f 1040//64 1003//64 1004//64 1038//64
f 998//28 1002//28 1001//28 999//28
f 996//63 1000//63 999//63 997//63
f 994//83 991//83 993//83 995//83
f 992//62 996//62 997//62 993//62
f 989//77 992//77 991//77 990//77
f 987//88 984//88 986//88 988//88
f 985//76 989//76 990//76 986//76
f 982//74 985//74 984//74 983//74
f 980//26 977//26 979//26 981//26
f 978//73 982//73 983//73 979//73
f 975//70 978//70 977//70 976//70
f 973//69 975//69 976//69 974//69
f 971//29 968//29 970//29 972//29
f 969//68 973//68 974//68 970//68
f 966//67 969//67 968//67 967//67
f 964//65 966//65 967//65 965//65
f 1000//64 964//64 965//64 998//64
f 957//28 963//28 962//28 958//28
f 955//63 959//63 958//63 956//63
f 953//62 955//62 956//62 954//62
f 951//27 948//27 950//27 952//27
f 949//77 953//77 954//77 950//77
f 946//76 949//76 948//76 947//76
f 944//74 946//74 947//74 945//74
f 942//26 939//26 941//26 943//26
f 940//73 944//73 945//73 941//73
f 937//70 940//70 939//70 938//70
f 933//87 930//87 932//87 934//87
f 931//69 937//69 938//69 932//69
f 928//68 931//68 930//68 929//68
f 923//80 920//80 922//80 924//80
f 921//67 928//67 929//67 922//67
f 911//65 921//65 920//65 912//65
f 959//64 911//64 912//64 957//64
f 906//28 910//28 909//28 907//28
f 904//63 908//63 907//63 905//63
f 900//62 904//62 905//62 901//62
f 898//27 895//27 897//27 899//27
f 896//77 900//77 901//77 897//77
f 893//76 896//76 895//76 894//76
f 889//74 893//74 894//74 890//74
f 887//26 882//26 884//26 888//26
f 883//73 889//73 890//73 884//73
f 880//70 883//70 882//70 881//70
f 2865//69 880//69 881//69 2866//69
f 2867//29 2869//29 2871//29 2868//29
f 2870//68 2865//68 2866//68 2871//68
f 2872//67 2870//67 2869//67 2873//67
f 2874//65 2872//65 2873//65 2875//65
f 908//64 2874//64 2875//64 906//64
f 2878//28 2877//28 2876//28 2879//28
f 2881//63 2880//63 2879//63 2882//63
f 2883//83 2885//83 2887//83 2884//83
f 2886//62 2881//62 2882//62 2887//62
f 2888//77 2886//77 2885//77 2889//77
f 2890//88 2892//88 2894//88 2891//88
f 2893//76 2888//76 2889//76 2894//76
f 2895//74 2893//74 2892//74 2896//74
f 2897//26 2899//26 2901//26 2898//26
f 2900//73 2895//73 2896//73 2901//73
f 2902//70 2900//70 2899//70 2903//70
f 2904//69 2902//69 2903//69 2905//69
f 2906//29 2908//29 2910//29 2907//29
f 2909//68 2904//68 2905//68 2910//68
f 2911//67 2909//67 2908//67 2912//67
f 2913//65 2911//65 2912//65 2914//65
f 2880//64 2913//64 2914//64 2878//64
f 2917//28 2916//28 2915//28 2918//28
f 2920//63 2919//63 2918//63 2921//63
f 2922//83 2924//83 2926//83 2923//83
f 2925//62 2920//62 2921//62 2926//62
f 2927//77 2925//77 2924//77 2928//77
f 2929//88 2931//88 2933//88 2930//88
f 2932//76 2927//76 2928//76 2933//76
f 2934//74 2932//74 2931//74 2935//74
f 2936//26 2938//26 2940//26 2937//26
f 2939//73 2934//73 2935//73 2940//73
f 2941//70 2939//70 2938//70 2942//70
f 2943//87 2945//87 2947//87 2944//87
f 2946//69 2941//69 2942//69 2947//69
f 2948//68 2946//68 2945//68 2949//68
f 2950//80 2952//80 2954//80 2951//80
f 2953//67 2948//67 2949//67 2954//67
f 2955//65 2953//65 2952//65 2956//65
f 2919//64 2955//64 2956//64 2917//64
f 2959//28 2958//28 2957//28 2960//28
f 2962//63 2961//63 2960//63 2963//63
f 2964//83 2966//83 2968//83 2965//83
f 2967//62 2962//62 2963//62 2968//62
f 2969//77 2967//77 2966//77 2970//77
f 2971//88 2973//88 2975//88 2972//88
f 2974//76 2969//76 2970//76 2975//76
f 2976//74 2974//74 2973//74 2977//74
f 2978//26 2980//26 2982//26 2979//26
f 2981//73 2976//73 2977//73 2982//73
f 2983//70 2981//70 2980//70 2984//70
f 2985//87 2987//87 2989//87 2986//87
f 2988//69 2983//69 2984//69 2989//69
f 2990//68 2988//68 2987//68 2991//68
f 2992//80 2994//80 2996//80 2993//80
f 2995//67 2990//67 2991//67 2996//67
f 2997//65 2995//65 2994//65 2998//65
f 2961//64 2997//64 2998//64 2959//64
f 3001//28 3000//28 2999//28 3002//28
f 3004//63 3003//63 3002//63 3005//63
f 3006//83 3008//83 3010//83 3007//83
f 3009//62 3004//62 3005//62 3010//62
f 3011//77 3009//77 3008//77 3012//77
f 3013//88 3015//88 3017//88 3014//88
f 3016//76 3011//76 3012//76 3017//76
f 3018//74 3016//74 3015//74 3019//74
f 3020//26 3022//26 3024//26 3021//26
f 3023//73 3018//73 3019//73 3024//73
f 3025//70 3023//70 3022//70 3026//70
f 3027//87 3029//87 3031//87 3028//87
f 3030//69 3025//69 3026//69 3031//69
f 3032//68 3030//68 3029//68 3033//68
f 3034//80 3036//80 3038//80 3035//80
f 3037//67 3032//67 3033//67 3038//67
f 3039//65 3037//65 3036//65 3040//65
f 3003//64 3039//64 3040//64 3001//64
f 3043//28 3042//28 3041//28 3044//28
f 3046//63 3045//63 3044//63 3047//63
f 3048//83 3050//83 3052//83 3049//83
f 3051//62 3046//62 3047//62 3052//62
f 3053//77 3051//77 3050//77 3054//77
f 3055//88 3057//88 3059//88 3056//88
f 3058//76 3053//76 3054//76 3059//76
f 3060//74 3058//74 3057//74 3061//74
f 3062//26 3064//26 3066//26 3063//26
f 3065//73 3060//73 3061//73 3066//73
f 3067//70 3065//70 3064//70 3068//70
f 3069//87 3071//87 3073//87 3070//87
f 3072//69 3067//69 3068//69 3073//69
f 3074//68 3072//68 3071//68 3075//68
f 3076//80 3078//80 3080//80 3077//80
f 3079//67 3074//67 3075//67 3080//67
f 3081//65 3079//65 3078//65 3082//65
f 3045//64 3081//64 3082//64 3043//64
f 3085//28 3084//28 3083//28 3086//28
f 3088//63 3087//63 3086//63 3089//63
f 3090//83 3092//83 3094//83 3091//83
f 3093//62 3088//62 3089//62 3094//62
f 3095//77 3093//77 3092//77 3096//77
f 3097//88 3099//88 3101//88 3098//88
f 3100//76 3095//76 3096//76 3101//76
f 3102//74 3100//74 3099//74 3103//74
f 3104//26 3106//26 3108//26 3105//26
f 3107//73 3102//73 3103//73 3108//73
f 3109//70 3107//70 3106//70 3110//70
f 3111//87 3113//87 3115//87 3112//87
f 3114//69 3109//69 3110//69 3115//69
f 3116//68 3114//68 3113//68 3117//68
f 3118//80 3120//80 3122//80 3119//80
f 3121//67 3116//67 3117//67 3122//67
f 3123//65 3121//65 3120//65 3124//65
f 3087//64 3123//64 3124//64 3085//64
f 3127//28 3126//28 3125//28 3128//28
f 3130//63 3129//63 3128//63 3131//63
f 3132//83 3134//83 3136//83 3133//83
f 3135//62 3130//62 3131//62 3136//62
f 3137//77 3135//77 3134//77 3138//77
f 3139//88 3141//88 3143//88 3140//88
f 3142//76 3137//76 3138//76 3143//76
f 3144//74 3142//74 3141//74 3145//74
f 3146//26 3148//26 3150//26 3147//26
f 3149//73 3144//73 3145//73 3150//73
f 3151//70 3149//70 3148//70 3152//70
f 3153//87 3155//87 3157//87 3154//87
f 3156//69 3151//69 3152//69 3157//69
f 3158//68 3156//68 3155//68 3159//68
f 3160//80 3162//80 3164//80 3161//80
f 3163//67 3158//67 3159//67 3164//67
f 3165//65 3163//65 3162//65 3166//65
f 3129//64 3165//64 3166//64 3127//64
f 3169//28 3168//28 3167//28 3170//28
f 3172//63 3171//63 3170//63 3173//63
f 3174//83 3176//83 3178//83 3175//83
f 3177//62 3172//62 3173//62 3178//62
f 3179//77 3177//77 3176//77 3180//77
f 3181//88 3183//88 3185//88 3182//88
f 3184//76 3179//76 3180//76 3185//76
f 3186//74 3184//74 3183//74 3187//74
f 3188//26 3190//26 3192//26 3189//26
f 3191//73 3186//73 3187//73 3192//73
f 3193//70 3191//70 3190//70 3194//70
f 3195//87 3197//87 3199//87 3196//87
f 3198//69 3193//69 3194//69 3199//69
f 3200//68 3198//68 3197//68 3201//68
f 3202//80 3204//80 3206//80 3203//80
f 3205//67 3200//67 3201//67 3206//67
f 3207//65 3205//65 3204//65 3208//65
f 3171//64 3207//64 3208//64 3169//64
f 3211//28 3210//28 3209//28 3212//28
f 3214//63 3213//63 3212//63 3215//63
f 3216//62 3214//62 3215//62 3217//62
f 3218//27 3220//27 3222//27 3219//27
f 3221//77 3216//77 3217//77 3222//77
f 3223//76 3221//76 3220//76 3224//76
f 3225//74 3223//74 3224//74 3226//74
f 3227//26 3229//26 3231//26 3228//26
f 3230//73 3225//73 3226//73 3231//73
f 3232//70 3230//70 3229//70 3233//70
f 3234//87 3236//87 3238//87 3235//87
f 3237//69 3232//69 3233//69 3238//69
f 3239//68 3237//68 3236//68 3240//68
f 3241//80 3243//80 3245//80 3242//80
f 3244//67 3239//67 3240//67 3245//67
f 3246//65 3244//65 3243//65 3247//65
f 3213//64 3246//64 3247//64 3211//64
f 357//82 821//82 2866//82 881//82
f 887//96 357//96 881//96 882//96
f 908//97 904//97 900//97 896//97 893//97 889//97 883//97 880//97 2865//97 2870//97 2872//97 2874//97
f 358//98 888//98 884//98 890//98
f 1176//29 1190//29 891//29 885//29
f 892//26 371//26 368//26 886//26
f 360//79 358//79 890//79 894//79
f 1190//29 1189//29 902//29 891//29
f 903//26 359//26 371//26 892//26
f 898//99 360//99 894//99 895//99
f 361//100 899//100 897//100 901//100
f 363//85 361//85 901//85 905//85
f 1189//29 925//29 913//29 902//29
f 914//26 362//26 359//26 903//26
f 909//101 363//101 905//101 907//101
f 823//102 910//102 906//102 2875//102
f 364//102 963//102 957//102 912//102
f 923//86 364//86 912//86 920//86
f 959//97 955//97 953//97 949//97 946//97 944//97 940//97 937//97 931//97 928//97 921//97 911//97
f 925//29 927//29 936//29 917//29 913//29
f 916//26 919//26 362//26 914//26
f 915//97 935//97 366//97 918//97
f 918//97 366//97 376//97 960//97
f 919//26 961//26 382//26 362//26
f 365//103 924//103 922//103 929//103
f 1199//26 926//26 1188//26 1214//26
f 933//104 365//104 929//104 930//104
f 367//82 934//82 932//82 938//82
f 942//96 367//96 938//96 939//96
f 369//98 943//98 941//98 945//98
f 372//79 369//79 945//79 947//79
f 951//99 372//99 947//99 948//99
f 374//100 952//100 950//100 954//100
f 375//85 374//85 954//85 956//85
f 962//101 375//101 956//101 958//101
f 960//97 376//97 392//97 1005//97
f 961//26 1006//26 388//26 382//26
f 377//102 1002//102 998//102 965//102
f 379//86 377//86 965//86 967//86
f 1000//97 996//97 992//97 989//97 985//97 982//97 978//97 975//97 973//97 969//97 966//97 964//97
f 971//103 379//103 967//103 968//103
f 380//104 972//104 970//104 974//104
f 381//82 380//82 974//82 976//82
f 980//96 381//96 976//96 977//96
f 383//98 981//98 979//98 983//98
f 987//79 383//79 983//79 984//79
f 384//99 988//99 986//99 990//99
f 994//100 384//100 990//100 991//100
f 386//85 995//85 993//85 997//85
f 1001//101 386//101 997//101 999//101
f 390//102 1042//102 1038//102 1004//102
f 391//86 390//86 1004//86 1008//86
f 1040//97 1036//97 1034//97 1030//97 1027//97 1025//97 1019//97 1016//97 1014//97 1010//97 1007//97 1003//97
f 1005//97 392//97 393//97 1023//97
f 1006//26 1024//26 400//26 388//26
f 1012//103 391//103 1008//103 1009//103
f 394//104 1013//104 1011//104 1015//104
f 397//82 394//82 1015//82 1017//82
f 1021//96 397//96 1017//96 1018//96
f 403//98 1022//98 1020//98 1026//98
f 1023//97 393//97 412//97 1047//97
f 1024//26 1048//26 402//26 400//26
f 404//79 403//79 1026//79 1028//79
f 1032//99 404//99 1028//99 1029//99
f 405//100 1033//100 1031//100 1035//100
f 408//85 405//85 1035//85 1037//85
f 1041//101 408//101 1037//101 1039//101
f 410//102 1085//102 1081//102 1044//102
f 411//86 410//86 1044//86 1046//86
f 1083//97 1079//97 1077//97 1073//97 1070//97 1066//97 1063//97 1059//97 1054//97 1050//97 1045//97 1043//97
f 1052//103 411//103 1046//103 1049//103
f 1047//97 412//97 421//97 1056//97
f 1048//26 1057//26 409//26 402//26
f 413//104 1053//104 1051//104 1055//104
f 1061//82 413//82 1055//82 1058//82
f 1056//97 421//97 430//97 1098//97
f 1057//26 1097//26 426//26 409//26
f 417//96 1062//96 1060//96 1064//96
f 1068//98 417//98 1064//98 1065//98
f 418//79 1069//79 1067//79 1071//79
f 1075//99 418//99 1071//99 1072//99
f 419//100 1076//100 1074//100 1078//100
f 420//85 419//85 1078//85 1080//85
f 1084//101 420//101 1080//101 1082//101
f 422//102 1132//102 1129//102 1087//102
f 423//86 422//86 1087//86 1089//86
f 1128//97 1126//97 1124//97 1120//97 1113//97 1109//97 1106//97 1102//97 1095//97 1091//97 1088//97 1086//97
f 1093//103 423//103 1089//103 1090//103
f 428//104 1094//104 1092//104 1096//104
f 1104//82 428//82 1096//82 1101//82
f 1098//97 430//97 440//97 1099//97
f 1097//26 1100//26 429//26 426//26
f 1099//97 440//97 1166//97 1170//97
f 1100//26 1169//26 1136//26 429//26
f 431//96 1105//96 1103//96 1107//96
f 1111//98 431//98 1107//98 1108//98
f 433//79 1112//79 1110//79 1114//79
f 1122//99 433//99 1114//99 1119//99
f 1116//27 1118//27 1239//27 1224//27
f 435//26 1117//26 1115//26 432//26
f 1118//27 1143//27 1147//27 1239//27
f 427//26 1142//26 1117//26 435//26
f 434//100 1123//100 1121//100 1125//100
f 436//85 434//85 1125//85 1127//85
f 1131//101 436//101 1127//101 1130//101
f 1198//97 1193//97 1186//97 1180//97 1173//97 1161//97 1158//97 1154//97 1151//97 1145//97 1140//97 1134//97
f 437//86 1139//86 1135//86 1141//86
f 1138//102 443//102 1197//102 1133//102
f 429//26 1136//26 1142//26 427//26
f 1143//27 1137//27 1248//27 1147//27
f 1137//27 1168//27 1165//27 1248//27
f 1149//103 437//103 1141//103 1144//103
f 438//104 1150//104 1146//104 1152//104
f 1249//26 1257//26 1235//26 1148//26
f 1148//26 1235//26 1238//26 1240//26
f 1156//82 438//82 1152//82 1153//82
f 439//96 1157//96 1155//96 1159//96
f 1163//98 439//98 1159//98 1160//98
f 441//79 1164//79 1162//79 1174//79
f 440//97 445//97 446//97 1166//97
f 1166//97 446//97 1279//97 1284//97
f 1167//26 1283//26 1257//26 1249//26
f 1178//29 1289//29 1171//29 1184//29
f 1172//26 1191//26 1175//26 1185//26
f 1289//29 1209//29 1213//29 1171//29
f 1214//26 1188//26 1191//26 1172//26
f 1182//99 441//99 1174//99 1179//99
f 1305//26 1288//26 1177//26 1300//26
f 442//100 1183//100 1181//100 1187//100
f 1195//85 442//85 1187//85 1192//85
f 443//101 1196//101 1194//101 1197//101
f 1209//29 1336//29 1200//29 1213//29
f 1262//97 1255//97 1252//97 1246//97 1241//97 1231//97 1228//97 1220//97 1217//97 1211//97 1206//97 1202//97
f 444//86 1205//86 1203//86 1207//86
f 1204//102 451//102 1261//102 1201//102
f 1215//103 444//103 1207//103 1210//103
f 1315//26 1337//26 1208//26 1302//26
f 1302//26 1208//26 1288//26 1305//26
f 447//104 1216//104 1212//104 1218//104
f 1226//82 447//82 1218//82 1219//82
f 448//96 1227//96 1221//96 1229//96
f 1240//26 1238//26 1222//26 1225//26
f 1223//27 1237//27 1378//27 1365//27
f 1233//98 448//98 1229//98 1230//98
f 449//79 1234//79 1232//79 1242//79
f 1237//27 1236//27 1243//27 1378//27
f 1236//27 1258//27 1275//27 1243//27
f 1250//99 449//99 1242//99 1245//99
f 1276//26 1389//26 1392//26 1244//26
f 1244//26 1392//26 1369//26 1379//26
f 450//100 1251//100 1247//100 1253//100
f 1259//85 450//85 1253//85 1254//85
f 451//101 1260//101 1256//101 1261//101
f 1258//27 1282//27 1281//27 1275//27
f 1322//97 1317//97 1312//97 1308//97 1303//97 1295//97 1292//97 1286//97 1277//97 1271//97 1268//97 1264//97
f 452//86 1267//86 1265//86 1269//86
f 1266//102 457//102 1321//102 1263//102
f 1273//103 452//103 1269//103 1270//103
f 453//104 1274//104 1272//104 1278//104
f 1280//26 1402//26 1389//26 1276//26
f 1290//82 453//82 1278//82 1285//82
f 446//97 465//97 485//97 1279//97
f 1279//97 485//97 1417//97 1400//97
f 454//96 1291//96 1287//96 1293//96
f 1297//98 454//98 1293//98 1294//98
f 455//79 1298//79 1296//79 1304//79
f 477//29 476//29 1306//29 1299//29
f 476//29 478//29 1301//29 1306//29
f 478//29 459//29 1314//29 1301//29
f 1310//99 455//99 1304//99 1307//99
f 456//100 1311//100 1309//100 1313//100
f 1319//85 456//85 1313//85 1316//85
f 459//29 1340//29 1332//29 1314//29
f 1331//26 1333//26 1338//26 1337//26 1315//26
f 457//101 1320//101 1318//101 1321//101
f 1383//97 1376//97 1373//97 1363//97 1360//97 1356//97 1353//97 1349//97 1346//97 1342//97 1328//97 1324//97
f 458//86 1327//86 1325//86 1329//86
f 1326//102 469//102 1382//102 1323//102
f 1344//103 458//103 1329//103 1341//103
f 1330//97 1339//97 461//97 1334//97
f 1335//97 1334//97 461//97 462//97 463//97
f 460//104 1345//104 1343//104 1347//104
f 1351//82 460//82 1347//82 1348//82
f 464//96 1352//96 1350//96 1354//96
f 1358//98 464//98 1354//98 1355//98
f 466//79 1359//79 1357//79 1361//79
f 1371//99 466//99 1361//99 1362//99
f 468//100 1372//100 1364//100 1374//100
f 1379//26 1369//26 1367//26 1366//26
f 1368//27 1370//27 481//27 467//27
f 1370//27 1391//27 472//27 481//27
f 1380//85 468//85 1374//85 1375//85
f 469//101 1381//101 1377//101 1382//101
f 1436//97 1431//97 1426//97 1422//97 1419//97 1413//97 1410//97 1406//97 1403//97 1396//97 1393//97 1385//97
f 470//86 1388//86 1386//86 1394//86
f 1387//102 480//102 1435//102 1384//102
f 1391//27 1390//27 471//27 472//27
f 1390//27 1401//27 1418//27 471//27
f 1398//103 470//103 1394//103 1395//103
f 473//104 1399//104 1397//104 1404//104
f 1408//82 473//82 1404//82 1405//82
f 474//96 1409//96 1407//96 1411//96
f 1415//98 474//98 1411//98 1412//98
f 475//79 1416//79 1414//79 1420//79
f 485//97 486//97 1571//97 1417//97
f 471//27 1418//27 1572//27 513//27
f 1424//99 475//99 1420//99 1421//99
f 479//100 1425//100 1423//100 1427//100
f 1433//85 479//85 1427//85 1430//85
f 778//26 1428//26 2693//26 787//26
f 2694//29 1429//29 478//29 476//29
f 1429//29 2716//29 459//29 478//29
f 2649//26 2714//26 1428//26 778//26
f 480//101 1434//101 1432//101 1435//101
f 1486//97 1480//97 1473//97 1469//97 1463//97 1459//97 1454//97 1451//97 1449//97 1445//97 1440//97 1437//97
f 1442//86 482//86 1438//86 1439//86
f 482//102 1488//102 1484//102 1438//102
f 1447//103 1443//103 1441//103 1444//103
f 483//104 1448//104 1446//104 1450//104
f 484//82 483//82 1450//82 1452//82
f 1456//96 484//96 1452//96 1453//96
f 1461//98 1457//98 1455//98 1458//98
f 487//79 1462//79 1460//79 1464//79
f 1471//99 487//99 1464//99 1468//99
f 2648//97 2642//97 1465//97 2715//97
f 1467//29 1477//29 1475//29 2716//29
f 520//29 1600//29 1477//29 1467//29
f 519//29 520//29 1467//29 2695//29
f 777//28 2696//28 1466//28 2641//28
f 490//100 1472//100 1470//100 1474//100
f 1482//85 490//85 1474//85 1479//85
f 1476//97 1478//97 488//97 489//97
f 1478//97 1599//97 523//97 488//97
f 1487//101 1483//101 1481//101 1485//101
f 1534//97 1530//97 1526//97 1519//97 1516//97 1514//97 1510//97 1507//97 1505//97 1497//97 1492//97 1489//97
f 1494//86 492//86 1490//86 1491//86
f 492//102 1536//102 1532//102 1490//102
f 1499//103 1495//103 1493//103 1496//103
f 497//104 1500//104 1498//104 1506//104
f 1501//27 1503//27 528//27 529//27
f 1502//28 493//28 494//28 1504//28
f 1614//28 500//28 493//28 1502//28
f 1615//27 1501//27 529//27 550//27
f 501//82 497//82 1506//82 1508//82
f 1512//96 501//96 1508//96 1509//96
f 502//98 1513//98 1511//98 1515//98
f 503//79 502//79 1515//79 1517//79
f 1521//99 503//99 1517//99 1518//99
f 1528//100 1522//100 1520//100 1525//100
f 496//28 1524//28 1637//28 498//28
f 557//29 560//29 1638//29 1523//29
f 504//85 1529//85 1527//85 1531//85
f 1535//101 504//101 1531//101 1533//101
f 1588//97 1581//97 1578//97 1574//97 1569//97 1565//97 1560//97 1556//97 1553//97 1549//97 1544//97 1538//97
f 506//86 1541//86 1539//86 1545//86
f 1540//102 521//102 1587//102 1537//102
f 505//28 1543//28 1546//28 507//28
f 564//29 563//29 1547//29 1542//29
f 499//28 1636//28 1543//28 505//28
f 559//29 564//29 1542//29 1635//29
f 1551//103 506//103 1545//103 1548//103
f 510//104 1552//104 1550//104 1554//104
f 1558//82 510//82 1554//82 1555//82
f 515//96 1559//96 1557//96 1561//96
f 1567//98 515//98 1561//98 1564//98
f 486//97 516//97 1562//97 1571//97
f 513//27 1572//27 1563//27 514//27
f 516//97 572//97 1678//97 1562//97
f 514//27 1563//27 1679//27 540//27
f 517//79 1568//79 1566//79 1570//79
f 1576//99 517//99 1570//99 1573//99
f 518//100 1577//100 1575//100 1579//100
f 1583//85 518//85 1579//85 1580//85
f 521//101 1584//101 1582//101 1587//101
f 546//29 519//29 2695//29 1585//29
f 543//29 546//29 1585//29 2663//29
f 772//28 1586//28 2696//28 777//28
f 2617//28 2662//28 1586//28 772//28
f 1642//97 1633//97 1630//97 1626//97 1623//97 1619//97 1616//97 1610//97 1605//97 1597//97 1594//97 1590//97
f 522//86 1593//86 1591//86 1595//86
f 1592//102 532//102 1641//102 1589//102
f 1601//103 522//103 1595//103 1596//103
f 526//104 1602//104 1598//104 1606//104
f 1604//27 1608//27 524//27 525//27
f 1603//28 495//28 491//28 1607//28
f 1612//82 526//82 1606//82 1609//82
f 1607//28 491//28 500//28 1614//28
f 1608//27 1615//27 550//27 524//27
f 527//96 1613//96 1611//96 1617//96
f 1621//98 527//98 1617//98 1618//98
f 530//79 1622//79 1620//79 1624//79
f 1628//99 530//99 1624//99 1625//99
f 531//100 1629//100 1627//100 1631//100
f 1639//85 531//85 1631//85 1632//85
f 532//101 1640//101 1634//101 1641//101
f 560//29 559//29 1635//29 1638//29
f 498//28 1637//28 1636//28 499//28
f 1686//97 1681//97 1676//97 1672//97 1669//97 1665//97 1662//97 1658//97 1655//97 1651//97 1648//97 1644//97
f 533//86 1647//86 1645//86 1649//86
f 1646//102 545//102 1685//102 1643//102
f 1653//103 533//103 1649//103 1650//103
f 535//104 1654//104 1652//104 1656//104
f 1660//82 535//82 1656//82 1657//82
f 538//96 1661//96 1659//96 1663//96
f 1667//98 538//98 1663//98 1664//98
f 539//79 1668//79 1666//79 1670//79
f 1674//99 539//99 1670//99 1671//99
f 541//100 1675//100 1673//100 1677//100
f 1683//85 541//85 1677//85 1680//85
f 572//97 597//97 1861//97 1678//97
f 540//27 1679//27 1860//27 595//27
f 545//101 1684//101 1682//101 1685//101
f 1728//97 1723//97 1720//97 1716//97 1713//97 1709//97 1706//97 1702//97 1699//97 1695//97 1692//97 1688//97
f 548//86 1691//86 1689//86 1693//86
f 1690//102 566//102 1727//102 1687//102
f 1697//103 548//103 1693//103 1694//103
f 552//104 1698//104 1696//104 1700//104
f 1704//82 552//82 1700//82 1701//82
f 554//96 1705//96 1703//96 1707//96
f 1711//98 554//98 1707//98 1708//98
f 556//79 1712//79 1710//79 1714//79
f 1718//99 556//99 1714//99 1715//99
f 561//100 1719//100 1717//100 1721//100
f 1725//85 561//85 1721//85 1722//85
f 566//101 1726//101 1724//101 1727//101
f 1770//97 1765//97 1762//97 1758//97 1755//97 1751//97 1748//97 1744//97 1741//97 1737//97 1734//97 1730//97
f 570//86 1733//86 1731//86 1735//86
f 1732//102 576//102 1769//102 1729//102
f 1739//103 570//103 1735//103 1736//103
f 571//104 1740//104 1738//104 1742//104
f 1746//82 571//82 1742//82 1743//82
f 573//96 1747//96 1745//96 1749//96
f 1753//98 573//98 1749//98 1750//98
f 574//79 1754//79 1752//79 1756//79
f 1760//99 574//99 1756//99 1757//99
f 575//100 1761//100 1759//100 1763//100
f 1767//85 575//85 1763//85 1764//85
f 576//101 1768//101 1766//101 1769//101
f 1824//97 1817//97 1808//97 1804//97 1801//97 1797//97 1794//97 1790//97 1787//97 1783//97 1780//97 1772//97
f 578//86 1775//86 1773//86 1781//86
f 1774//102 586//102 1823//102 1771//102
f 1779//97 1777//97 601//97 579//97
f 1777//97 1992//97 600//97 601//97
f 1869//29 1776//29 1778//29 547//29
f 1995//29 1991//29 1776//29 1869//29
f 1785//103 578//103 1781//103 1782//103
f 581//104 1786//104 1784//104 1788//104
f 1792//82 581//82 1788//82 1789//82
f 582//96 1793//96 1791//96 1795//96
f 1799//98 582//98 1795//98 1796//98
f 583//79 1800//79 1798//79 1802//79
f 1806//99 583//99 1802//99 1803//99
f 584//100 1807//100 1805//100 1809//100
f 1819//85 584//85 1809//85 1816//85
f 553//27 555//27 1811//27 1887//27
f 1810//26 614//26 604//26 1888//26
f 1813//29 1815//29 558//29 585//29
f 610//26 1814//26 1812//26 616//26
f 1815//29 1822//29 587//29 558//29
f 612//26 1821//26 1814//26 610//26
f 586//101 1820//101 1818//101 1823//101
f 1822//29 1935//29 562//29 587//29
f 611//26 1936//26 1821//26 612//26
f 1873//97 1865//97 1862//97 1854//97 1851//97 1847//97 1844//97 1840//97 1837//97 1833//97 1830//97 1826//97
f 588//86 1829//86 1827//86 1831//86
f 1828//102 602//102 1872//102 1825//102
f 1835//103 588//103 1831//103 1832//103
f 590//104 1836//104 1834//104 1838//104
f 1842//82 590//82 1838//82 1839//82
f 593//96 1843//96 1841//96 1845//96
f 1849//98 593//98 1845//98 1846//98
f 596//79 1850//79 1848//79 1852//79
f 1856//99 596//99 1852//99 1853//99
f 599//100 1857//100 1855//100 1863//100
f 598//97 640//97 2025//97 1858//97
f 597//97 598//97 1858//97 1861//97
f 595//27 1860//27 1859//27 624//27
f 624//27 1859//27 2026//27 638//27
f 1870//85 599//85 1863//85 1864//85
f 602//101 1871//101 1866//101 1872//101
f 2812//26 1867//26 2854//26 809//26
f 2855//29 1869//29 547//29 577//29
f 2811//97 2810//97 1993//97 1868//97
f 1923//97 1918//97 1915//97 1911//97 1908//97 1904//97 1901//97 1897//97 1894//97 1890//97 1883//97 1875//97
f 605//86 1882//86 1876//86 1884//86
f 1881//102 617//102 1922//102 1874//102
f 549//27 580//27 1886//27 1877//27
f 1885//26 603//26 608//26 1878//26
f 1880//26 609//26 603//26 1885//26
f 580//27 551//27 1879//27 1886//27
f 551//27 553//27 1887//27 1879//27
f 1888//26 604//26 609//26 1880//26
f 1892//103 605//103 1884//103 1889//103
f 606//104 1893//104 1891//104 1895//104
f 1899//82 606//82 1895//82 1896//82
f 607//96 1900//96 1898//96 1902//96
f 1906//98 607//98 1902//98 1903//98
f 613//79 1907//79 1905//79 1909//79
f 1913//99 613//99 1909//99 1910//99
f 615//100 1914//100 1912//100 1916//100
f 1920//85 615//85 1916//85 1917//85
f 617//101 1921//101 1919//101 1922//101
f 1970//97 1964//97 1961//97 1957//97 1954//97 1950//97 1945//97 1942//97 1938//97 1929//97 1926//97 1924//97
f 619//86 618//86 1925//86 1927//86
f 618//102 1972//102 1968//102 1925//102
f 1931//103 619//103 1927//103 1928//103
f 1940//104 1932//104 1930//104 1937//104
f 620//26 1934//26 1936//26 611//26
f 1935//29 1933//29 589//29 562//29
f 621//82 1941//82 1939//82 1943//82
f 1947//96 621//96 1943//96 1944//96
f 1952//98 1948//98 1946//98 1949//98
f 626//79 1953//79 1951//79 1955//79
f 1959//99 626//99 1955//99 1956//99
f 627//100 1960//100 1958//100 1962//100
f 1966//85 627//85 1962//85 1963//85
f 1971//101 1967//101 1965//101 1969//101
f 2031//97 2023//97 2019//97 2015//97 2010//97 2007//97 2003//97 2000//97 1989//97 1982//97 1979//97 1973//97
f 630//86 629//86 1974//86 1980//86
f 629//102 2033//102 2029//102 1974//102
f 2830//28 1977//28 1976//28 815//28
f 644//29 628//29 1975//29 1978//29
f 628//29 631//29 1984//29 1975//29
f 815//28 1976//28 1985//28 806//28
f 2826//105 1978//105 2829//105 2776//105
f 1986//103 630//103 1980//103 1981//103
f 1996//104 1987//104 1983//104 1988//104
f 631//29 632//29 1995//29 1984//29
f 806//28 1985//28 1994//28 2809//28
f 634//82 1997//82 1990//82 2001//82
f 632//29 1999//29 1991//29 1995//29
f 1992//97 1998//97 633//97 600//97
f 2005//96 634//96 2001//96 2002//96
f 636//98 2006//98 2004//98 2008//98
f 2012//79 636//79 2008//79 2009//79
f 2017//99 2013//99 2011//99 2014//99
f 639//100 2018//100 2016//100 2020//100
f 642//85 639//85 2020//85 2024//85
f 640//97 641//97 2021//97 2025//97
f 638//27 2026//27 2022//27 657//27
f 641//97 2125//97 2127//97 2021//97
f 657//27 2022//27 2129//27 2122//27
f 2032//101 642//101 2024//101 2030//101
f 2028//29 2051//29 628//29 644//29
f 2027//28 2147//28 2161//28 2050//28
f 2085//97 2080//97 2073//97 2069//97 2064//97 2060//97 2057//97 2053//97 2046//97 2042//97 2039//97 2035//97
f 643//86 2038//86 2036//86 2040//86
f 2037//102 652//102 2084//102 2034//102
f 2044//103 643//103 2040//103 2041//103
f 645//104 2045//104 2043//104 2047//104
f 2055//82 645//82 2047//82 2052//82
f 2051//29 2049//29 631//29 628//29
f 2049//29 2066//29 632//29 631//29
f 2050//28 2161//28 2160//28 2048//28
f 2048//28 2160//28 2171//28 2067//28
f 646//96 2056//96 2054//96 2058//96
f 2062//98 646//98 2058//98 2059//98
f 647//79 2063//79 2061//79 2065//79
f 2071//99 647//99 2065//99 2068//99
f 650//100 2072//100 2070//100 2074//100
f 2082//85 650//85 2074//85 2079//85
f 2075//28 2078//28 2090//28 2217//28
f 2076//27 2218//27 2219//27 2221//27
f 651//27 653//27 2089//27 2077//27
f 652//101 2083//101 2081//101 2084//101
f 2138//97 2131//97 2120//97 2116//97 2113//97 2111//97 2105//97 2102//97 2100//97 2096//97 2093//97 2087//97
f 654//86 2092//86 2088//86 2094//86
f 2091//102 661//102 2137//102 2086//102
f 653//27 637//27 2109//27 2089//27
f 2217//28 2090//28 2110//28 2242//28
f 2098//103 654//103 2094//103 2095//103
f 655//104 2099//104 2097//104 2101//104
f 656//82 655//82 2101//82 2103//82
f 2107//96 656//96 2103//96 2104//96
f 658//98 2108//98 2106//98 2112//98
f 637//27 657//27 2122//27 2109//27
f 2242//28 2110//28 2123//28 2258//28
f 659//79 658//79 2112//79 2114//79
f 2118//99 659//99 2114//99 2115//99
f 660//100 2119//100 2117//100 2121//100
f 2133//85 660//85 2121//85 2130//85
f 2258//28 2123//28 2128//28 2124//28
f 649//97 2204//97 2254//97 2125//97
f 648//97 649//97 2125//97 641//97
f 2259//27 2126//27 2253//27 2244//27
f 661//101 2134//101 2132//101 2137//101
f 2139//28 2136//28 2280//28 2141//28
f 2275//29 2284//29 2279//29 2135//29
f 2140//29 2142//29 2162//29 2146//29
f 2142//29 2158//29 2159//29 2162//29
f 2141//28 2280//28 2293//28 2157//28
f 2201//97 2196//97 2193//97 2187//97 2181//97 2179//97 2175//97 2169//97 2163//97 2153//97 2150//97 2144//97
f 662//86 2149//86 2145//86 2151//86
f 2148//102 671//102 2200//102 2143//102
f 2155//103 662//103 2151//103 2152//103
f 663//104 2156//104 2154//104 2164//104
f 2158//29 2168//29 2172//29 2159//29
f 2157//28 2293//28 2166//28 2167//28
f 664//82 663//82 2164//82 2170//82
f 2167//28 2166//28 2323//28 2184//28
f 2314//29 2316//29 2321//29 2165//29
f 2301//29 2314//29 2165//29 2292//29
f 2168//29 2183//29 2191//29 2173//29 2172//29
f 2177//96 664//96 2170//96 2174//96
f 665//98 2178//98 2176//98 2180//98
f 666//79 665//79 2180//79 2182//79
f 2189//99 666//99 2182//99 2186//99
f 2192//97 2185//97 2322//97 668//97
f 667//100 2190//100 2188//100 2194//100
f 2198//85 667//85 2194//85 2195//85
f 671//101 2199//101 2197//101 2200//101
f 752//97 2497//97 2561//97 2204//97
f 670//97 752//97 2204//97 649//97
f 2240//28 2245//28 2255//28 2203//28
f 2241//27 2202//27 2560//27 2555//27
f 2266//97 2261//97 2256//97 2249//97 2238//97 2236//97 2232//97 2229//97 2227//97 2215//97 2212//97 2206//97
f 672//86 2211//86 2207//86 2213//86
f 2210//102 678//102 2265//102 2205//102
f 2209//27 2224//27 2505//27 2514//27
f 2208//28 2222//28 2220//28 2223//28
f 2225//103 672//103 2213//103 2214//103
f 673//104 2226//104 2216//104 2228//104
f 2218//27 2243//27 2247//27 2219//27
f 2223//28 2220//28 2246//28 2535//28
f 2224//27 2536//27 2523//27 2505//27
f 674//82 673//82 2228//82 2230//82
f 2234//96 674//96 2230//96 2231//96
f 675//98 2235//98 2233//98 2237//98
f 676//79 675//79 2237//79 2239//79
f 2251//99 676//99 2239//99 2248//99
f 2536//27 2241//27 2555//27 2523//27
f 2535//28 2246//28 2245//28 2240//28
f 2243//27 2259//27 2244//27 2247//27
f 677//100 2252//100 2250//100 2257//100
f 2263//85 677//85 2257//85 2260//85
f 678//101 2264//101 2262//101 2265//101
f 2320//97 2310//97 2307//97 2303//97 2298//97 2296//97 2290//97 2287//97 2285//97 2277//97 2272//97 2268//97
f 681//86 2271//86 2269//86 2273//86
f 2270//102 688//102 2319//102 2267//102
f 2281//103 681//103 2273//103 2276//103
f 2274//28 679//28 680//28 2283//28
f 682//104 2282//104 2278//104 2286//104
f 2284//29 2301//29 2292//29 2279//29
f 2283//28 680//28 684//28 2300//28
f 683//82 682//82 2286//82 2288//82
f 2294//96 683//96 2288//96 2289//96
f 685//98 2295//98 2291//98 2297//98
f 686//79 685//79 2297//79 2299//79
f 2305//99 686//99 2299//99 2302//99
f 2300//28 684//28 694//28 2315//28
f 687//100 2306//100 2304//100 2308//100
f 2312//85 687//85 2308//85 2309//85
f 688//101 2313//101 2311//101 2319//101
f 2315//28 694//28 2326//28 2317//28
f 2322//97 2318//97 2327//97 689//97
f 668//97 2322//97 689//97 669//97
f 2361//97 2357//97 2355//97 2349//97 2346//97 2344//97 2340//97 2337//97 2335//97 2331//97 2328//97 2324//97
f 691//86 690//86 2325//86 2329//86
f 690//102 2363//102 2359//102 2325//102
f 689//97 2327//97 2354//97 697//97
f 694//28 704//28 2353//28 2326//28
f 2333//103 691//103 2329//103 2330//103
f 692//104 2334//104 2332//104 2336//104
f 693//82 692//82 2336//82 2338//82
f 2342//96 693//96 2338//96 2339//96
f 695//98 2343//98 2341//98 2345//98
f 696//79 695//79 2345//79 2347//79
f 2351//99 696//99 2347//99 2348//99
f 699//100 2352//100 2350//100 2356//100
f 697//97 2354//97 2397//97 707//97
f 704//28 703//28 2396//28 2353//28
f 701//85 699//85 2356//85 2358//85
f 2362//101 701//101 2358//101 2360//101
f 2402//97 2398//97 2394//97 2390//97 2387//97 2385//97 2381//97 2378//97 2374//97 2371//97 2367//97 2364//97
f 2369//86 705//86 2365//86 2366//86
f 705//102 2404//102 2400//102 2365//102
f 706//103 2370//103 2368//103 2372//103
f 2376//104 706//104 2372//104 2373//104
f 709//82 2377//82 2375//82 2379//82
f 2383//96 709//96 2379//96 2380//96
f 713//98 2384//98 2382//98 2386//98
f 714//79 713//79 2386//79 2388//79
f 2392//99 714//99 2388//99 2389//99
f 715//100 2393//100 2391//100 2395//100
f 716//85 715//85 2395//85 2399//85
f 703//28 723//28 2421//28 2396//28
f 707//97 2397//97 2422//97 717//97
f 2403//101 716//101 2399//101 2401//101
f 2443//97 2439//97 2437//97 2433//97 2430//97 2428//97 2424//97 2419//97 2415//97 2412//97 2408//97 2405//97
f 2410//86 719//86 2406//86 2407//86
f 719//102 2447//102 2441//102 2406//102
f 722//103 2411//103 2409//103 2413//103
f 2417//104 722//104 2413//104 2414//104
f 724//82 2418//82 2416//82 2420//82
f 2426//96 724//96 2420//96 2423//96
f 723//28 732//28 2448//28 2421//28
f 717//97 2422//97 2449//97 733//97
f 726//98 2427//98 2425//98 2429//98
f 729//79 726//79 2429//79 2431//79
f 2435//99 729//99 2431//99 2432//99
f 730//100 2436//100 2434//100 2438//100
f 731//85 730//85 2438//85 2440//85
f 2446//101 731//101 2440//101 2442//101
f 740//28 749//28 2473//28 2444//28
f 732//28 740//28 2444//28 2448//28
f 733//97 2449//97 2445//97 742//97
f 742//97 2445//97 2474//97 751//97
f 2491//97 2487//97 2483//97 2480//97 2476//97 2471//97 2467//97 2464//97 2460//97 2457//97 2453//97 2450//97
f 2455//86 734//86 2451//86 2452//86
f 734//102 2493//102 2489//102 2451//102
f 737//103 2456//103 2454//103 2458//103
f 2462//104 737//104 2458//104 2459//104
f 741//82 2463//82 2461//82 2465//82
f 2469//96 741//96 2465//96 2466//96
f 743//98 2470//98 2468//98 2472//98
f 2478//79 743//79 2472//79 2475//79
f 749//28 748//28 2496//28 2473//28
f 751//97 2474//97 2497//97 752//97
f 744//99 2479//99 2477//99 2481//99
f 2485//100 744//100 2481//100 2482//100
f 747//85 2486//85 2484//85 2488//85
f 2492//101 747//101 2488//101 2490//101
f 2543//97 2539//97 2533//97 2530//97 2526//97 2521//97 2517//97 2512//97 2508//97 2503//97 2499//97 2494//97
f 2501//86 750//86 2495//86 2498//86
f 750//102 2545//102 2541//102 2495//102
f 748//28 2556//28 2562//28 2496//28
f 754//103 2502//103 2500//103 2504//103
f 2510//104 754//104 2504//104 2507//104
f 753//28 2515//28 2506//28 746//28
f 746//28 2506//28 2524//28 756//28
f 755//82 2511//82 2509//82 2513//82
f 2519//96 755//96 2513//96 2516//96
f 757//98 2520//98 2518//98 2522//98
f 2528//79 757//79 2522//79 2525//79
f 756//28 2524//28 2556//28 748//28
f 758//99 2529//99 2527//99 2531//99
f 2537//100 758//100 2531//100 2532//100
f 759//85 2538//85 2534//85 2540//85
f 2544//101 759//101 2540//101 2542//101
f 2596//97 2592//97 2588//97 2585//97 2581//97 2578//97 2572//97 2569//97 2558//97 2553//97 2549//97 2546//97
f 2551//86 760//86 2547//86 2548//86
f 760//102 2598//102 2594//102 2547//102
f 761//103 2552//103 2550//103 2554//103
f 2563//104 761//104 2554//104 2557//104
f 762//82 2564//82 2559//82 2570//82
f 2633//105 2567//105 2565//105 2577//105
f 2566//28 2568//28 775//28 765//28
f 2673//105 2616//105 2567//105 2633//105
f 2568//28 2617//28 772//28 775//28
f 2574//96 762//96 2570//96 2571//96
f 764//98 2575//98 2573//98 2579//98
f 763//26 779//26 2632//26 2576//26
f 2583//79 764//79 2579//79 2580//79
f 766//99 2584//99 2582//99 2586//99
f 2590//100 766//100 2586//100 2587//100
f 769//85 2591//85 2589//85 2593//85
f 2597//101 769//101 2593//101 2595//101
f 2654//97 2650//97 2644//97 2639//97 2635//97 2630//97 2626//97 2623//97 2619//97 2614//97 2602//97 2599//97
f 2604//86 770//86 2600//86 2601//86
f 770//102 2656//102 2652//102 2600//102
f 773//103 2605//103 2603//103 2615//103
f 2606//97 2609//97 2611//97 2612//97
f 2607//26 2613//26 771//26 768//26
f 767//28 780//28 2610//28 2608//28
f 780//28 777//28 2641//28 2610//28
f 2612//97 2611//97 2642//97 2648//97
f 2613//26 2649//26 778//26 771//26
f 2621//104 773//104 2615//104 2618//104
f 2672//105 2663//105 2616//105 2673//105
f 774//82 2622//82 2620//82 2624//82
f 2628//96 774//96 2624//96 2625//96
f 776//98 2629//98 2627//98 2631//98
f 2637//79 776//79 2631//79 2634//79
f 779//26 787//26 2674//26 2632//26
f 781//99 2638//99 2636//99 2640//99
f 2646//100 781//100 2640//100 2643//100
f 782//85 2647//85 2645//85 2651//85
f 2655//101 782//101 2651//101 2653//101
f 2706//97 2702//97 2698//97 2691//97 2687//97 2684//97 2680//97 2677//97 2669//97 2666//97 2660//97 2657//97
f 2664//86 783//86 2658//86 2659//86
f 783//102 2708//102 2704//102 2658//102
f 784//103 2665//103 2661//103 2667//103
f 2675//104 784//104 2667//104 2668//104
f 785//82 2676//82 2670//82 2678//82
f 787//26 2693//26 2671//26 2674//26
f 2672//29 2694//29 476//29 477//29
f 2682//96 785//96 2678//96 2679//96
f 786//98 2683//98 2681//98 2685//98
f 2689//79 786//79 2685//79 2686//79
f 788//99 2690//99 2688//99 2692//99
f 2700//100 788//100 2692//100 2697//100
f 789//85 2701//85 2699//85 2703//85
f 2707//101 789//101 2703//101 2705//101
f 2763//97 2759//97 2753//97 2748//97 2744//97 2741//97 2737//97 2732//97 2726//97 2723//97 2712//97 2709//97
f 2721//86 790//86 2710//86 2711//86
f 790//102 2765//102 2761//102 2710//102
f 793//103 2722//103 2713//103 2724//103
f 2729//105 2719//105 2717//105 2735//105
f 2718//28 2720//28 795//28 794//28
f 2776//105 2829//105 2719//105 2729//105
f 2720//28 2830//28 815//28 795//28
f 2730//104 793//104 2724//104 2725//104
f 796//82 2731//82 2727//82 2733//82
f 791//26 792//26 2728//26 2734//26
f 792//26 813//26 2775//26 2728//26
f 2739//96 796//96 2733//96 2736//96
f 797//98 2740//98 2738//98 2742//98
f 2746//79 797//79 2742//79 2743//79
f 800//99 2747//99 2745//99 2749//99
f 2755//100 800//100 2749//100 2752//100
f 2751//26 2807//26 810//26 801//26
f 2750//97 2758//97 2802//97 2808//97
f 802//85 2756//85 2754//85 2760//85
f 798//28 799//28 2801//28 2757//28
f 2764//101 802//101 2760//101 2762//101
f 2815//97 2805//97 2799//97 2796//97 2792//97 2789//97 2785//97 2782//97 2778//97 2773//97 2769//97 2766//97
f 2771//86 803//86 2767//86 2768//86
f 803//102 2817//102 2813//102 2767//102
f 804//103 2772//103 2770//103 2774//103
f 2780//104 804//104 2774//104 2777//104
f 813//26 2840//26 2825//26 2775//26
f 805//82 2781//82 2779//82 2783//82
f 2787//96 805//96 2783//96 2784//96
f 807//98 2788//98 2786//98 2790//98
f 2794//79 807//79 2790//79 2791//79
f 808//99 2795//99 2793//99 2797//99
f 2803//100 808//100 2797//100 2798//100
f 811//85 2804//85 2800//85 2806//85
f 799//28 806//28 2809//28 2801//28
f 2808//97 2802//97 2810//97 2811//97
f 2816//101 811//101 2806//101 2814//101
f 2807//26 2812//26 809//26 810//26
f 2862//97 2858//97 2852//97 2849//97 2845//97 2842//97 2836//97 2833//97 2831//97 2823//97 2820//97 2818//97
f 814//86 812//86 2819//86 2821//86
f 812//102 2864//102 2860//102 2819//102
f 2827//103 814//103 2821//103 2822//103
f 816//104 2828//104 2824//104 2832//104
f 2826//29 2841//29 544//29 542//29
f 817//82 816//82 2832//82 2834//82
f 2838//96 817//96 2834//96 2835//96
f 818//98 2839//98 2837//98 2843//98
f 2841//29 2855//29 577//29 544//29
f 809//26 2854//26 2840//26 813//26
f 2847//79 818//79 2843//79 2844//79
f 819//99 2848//99 2846//99 2850//99
f 2856//100 819//100 2850//100 2851//100
f 820//85 2857//85 2853//85 2859//85
f 2863//101 820//101 2859//101 2861//101
f 821//104 2868//104 2871//104 2866//104
f 2867//103 822//103 2873//103 2869//103
f 822//86 823//86 2875//86 2873//86
f 830//102 2877//102 2878//102 2914//102
f 2876//101 824//101 2882//101 2879//101
f 2880//97 2881//97 2886//97 2888//97 2893//97 2895//97 2900//97 2902//97 2904//97 2909//97 2911//97 2913//97
f 824//85 2884//85 2887//85 2882//85
f 2883//100 825//100 2889//100 2885//100
f 825//99 2891//99 2894//99 2889//99
f 2890//79 826//79 2896//79 2892//79
f 826//98 2898//98 2901//98 2896//98
f 2897//96 827//96 2903//96 2899//96
f 827//82 828//82 2905//82 2903//82
f 828//104 2907//104 2910//104 2905//104
f 2906//103 829//103 2912//103 2908//103
f 829//86 830//86 2914//86 2912//86
f 836//102 2916//102 2917//102 2956//102
f 2915//101 831//101 2921//101 2918//101
f 2919//97 2920//97 2925//97 2927//97 2932//97 2934//97 2939//97 2941//97 2946//97 2948//97 2953//97 2955//97
f 831//85 2923//85 2926//85 2921//85
f 2922//100 832//100 2928//100 2924//100
f 832//99 2930//99 2933//99 2928//99
f 2929//79 833//79 2935//79 2931//79
f 833//98 2937//98 2940//98 2935//98
f 2936//96 834//96 2942//96 2938//96
f 834//82 2944//82 2947//82 2942//82
f 2943//104 835//104 2949//104 2945//104
f 835//103 2951//103 2954//103 2949//103
f 2950//86 836//86 2956//86 2952//86
f 842//102 2958//102 2959//102 2998//102
f 2957//101 837//101 2963//101 2960//101
f 2961//97 2962//97 2967//97 2969//97 2974//97 2976//97 2981//97 2983//97 2988//97 2990//97 2995//97 2997//97
f 837//85 2965//85 2968//85 2963//85
f 2964//100 838//100 2970//100 2966//100
f 838//99 2972//99 2975//99 2970//99
f 2971//79 839//79 2977//79 2973//79
f 839//98 2979//98 2982//98 2977//98
f 2978//96 840//96 2984//96 2980//96
f 840//82 2986//82 2989//82 2984//82
f 2985//104 841//104 2991//104 2987//104
f 841//103 2993//103 2996//103 2991//103
f 2992//86 842//86 2998//86 2994//86
f 848//102 3000//102 3001//102 3040//102
f 2999//101 843//101 3005//101 3002//101
f 3003//97 3004//97 3009//97 3011//97 3016//97 3018//97 3023//97 3025//97 3030//97 3032//97 3037//97 3039//97
f 843//85 3007//85 3010//85 3005//85
f 3006//100 844//100 3012//100 3008//100
f 844//99 3014//99 3017//99 3012//99
f 3013//79 845//79 3019//79 3015//79
f 845//98 3021//98 3024//98 3019//98
f 3020//96 846//96 3026//96 3022//96
f 846//82 3028//82 3031//82 3026//82
f 3027//104 847//104 3033//104 3029//104
f 847//103 3035//103 3038//103 3033//103
f 3034//86 848//86 3040//86 3036//86
f 854//102 3042//102 3043//102 3082//102
f 3041//101 849//101 3047//101 3044//101
f 3045//97 3046//97 3051//97 3053//97 3058//97 3060//97 3065//97 3067//97 3072//97 3074//97 3079//97 3081//97
f 849//85 3049//85 3052//85 3047//85
f 3048//100 850//100 3054//100 3050//100
f 850//99 3056//99 3059//99 3054//99
f 3055//79 851//79 3061//79 3057//79
f 851//98 3063//98 3066//98 3061//98
f 3062//96 852//96 3068//96 3064//96
f 852//82 3070//82 3073//82 3068//82
f 3069//104 853//104 3075//104 3071//104
f 853//103 3077//103 3080//103 3075//103
f 3076//86 854//86 3082//86 3078//86
f 860//102 3084//102 3085//102 3124//102
f 3083//101 855//101 3089//101 3086//101
f 3087//97 3088//97 3093//97 3095//97 3100//97 3102//97 3107//97 3109//97 3114//97 3116//97 3121//97 3123//97
f 855//85 3091//85 3094//85 3089//85
f 3090//100 856//100 3096//100 3092//100
f 856//99 3098//99 3101//99 3096//99
f 3097//79 857//79 3103//79 3099//79
f 857//98 3105//98 3108//98 3103//98
f 3104//96 858//96 3110//96 3106//96
f 858//82 3112//82 3115//82 3110//82
f 3111//104 859//104 3117//104 3113//104
f 859//103 3119//103 3122//103 3117//103
f 3118//86 860//86 3124//86 3120//86
f 866//102 3126//102 3127//102 3166//102
f 3125//101 861//101 3131//101 3128//101
f 3129//97 3130//97 3135//97 3137//97 3142//97 3144//97 3149//97 3151//97 3156//97 3158//97 3163//97 3165//97
f 861//85 3133//85 3136//85 3131//85
f 3132//100 862//100 3138//100 3134//100
f 862//99 3140//99 3143//99 3138//99
f 3139//79 863//79 3145//79 3141//79
f 863//98 3147//98 3150//98 3145//98
f 3146//96 864//96 3152//96 3148//96
f 864//82 3154//82 3157//82 3152//82
f 3153//104 865//104 3159//104 3155//104
f 865//103 3161//103 3164//103 3159//103
f 3160//86 866//86 3166//86 3162//86
f 872//102 3168//102 3169//102 3208//102
f 3167//101 867//101 3173//101 3170//101
f 3171//97 3172//97 3177//97 3179//97 3184//97 3186//97 3191//97 3193//97 3198//97 3200//97 3205//97 3207//97
f 867//85 3175//85 3178//85 3173//85
f 3174//100 868//100 3180//100 3176//100
f 868//99 3182//99 3185//99 3180//99
f 3181//79 869//79 3187//79 3183//79
f 869//98 3189//98 3192//98 3187//98
f 3188//96 870//96 3194//96 3190//96
f 870//82 3196//82 3199//82 3194//82
f 3195//104 871//104 3201//104 3197//104
f 871//103 3203//103 3206//103 3201//103
f 3202//86 872//86 3208//86 3204//86
f 879//102 3210//102 3211//102 3247//102
f 3209//101 873//101 3215//101 3212//101
f 3213//97 3214//97 3216//97 3221//97 3223//97 3225//97 3230//97 3232//97 3237//97 3239//97 3244//97 3246//97
f 873//85 874//85 3217//85 3215//85
f 874//100 3219//100 3222//100 3217//100
f 3218//99 875//99 3224//99 3220//99
f 875//79 876//79 3226//79 3224//79
f 876//98 3228//98 3231//98 3226//98
f 3227//96 877//96 3233//96 3229//96
f 877//82 3235//82 3238//82 3233//82
f 3234//104 878//104 3240//104 3236//104
f 878//103 3242//103 3245//103 3240//103
f 3241//86 879//86 3247//86 3243//86
o Glaze
v -1.946154 -1.592308 0.884615
v -1.946154 -1.592308 0.707692
v -1.592308 -1.946154 0.707692
v 0.053077 -2.031145 1.061538
v -1.946154 -0.884615 1.061538
v -1.946154 -0.884615 0.884615
v 0.106154 -2.123077 1.061538
v -1.592308 -0.884615 1.238462
v 0.053077 -2.568855 1.061538
v -1.946154 -0.530769 0.884615
v -0.053077 -2.568855 1.061538
v -0.106154 -2.476923 1.061538
v -1.946154 -0.530769 1.061538
v -1.946154 -0.176923 0.884615
v -0.053077 -2.384991 1.061538
v 0.053077 -2.384991 1.061538
v -1.592308 -0.530769 1.238462
v -1.592308 -0.176923 1.238462
v -1.946154 0.176923 1.061538
v -1.946154 0.176923 0.884615
v 0.106154 -2.476923 1.061538
v -1.946154 -0.176923 1.061538
v -0.300769 1.677299 1.238462
v -1.946154 0.530769 0.884615
v -0.406923 1.677299 1.238462
v -1.946154 0.530769 1.061538
v -1.592308 0.176923 1.238462
v -1.592308 0.530769 1.238462
v -0.460000 1.769231 1.238462
v -0.406923 1.861163 1.238462
v -0.300769 1.861163 1.238462
v -0.247692 1.769231 1.238462
v -1.946154 0.884615 0.884615
v -0.300769 -0.799624 1.238462
v -1.946154 0.884615 1.061538
v -0.353846 -0.813846 1.238462
v -0.406923 -0.799624 1.238462
v -0.460000 -0.707692 1.238462
v -0.445778 -0.654615 1.238462
v -0.406923 -0.615760 1.238462
v -0.353846 -0.601539 1.238462
v -0.300769 -0.615760 1.238462
v -0.261914 -0.654615 1.238462
v -0.247692 -0.707692 1.238462
v -1.238462 -1.238462 1.238462
v -1.238462 -0.884615 1.238462
v -1.592308 0.884615 1.238462
v -1.238462 0.884615 1.238462
v -0.300769 -1.861163 1.238461
v -0.406923 -1.861163 1.238461
v -0.460000 -1.769231 1.238461
v -1.238462 1.238462 1.238462
v -0.406923 -1.677299 1.238461
v -0.300769 -1.677299 1.238461
v -0.247692 -1.769231 1.238461
v -0.654615 1.677299 1.238462
v -0.884615 -1.592308 1.238461
v -0.884615 -1.238462 1.238462
v -0.760769 1.677299 1.238462
v -0.884615 1.238462 1.238462
v -0.813846 1.769231 1.238462
v -0.884615 1.946154 0.884615
v -0.760769 1.861163 1.238462
v -0.654615 1.861163 1.238462
v -0.601538 1.769231 1.238462
v -0.530769 -1.946154 1.061538
v -0.615760 0.654615 1.238462
v -0.654615 0.615760 1.238462
v -0.707692 0.601538 1.238462
v -0.530769 -1.592308 1.238461
v -0.884615 -0.884615 1.238462
v -0.884615 -0.530769 1.238462
v -0.799624 0.654615 1.238462
v -0.813846 0.707692 1.238462
v -0.707692 0.813846 1.238462
v -0.884615 -0.176923 1.238462
v -0.530769 -0.176923 0.884615
v -0.654615 0.799624 1.238462
v -0.530769 -0.176923 1.061538
v -0.530769 0.176923 1.061538
v -0.601538 0.707692 1.238462
v -0.530769 0.176923 0.884615
v -0.654615 -0.091932 1.238462
v -0.707692 -0.106154 1.238462
v -0.884615 0.176923 1.238462
v -0.799624 -0.053077 1.238462
v -0.884615 0.530769 1.238462
v -0.530769 0.884615 1.238462
v -0.884615 0.884615 1.238462
v -0.813846 -0.000000 1.238462
v -0.530769 1.946154 1.061539
v -0.799624 0.053077 1.238462
v -0.884615 1.946154 1.061539
v -0.884615 1.592308 1.238462
v -0.530769 1.592308 1.238462
v -0.707692 0.106154 1.238462
v -0.654615 0.091932 1.238462
v -0.530769 -1.946154 0.884615
v -0.601538 -0.000000 1.238462
v -0.615760 -0.406923 1.238462
v -0.654615 -0.445778 1.238462
v -0.707692 -0.460000 1.238462
v -0.799624 -0.406923 1.238462
v -0.813846 -0.353846 1.238462
v -0.530769 -0.884615 1.238462
v -0.176923 -0.884615 1.238462
v -0.799624 -0.300769 1.238462
v -0.707692 -0.247692 1.238462
v -0.654615 -0.261914 1.238462
v -0.615760 -0.300769 1.238462
v -0.601538 -0.353846 1.238462
v -0.530769 1.946154 0.884615
v -0.654615 -0.799624 1.238462
v -0.707692 -0.813846 1.238462
v -0.813846 -0.707692 1.238462
v 0.176923 -1.592308 1.238461
v -0.176923 -1.592308 1.238461
v -0.176923 -0.530769 0.884615
v -0.799624 -0.654615 1.238462
v 0.176923 -0.530769 0.884615
v -0.176923 -0.530769 1.061538
v 0.176923 -0.530769 1.061538
v -0.707692 -0.601539 1.238462
v -0.654615 -0.615760 1.238462
v -0.176923 0.530769 1.061538
v -0.176923 0.530769 0.884615
v -0.615760 -0.654615 1.238462
v -0.601538 -0.707692 1.238462
v -0.176923 0.884615 1.238462
v -0.176923 1.946154 0.884615
v -0.654615 -1.861163 1.238461
v 0.176923 1.946154 0.884615
v -0.176923 1.946154 1.061539
v 0.176923 1.946154 1.061539
v -0.176923 1.592308 1.238462
v 0.176923 1.592308 1.238462
v 0.530769 -1.946154 0.884615
v 0.530769 -1.946154 1.061538
v -0.760769 -1.861163 1.238461
v -0.813846 -1.769231 1.238461
v -0.760769 -1.677299 1.238461
v -0.654615 -1.677299 1.238461
v 0.176923 -0.884615 1.238462
v -0.601538 -1.769231 1.238461
v -1.008461 -1.861163 1.238461
v 0.176923 0.530769 0.884615
v 0.176923 0.530769 1.061538
v 0.176923 0.884615 1.238462
v -1.114615 -1.861163 1.238461
v 0.530769 1.946154 0.884615
v -1.167692 -1.769231 1.238461
v -1.114615 -1.677299 1.238461
v 0.884615 -1.946154 0.884615
v -1.008461 -1.677299 1.238461
v 0.884615 -1.946154 1.061538
v -0.955385 -1.769231 1.238461
v 0.530769 -1.592308 1.238461
v 0.530769 -0.884615 1.238462
v 0.884615 -0.884615 1.238462
v -1.008461 -2.215009 1.061538
v -1.114615 -2.215009 1.061538
v 0.884615 -0.530769 1.238462
v 0.530769 -0.176923 1.061538
v -1.167692 -2.123077 1.061538
v 0.530769 0.176923 0.884615
v 0.530769 -0.176923 0.884615
v -1.114615 -2.031145 1.061538
v 0.884615 -0.176923 1.238462
v 0.530769 0.176923 1.061538
v -1.008461 -2.031145 1.061538
v -0.955385 -2.123077 1.061538
v 0.884615 0.176923 1.238462
v 0.884615 0.530769 1.238462
v -1.008461 -2.568855 1.061538
v 0.884615 0.884615 1.238462
v 0.530769 0.884615 1.238462
v 0.530769 1.946154 1.061539
v 0.884615 1.946154 0.884615
v -1.114615 -2.568855 1.061538
v 0.530769 1.592308 1.238462
v -1.167692 -2.476923 1.061538
v -1.114615 -2.384991 1.061538
v -1.008461 -2.384991 1.061538
v -0.955385 -2.476923 1.061538
v 0.884615 -1.592308 1.238461
v 0.884615 -1.238462 1.238462
v 0.884615 1.238462 1.238462
v 1.238462 1.238462 1.238462
v -1.415385 1.309231 1.238462
v -1.507317 1.362308 1.238462
v 0.884615 1.946154 1.061539
v 0.884615 1.592308 1.238462
v -1.507317 1.468462 1.238462
v 1.592308 -1.946154 0.707692
v -1.468462 1.507317 1.238462
v 1.238462 -2.300000 0.707692
v -1.362308 1.507317 1.238462
v -1.309231 1.415385 1.238462
v 1.238462 -1.238462 1.238462
v -1.415385 -1.167692 1.238462
v 1.238462 -0.884615 1.238462
v 1.238462 0.884615 1.238462
v -1.507317 -1.114615 1.238462
v -1.507317 -1.008461 1.238462
v -1.415385 -0.955385 1.238462
v -1.309231 -1.061538 1.238462
v 1.946154 -0.884615 0.884615
v -1.362308 -1.507317 1.238461
v -1.468462 -1.507317 1.238461
v 1.946154 -0.884615 1.061538
v -1.507317 -1.468462 1.238461
v -1.507317 -1.362308 1.238462
v 1.592308 -0.884615 1.238462
v -1.415385 -1.309231 1.238462
v -1.309231 -1.415385 1.238461
v -1.677299 1.008461 1.238462
v 1.946154 -0.530769 0.884615
v 1.946154 -0.530769 1.061538
v -1.769231 0.955385 1.238462
v 1.946154 -0.176923 1.061538
v 1.592308 -0.530769 1.238462
v 1.946154 -0.176923 0.884615
v 1.946154 0.176923 0.884615
v -1.861163 1.008461 1.238462
v -1.861163 1.114615 1.238462
v 1.592308 -0.176923 1.238462
v 1.592308 0.176923 1.238462
v 1.946154 0.530769 0.884615
v -1.769231 1.167692 1.238462
v 1.946154 0.176923 1.061538
v 1.946154 0.530769 1.061538
v -1.677299 1.114615 1.238462
v -1.677299 0.300769 1.238462
v 1.946154 0.884615 0.884615
v 1.946154 0.884615 1.061538
v -1.769231 0.247692 1.238462
v 1.592308 0.530769 1.238462
v -1.861163 0.300769 1.238462
v -1.861163 0.406923 1.238462
v -1.769231 0.460000 1.238462
v 1.592308 0.884615 1.238462
v -1.677299 0.406923 1.238462
v -1.946154 -1.238462 0.884615
v -1.677299 -0.406923 1.238462
v -1.769231 -0.460000 1.238462
v -1.861163 -0.406923 1.238462
v -1.861163 -0.300769 1.238462
v -1.769231 -0.247692 1.238462
v -1.238462 -1.946154 0.884615
v -1.238462 -2.300000 0.884615
v -1.677299 -0.300769 1.238462
v -0.884615 -2.300000 0.884615
v -1.677299 -0.760769 1.238462
v -1.769231 -0.813846 1.238462
v -1.861163 -0.760769 1.238462
v -1.861163 -0.654615 1.238462
v -1.769231 -0.601539 1.238462
v -1.677299 -0.654615 1.238462
v -1.677299 -1.468462 1.061538
v -1.716154 -1.507317 1.061538
v -1.822308 -1.507317 1.061538
v -1.861163 -1.468462 1.061538
v 0.176923 -2.300000 0.884615
v -1.861163 -1.362308 1.061538
v -1.769231 -1.309231 1.061538
v -1.677299 -1.362308 1.061538
v -0.176923 -2.300000 0.884615
v -1.677299 -1.822308 1.061538
v -1.716154 -1.861163 1.061538
v 1.592308 -1.946154 0.884615
v 1.592308 -1.592308 0.884615
v -1.822308 -1.861163 1.061538
v -1.861163 -1.822308 1.061538
v -1.861163 -1.716154 1.061538
v -1.822308 -1.677299 1.061538
v -1.716154 -1.677299 1.061538
v -1.677299 -1.716154 1.061538
v -0.053077 -2.031145 1.061538
v -0.106154 -2.123077 1.061538
v -0.053077 -2.215009 1.061538
v 0.053077 -2.215009 1.061538
v 0.106154 -1.769231 1.238461
v 0.053077 -1.677299 1.238461
v -0.053077 -1.677299 1.238461
v -0.106154 -1.769231 1.238461
v -0.053077 -1.861163 1.238461
v 0.053077 -1.861163 1.238461
v 0.106154 1.769231 1.238462
v 0.053077 1.861163 1.238462
v -0.053077 1.861163 1.238462
v -0.106154 1.769231 1.238462
v -0.053077 1.677299 1.238462
v 0.053077 1.677299 1.238462
v 0.460000 -1.769231 1.238461
v 0.406923 -1.677299 1.238461
v 0.300769 -1.677299 1.238461
v 0.247692 -1.769231 1.238461
v 0.300769 -1.861163 1.238461
v 0.406923 -1.861163 1.238461
v 0.460000 -0.707692 1.238462
v 0.445778 -0.654615 1.238462
v 0.406923 -0.615760 1.238462
v 0.353846 -0.601539 1.238462
v 0.300769 -0.615760 1.238462
v 0.261914 -0.654615 1.238462
v 0.247692 -0.707692 1.238462
v 0.300769 -0.799624 1.238462
v 0.353846 -0.813846 1.238462
v 0.406923 -0.799624 1.238462
v 0.460000 0.707692 1.238462
v 0.406923 0.799624 1.238462
v 0.353846 0.813846 1.238462
v 0.300769 0.799624 1.238462
v 0.247692 0.707692 1.238462
v 0.261914 0.654615 1.238462
v 0.300769 0.615760 1.238462
v 0.353846 0.601538 1.238462
v 0.406923 0.615760 1.238462
v 0.445778 0.654615 1.238462
v 0.460000 1.769231 1.238462
v 0.406923 1.861163 1.238462
v 0.300769 1.861163 1.238462
v 0.247692 1.769231 1.238462
v 0.300769 1.677299 1.238462
v 0.406923 1.677299 1.238462
v 0.813846 -1.769231 1.238461
v 0.760769 -1.677299 1.238461
v 0.654615 -1.677299 1.238461
v 0.601538 -1.769231 1.238461
v 0.654615 -1.861163 1.238461
v 0.760769 -1.861163 1.238461
v 0.813846 -0.353846 1.238462
v 0.799624 -0.300769 1.238462
v 0.707692 -0.247692 1.238462
v 0.654615 -0.261914 1.238462
v 0.615760 -0.300769 1.238462
v 0.601538 -0.353846 1.238462
v 0.615760 -0.406923 1.238462
v 0.654615 -0.445778 1.238462
v 0.707692 -0.460000 1.238462
v 0.799624 -0.406923 1.238462
v 0.813846 0.353846 1.238462
v 0.799624 0.406923 1.238462
v 0.707692 0.460000 1.238462
v 0.654615 0.445778 1.238462
v 0.615760 0.406923 1.238462
v 0.601538 0.353846 1.238462
v 0.615760 0.300769 1.238462
v 0.654615 0.261914 1.238462
v 0.707692 0.247692 1.238462
v 0.799624 0.300769 1.238462
v 0.813846 0.707692 1.238462
v 0.707692 0.813846 1.238462
v 0.654615 0.799624 1.238462
v 0.601538 0.707692 1.238462
v 0.615760 0.654615 1.238462
v 0.654615 0.615760 1.238462
v 0.707692 0.601538 1.238462
v 0.799624 0.654615 1.238462
v 1.167692 -1.769231 1.238461
v 1.114615 -1.677299 1.238461
v 1.008461 -1.677299 1.238461
v 0.955385 -1.769231 1.238461
v 1.008461 -1.861163 1.238461
v 1.114615 -1.861163 1.238461
v 1.167692 1.769231 1.238462
v 1.114615 1.861163 1.238462
v 1.008461 1.861163 1.238462
v 0.955385 1.769231 1.238462
v 1.008461 1.677299 1.238462
v 1.114615 1.677299 1.238462
v 1.507317 -1.716154 1.061538
v 1.468462 -1.677299 1.061538
v 1.362308 -1.677299 1.061538
v 1.309231 -1.769231 1.061538
v 1.362308 -1.861163 1.061538
v 1.468462 -1.861163 1.061538
v 1.507317 -1.822308 1.061538
v 1.507317 -1.008461 1.238462
v 1.415385 -0.955385 1.238462
v 1.309231 -1.061538 1.238462
v 1.415385 -1.167692 1.238462
v 1.507317 -1.114615 1.238462
v 1.861163 -1.008461 1.238462
v 1.769231 -0.955385 1.238462
v 1.677299 -1.008461 1.238462
v 1.677299 -1.114615 1.238462
v 1.769231 -1.167692 1.238462
v 1.861163 -1.114615 1.238462
v 1.861163 0.406923 1.238462
v 1.769231 0.460000 1.238462
v 1.677299 0.406923 1.238462
v 1.677299 0.300769 1.238462
v 1.769231 0.247692 1.238462
v 1.861163 0.300769 1.238462
v 1.861163 0.760769 1.238462
v 1.769231 0.813846 1.238462
v 1.677299 0.760769 1.238462
v 1.677299 0.654615 1.238462
v 1.769231 0.601538 1.238462
v 1.861163 0.654615 1.238462
v 1.861163 1.114615 1.238462
v 1.769231 1.167692 1.238462
v 1.677299 1.114615 1.238462
v 1.677299 1.008461 1.238462
v 1.769231 0.955385 1.238462
v 1.861163 1.008461 1.238462
v -0.017089 -2.021502 1.107538
v 0.000000 -2.035239 1.125231
v 0.017089 -2.021502 1.107538
v -1.928462 -1.946154 0.707692
v -1.946154 -1.928462 0.707692
v -0.017089 -2.021502 1.061538
v 0.017089 -2.021502 1.061538
v -1.928462 -1.946154 0.884615
v -1.946154 -1.928462 0.884615
v 0.043919 -2.047008 1.125231
v 0.053077 -2.031145 1.107538
v 0.079422 -2.057490 1.107538
v 0.076069 -2.079158 1.125231
v 0.096511 -2.087090 1.107538
v 0.079422 -2.057490 1.061538
v 0.096511 -2.087090 1.061538
v 0.087837 -2.123077 1.125231
v 0.106154 -2.123077 1.107538
v 0.096511 -2.512911 1.107538
v 0.076069 -2.520842 1.125231
v 0.079422 -2.542510 1.107538
v -1.610000 -1.256154 1.061538
v -1.592308 -1.256154 1.079231
v -1.610000 -1.238462 1.079231
v -1.592308 -1.256154 1.220769
v -1.574615 -1.220769 1.238462
v -1.610000 -1.238462 1.220769
v 0.096511 -2.512911 1.061538
v 0.079422 -2.542510 1.061538
v -1.928462 -1.256154 1.061538
v -1.928462 -1.238462 1.079231
v -1.946154 -1.220769 1.043846
v -1.928462 -1.238462 1.220769
v -1.928462 -1.220769 1.238462
v -1.946154 -1.220769 1.220769
v 0.043919 -2.552993 1.125231
v 0.053077 -2.568855 1.107538
v 0.017089 -2.578498 1.107538
v 0.000000 -2.564760 1.125231
v -0.017089 -2.578498 1.107538
v 0.017089 -2.578498 1.061538
v -0.017089 -2.578498 1.061538
v -0.043919 -2.552993 1.125231
v -0.053077 -2.568855 1.107538
v -0.079422 -2.542510 1.107538
v -0.076069 -2.520842 1.125231
v -0.096511 -2.512911 1.107538
v -0.079422 -2.542510 1.061538
v -0.096511 -2.512911 1.061538
v -0.087837 -2.476923 1.125231
v -0.106154 -2.476923 1.107538
v -1.946154 -0.884615 1.220769
v -1.928462 -0.884615 1.238462
v -0.096511 -2.440936 1.107538
v -0.076069 -2.433005 1.125231
v -0.079422 -2.411336 1.107538
v -1.928462 -0.530769 1.238462
v -1.946154 -0.530769 1.220769
v -0.096511 -2.440936 1.061538
v -0.079422 -2.411336 1.061538
v -0.043919 -2.400854 1.125231
v -0.053077 -2.384991 1.107538
v -0.017089 -2.375348 1.107538
v 0.000000 -2.389086 1.125231
v 0.017089 -2.375348 1.107538
v -0.017089 -2.375348 1.061538
v 0.017089 -2.375348 1.061538
v 0.043919 -2.400854 1.125231
v 0.053077 -2.384991 1.107538
v -1.928462 -0.176923 1.238462
v -1.946154 -0.176923 1.220769
v 0.079422 -2.411336 1.107538
v 0.076069 -2.433005 1.125231
v 0.096511 -2.440936 1.107538
v 0.079422 -2.411336 1.061538
v 0.096511 -2.440936 1.061538
v 0.087837 -2.476923 1.125231
v 0.106154 -2.476923 1.107538
v -0.257335 1.733243 1.284462
v -0.277777 1.725312 1.302154
v -0.274425 1.703644 1.284462
v -0.257335 1.733243 1.238462
v -0.274425 1.703644 1.238462
v -0.309927 1.693161 1.302154
v -0.300769 1.677299 1.284462
v -0.336757 1.667656 1.284462
v -0.353846 1.681393 1.302154
v -0.370936 1.667656 1.284462
v -0.336757 1.667656 1.238462
v -0.370936 1.667656 1.238462
v -0.397765 1.693161 1.302154
v -0.406923 1.677299 1.284462
v -1.928462 0.176923 1.238462
v -1.946154 0.176923 1.220769
v -0.433268 1.703644 1.284462
v -0.429916 1.725312 1.302154
v -0.450357 1.733243 1.284462
v -0.433268 1.703644 1.238462
v -0.450357 1.733243 1.238462
v -0.441684 1.769231 1.302154
v -0.460000 1.769231 1.284462
v -1.928462 0.530769 1.238462
v -1.946154 0.530769 1.220769
v -0.450357 1.805218 1.284462
v -0.429916 1.813149 1.302154
v -0.433268 1.834818 1.284462
v -0.450357 1.805218 1.238462
v -0.433268 1.834818 1.238462
v -0.397765 1.845300 1.302154
v -0.406923 1.861163 1.284462
v -0.370936 1.870806 1.284462
v -0.353846 1.857068 1.302154
v -0.336757 1.870806 1.284462
v -0.370936 1.870806 1.238462
v -0.336757 1.870806 1.238462
v -0.309927 1.845300 1.302154
v -0.300769 1.861163 1.284462
v -0.274425 1.834818 1.284462
v -0.277777 1.813149 1.302154
v -0.257335 1.805218 1.284462
v -0.274425 1.834818 1.238462
v -0.257335 1.805218 1.238462
v -0.266009 1.769231 1.302154
v -0.247692 1.769231 1.284462
v -1.946154 1.220769 1.061538
v -1.928462 1.238462 1.061538
v -1.946154 1.220769 0.884615
v -1.928462 1.238462 0.884615
v -0.257335 -0.743680 1.284462
v -0.277777 -0.751611 1.302154
v -0.274425 -0.773280 1.284462
v -0.257335 -0.743680 1.238462
v -0.274425 -0.773280 1.238462
v -1.610000 1.238462 1.061538
v -1.592308 1.256154 1.061538
v -1.610000 1.238462 0.884615
v -1.592308 1.256154 0.884615
v -0.309927 -0.783762 1.302154
v -0.300769 -0.799624 1.284462
v -0.353846 -0.795530 1.302154
v -0.353846 -0.813846 1.284462
v -0.397765 -0.783762 1.302154
v -0.406923 -0.799624 1.284462
v -0.433268 -0.773280 1.284462
v -0.429916 -0.751611 1.302154
v -0.450357 -0.743680 1.284462
v -1.946154 0.884615 1.220769
v -1.928462 0.884615 1.238462
v -0.433268 -0.773280 1.238462
v -0.450357 -0.743680 1.238462
v -0.441684 -0.707692 1.302154
v -0.460000 -0.707692 1.284462
v -1.928462 1.220769 1.238462
v -1.928462 1.238462 1.220769
v -1.946154 1.220769 1.220769
v -0.429916 -0.663774 1.302154
v -0.445778 -0.654615 1.284462
v -1.574615 -1.592308 0.884615
v -1.592308 -1.610000 0.884615
v -0.397765 -0.631623 1.302154
v -0.406923 -0.615760 1.284462
v -0.353846 -0.619855 1.302154
v -0.353846 -0.601539 1.284462
v -1.256154 -1.592308 1.061538
v -1.238462 -1.610000 1.061538
v -1.238462 -1.610000 1.220769
v -1.220769 -1.574615 1.238461
v -1.256154 -1.592308 1.220769
v -0.309927 -0.631623 1.302154
v -0.300769 -0.615760 1.284462
v -1.574615 -1.592308 1.220769
v -1.574615 -1.574615 1.238461
v -1.592308 -1.574615 1.220769
v -0.277777 -0.663774 1.302154
v -0.261914 -0.654615 1.284462
v -0.266009 -0.707692 1.302154
v -0.247692 -0.707692 1.284462
v -0.257335 -1.805218 1.284461
v -0.277777 -1.813149 1.302154
v -0.274425 -1.834818 1.284461
v -0.257335 -1.805218 1.238461
v -0.274425 -1.834818 1.238461
v -0.309927 -1.845300 1.302154
v -0.300769 -1.861163 1.284461
v -1.592308 1.574615 1.061539
v -1.574615 1.592308 1.061539
v -0.336757 -1.870806 1.284461
v -0.353846 -1.857068 1.302154
v -0.370936 -1.870806 1.284461
v -0.336757 -1.870806 1.238461
v -0.370936 -1.870806 1.238461
v -1.592308 1.574615 0.884615
v -1.574615 1.592308 0.884615
v -0.397765 -1.845300 1.302154
v -0.406923 -1.861163 1.284461
v -1.256154 1.592308 0.884615
v -1.238462 1.610000 0.884615
v -0.433268 -1.834818 1.284461
v -0.429916 -1.813149 1.302154
v -0.450357 -1.805218 1.284461
v -1.574615 1.574615 1.238462
v -1.574615 1.592308 1.220769
v -1.592308 1.574615 1.220769
v -0.433268 -1.834818 1.238461
v -0.450357 -1.805218 1.238461
v -0.441684 -1.769231 1.302154
v -0.460000 -1.769231 1.284461
v -0.450357 -1.733243 1.284461
v -0.429916 -1.725312 1.302154
v -0.433268 -1.703644 1.284461
v -0.450357 -1.733243 1.238461
v -0.433268 -1.703644 1.238461
v -0.397765 -1.693161 1.302154
v -0.406923 -1.677299 1.284461
v -1.574615 1.220769 1.238462
v -1.592308 1.256154 1.220769
v -1.610000 1.238462 1.220769
v -0.370936 -1.667656 1.284461
v -0.353846 -1.681393 1.302154
v -0.336757 -1.667656 1.284461
v -0.370936 -1.667656 1.238461
v -0.336757 -1.667656 1.238461
v -0.309927 -1.693161 1.302154
v -0.300769 -1.677299 1.284461
v -1.238462 -1.610000 0.884615
v -1.256154 -1.592308 0.884615
v -0.274425 -1.703644 1.284461
v -0.277777 -1.725312 1.302154
v -0.257335 -1.733243 1.284461
v -0.274425 -1.703644 1.238461
v -0.257335 -1.733243 1.238461
v -0.247692 -1.769231 1.284461
v -0.266009 -1.769231 1.302154
v -1.220769 -1.946154 1.079231
v -1.238462 -1.928462 1.043846
v -1.220769 -1.963846 1.061538
v -0.611181 1.733243 1.284462
v -0.631623 1.725312 1.302154
v -0.628271 1.703644 1.284462
v -0.611181 1.733243 1.238462
v -0.628271 1.703644 1.238462
v -0.663774 1.693161 1.302154
v -0.654615 1.677299 1.284462
v -1.220769 -1.928462 1.238461
v -1.238462 -1.928462 1.220769
v -1.220769 -1.946154 1.220769
v -0.884615 -1.946154 1.220769
v -0.884615 -1.928462 1.238461
v -0.690603 1.667656 1.284462
v -0.707692 1.681393 1.302154
v -0.724782 1.667656 1.284462
v -0.690603 1.667656 1.238462
v -0.724782 1.667656 1.238462
v -0.751611 1.693161 1.302154
v -0.760769 1.677299 1.284462
v -0.787114 1.703643 1.284462
v -0.783762 1.725312 1.302154
v -0.804203 1.733243 1.284462
v -0.787114 1.703643 1.238462
v -0.804203 1.733243 1.238462
v -1.256154 1.592308 1.061539
v -1.238462 1.610000 1.061539
v -1.238462 1.928462 1.061539
v -1.220769 1.946154 1.061539
v -0.795530 1.769231 1.302154
v -0.813846 1.769231 1.284462
v -1.238462 1.928462 0.884615
v -1.220769 1.946154 0.884615
v -0.804203 1.805218 1.284462
v -0.783762 1.813149 1.302154
v -0.787114 1.834818 1.284462
v -0.804203 1.805218 1.238462
v -0.787114 1.834818 1.238462
v -0.751611 1.845300 1.302154
v -0.760769 1.861163 1.284462
v -0.724782 1.870806 1.284462
v -0.707692 1.857068 1.302154
v -0.690603 1.870806 1.284462
v -0.724782 1.870806 1.238462
v -0.690603 1.870806 1.238462
v -0.663774 1.845300 1.302154
v -0.654615 1.861163 1.284462
v -0.628271 1.834818 1.284462
v -0.631623 1.813149 1.302154
v -0.611181 1.805218 1.284462
v -0.628271 1.834818 1.238462
v -0.611181 1.805218 1.238462
v -1.238462 1.610000 1.220769
v -1.256154 1.592308 1.220769
v -1.220769 1.574615 1.238462
v -0.601538 1.769231 1.284462
v -0.619855 1.769231 1.302154
v -1.220769 1.928462 1.238462
v -1.220769 1.946154 1.220769
v -1.238462 1.928462 1.220769
v -0.631623 0.663774 1.302154
v -0.615760 0.654615 1.284462
v -0.866923 -1.946154 0.884615
v -0.884615 -1.963846 0.884615
v -0.663774 0.631623 1.302154
v -0.654615 0.615760 1.284462
v -0.707692 0.619855 1.302154
v -0.707692 0.601538 1.284462
v -0.743680 0.611181 1.284462
v -0.751611 0.631623 1.302154
v -0.773280 0.628271 1.284462
v -0.530769 -1.946154 1.220769
v -0.530769 -1.928462 1.238461
v -0.743680 0.611181 1.238462
v -0.773280 0.628271 1.238462
v -0.783762 0.663774 1.302154
v -0.799624 0.654615 1.284462
v -0.513077 -0.530769 1.220769
v -0.530769 -0.513077 1.220769
v -0.548462 -0.548462 1.238462
v -0.530769 -0.513077 0.884615
v -0.513077 -0.530769 0.884615
v -0.795530 0.707692 1.302154
v -0.813846 0.707692 1.284462
v -0.530769 -0.513077 1.061538
v -0.513077 -0.530769 1.061538
v -0.804203 0.743680 1.284462
v -0.783762 0.751611 1.302154
v -0.787114 0.773280 1.284462
v -0.804203 0.743680 1.238462
v -0.787114 0.773280 1.238462
v -0.773280 0.787114 1.284462
v -0.751611 0.783762 1.302154
v -0.743680 0.804203 1.284462
v -0.773280 0.787114 1.238462
v -0.743680 0.804203 1.238462
v -0.707692 0.795530 1.302154
v -0.707692 0.813846 1.284462
v -0.663774 0.783762 1.302154
v -0.654615 0.799624 1.284462
v -0.628271 0.773280 1.284462
v -0.631623 0.751611 1.302154
v -0.611181 0.743680 1.284462
v -0.530769 0.176923 1.220769
v -0.548462 0.176923 1.238462
v -0.628271 0.773280 1.238462
v -0.611181 0.743680 1.238462
v -0.601538 0.707692 1.284462
v -0.619855 0.707692 1.302154
v -0.530769 -0.176923 1.220769
v -0.548462 -0.176923 1.238462
v -0.611181 -0.035988 1.284462
v -0.631623 -0.043919 1.302154
v -0.628271 -0.065587 1.284462
v -0.513077 0.530769 0.884615
v -0.530769 0.513077 0.884615
v -0.611181 -0.035988 1.238462
v -0.628271 -0.065587 1.238462
v -0.663774 -0.076069 1.302154
v -0.654615 -0.091932 1.284462
v -0.707692 -0.087837 1.302154
v -0.707692 -0.106154 1.284462
v -0.743680 -0.096511 1.284462
v -0.751611 -0.076070 1.302154
v -0.773280 -0.079422 1.284462
v -0.743680 -0.096511 1.238462
v -0.773280 -0.079422 1.238462
v -0.783762 -0.043919 1.302154
v -0.799624 -0.053077 1.284462
v -0.795530 -0.000000 1.302154
v -0.813846 -0.000000 1.284462
v -0.783762 0.043919 1.302154
v -0.799624 0.053077 1.284462
v -0.884615 1.928462 1.238462
v -0.884615 1.946154 1.220769
v -0.773280 0.079422 1.284462
v -0.751611 0.076069 1.302154
v -0.743680 0.096511 1.284462
v -0.773280 0.079422 1.238462
v -0.743680 0.096511 1.238462
v -0.707692 0.087837 1.302154
v -0.707692 0.106154 1.284462
v -0.176923 -1.963846 0.884615
v -0.194615 -1.946154 0.884615
v -0.663774 0.076069 1.302154
v -0.654615 0.091932 1.284462
v -0.628271 0.065587 1.284462
v -0.631623 0.043919 1.302154
v -0.611181 0.035987 1.284462
v -0.628271 0.065587 1.238462
v -0.611181 0.035987 1.238462
v -0.601538 -0.000000 1.284462
v -0.619855 -0.000000 1.302154
v -0.631623 -0.397765 1.302154
v -0.615760 -0.406923 1.284462
v -0.663774 -0.429916 1.302154
v -0.654615 -0.445778 1.284462
v -0.707692 -0.441684 1.302154
v -0.707692 -0.460000 1.284462
v -0.743680 -0.450357 1.284462
v -0.751611 -0.429916 1.302154
v -0.773280 -0.433268 1.284462
v -0.743680 -0.450357 1.238462
v -0.773280 -0.433268 1.238462
v -0.783762 -0.397765 1.302154
v -0.799624 -0.406923 1.284462
v -0.795530 -0.353846 1.302154
v -0.813846 -0.353846 1.284462
v -0.783762 -0.309928 1.302154
v -0.799624 -0.300769 1.284462
v -0.773280 -0.274425 1.284462
v -0.751611 -0.277777 1.302154
v -0.743680 -0.257335 1.284462
v -0.773280 -0.274425 1.238462
v -0.743680 -0.257335 1.238462
v -0.707692 -0.266009 1.302154
v -0.707692 -0.247692 1.284462
v -0.663774 -0.277777 1.302154
v -0.654615 -0.261914 1.284462
v -0.513077 0.530769 1.220769
v -0.548462 0.548461 1.238462
v -0.530769 0.513077 1.220769
v -0.530769 0.513077 1.061538
v -0.513077 0.530769 1.061538
v -0.631623 -0.309927 1.302154
v -0.615760 -0.300769 1.284462
v -0.601538 -0.353846 1.284462
v -0.619855 -0.353846 1.302154
v -0.611181 -0.743680 1.284462
v -0.631623 -0.751611 1.302154
v -0.628271 -0.773280 1.284462
v -0.611181 -0.743680 1.238462
v -0.628271 -0.773280 1.238462
v -0.663774 -0.783762 1.302154
v -0.654615 -0.799624 1.284462
v -0.707692 -0.795530 1.302154
v -0.707692 -0.813846 1.284462
v -0.743680 -0.804203 1.284462
v -0.751611 -0.783762 1.302154
v -0.773280 -0.787114 1.284462
v -0.743680 -0.804203 1.238462
v -0.773280 -0.787114 1.238462
v -0.787114 -0.773280 1.284462
v -0.783762 -0.751611 1.302154
v -0.804203 -0.743680 1.284462
v -0.787114 -0.773280 1.238462
v -0.804203 -0.743680 1.238462
v -0.530769 1.928462 1.238462
v -0.530769 1.946154 1.220769
v -0.795530 -0.707692 1.302154
v -0.813846 -0.707692 1.284462
v 0.176923 -1.946154 1.220769
v 0.176923 -1.928462 1.238461
v -0.176923 -1.963846 1.043846
v -0.159231 -1.963846 1.061538
v -0.194615 -1.946154 1.079231
v -0.176923 -1.946154 1.220769
v -0.176923 -1.928462 1.238461
v -0.783762 -0.663774 1.302154
v -0.799624 -0.654615 1.284462
v -0.773280 -0.628271 1.284462
v -0.751611 -0.631623 1.302154
v -0.743680 -0.611181 1.284462
v -0.176923 -0.530769 1.220769
v -0.176923 -0.548462 1.238462
v 0.176923 -0.548462 1.238462
v 0.176923 -0.530769 1.220769
v -0.773280 -0.628271 1.238462
v -0.743680 -0.611181 1.238462
v -0.707692 -0.619855 1.302154
v -0.707692 -0.601539 1.284462
v -0.663774 -0.631623 1.302154
v -0.654615 -0.615760 1.284462
v -0.631623 -0.663774 1.302154
v -0.615760 -0.654615 1.284462
v -0.601538 -0.707692 1.284462
v -0.619855 -0.707692 1.302154
v -0.176923 0.530769 1.220769
v -0.176923 0.548461 1.238462
v -0.611181 -1.805218 1.284461
v -0.631623 -1.813149 1.302154
v -0.628271 -1.834818 1.284461
v -0.611181 -1.805218 1.238461
v -0.628271 -1.834818 1.238461
v -0.663774 -1.845300 1.302154
v -0.654615 -1.861163 1.284461
v -0.690603 -1.870806 1.284461
v -0.707692 -1.857068 1.302154
v -0.724782 -1.870806 1.284461
v -0.690603 -1.870806 1.238461
v -0.724782 -1.870806 1.238461
v 0.176923 1.928462 1.238462
v 0.176923 1.946154 1.220769
v -0.751611 -1.845300 1.302154
v -0.760769 -1.861163 1.284461
v -0.176923 1.928462 1.238462
v -0.176923 1.946154 1.220769
v 0.194615 -1.946154 0.884615
v 0.176923 -1.963846 0.884615
v -0.787114 -1.834818 1.284461
v -0.783762 -1.813149 1.302154
v -0.804203 -1.805218 1.284461
v -0.787114 -1.834818 1.238461
v -0.804203 -1.805218 1.238461
v -0.795530 -1.769231 1.302154
v -0.813846 -1.769231 1.284461
v 0.159231 -1.963846 1.061538
v 0.176923 -1.963846 1.043846
v 0.194615 -1.946154 1.079231
v -0.804203 -1.733243 1.284461
v -0.783762 -1.725312 1.302154
v -0.787114 -1.703643 1.284461
v -0.804203 -1.733243 1.238461
v -0.787114 -1.703643 1.238461
v -0.751611 -1.693161 1.302154
v -0.760769 -1.677299 1.284461
v -0.724782 -1.667656 1.284461
v -0.707692 -1.681393 1.302154
v -0.690603 -1.667656 1.284461
v -0.724782 -1.667656 1.238461
v -0.690603 -1.667656 1.238461
v 0.513077 -0.530769 0.884615
v 0.530769 -0.513077 0.884615
v -0.663774 -1.693161 1.302154
v -0.654615 -1.677299 1.284461
v -0.628271 -1.703644 1.284461
v -0.631623 -1.725312 1.302154
v -0.611181 -1.733243 1.284461
v -0.628271 -1.703644 1.238461
v -0.611181 -1.733243 1.238461
v -0.601538 -1.769231 1.284461
v -0.619855 -1.769231 1.302154
v -0.965028 -1.805218 1.284461
v -0.985469 -1.813149 1.302154
v -0.982117 -1.834818 1.284461
v -0.965028 -1.805218 1.238461
v -0.982117 -1.834818 1.238461
v -1.017620 -1.845300 1.302154
v -1.008461 -1.861163 1.284461
v 0.530769 0.513077 1.061538
v 0.513077 0.530769 1.061538
v -1.044449 -1.870806 1.284461
v -1.061538 -1.857068 1.302154
v -1.078628 -1.870806 1.284461
v 0.176923 0.530769 1.220769
v 0.176923 0.548461 1.238462
v -1.044449 -1.870806 1.238461
v -1.078628 -1.870806 1.238461
v 0.530769 0.513077 1.220769
v 0.548462 0.548461 1.238462
v 0.513077 0.530769 1.220769
v -1.105457 -1.845300 1.302154
v -1.114615 -1.861163 1.284461
v -1.140960 -1.834818 1.284461
v -1.137608 -1.813149 1.302154
v -1.158049 -1.805218 1.284461
v -1.140960 -1.834818 1.238461
v -1.158049 -1.805218 1.238461
v -1.149376 -1.769231 1.302154
v -1.167692 -1.769231 1.284461
v -1.158049 -1.733243 1.284461
v -1.137608 -1.725312 1.302154
v -1.140960 -1.703643 1.284461
v -1.158049 -1.733243 1.238461
v -1.140960 -1.703643 1.238461
v -1.105457 -1.693161 1.302154
v -1.114615 -1.677299 1.284461
v -1.078628 -1.667656 1.284461
v -1.061538 -1.681393 1.302154
v -1.044449 -1.667656 1.284461
v -1.078628 -1.667656 1.238461
v -1.044449 -1.667656 1.238461
v -1.017620 -1.693161 1.302154
v -1.008461 -1.677299 1.284461
v -0.982117 -1.703643 1.284461
v -0.985469 -1.725312 1.302154
v -0.965028 -1.733243 1.284461
v -0.982117 -1.703643 1.238461
v -0.965028 -1.733243 1.238461
v -0.955385 -1.769231 1.284461
v -0.973701 -1.769231 1.302154
v 0.530769 -1.928462 1.238461
v 0.530769 -1.946154 1.220769
v 0.884615 -1.946154 1.220769
v 0.884615 -1.928462 1.238461
v -0.965028 -2.159065 1.107538
v -0.985469 -2.166996 1.125231
v -0.982117 -2.188664 1.107538
v -0.965028 -2.159065 1.061538
v -0.982117 -2.188664 1.061538
v -1.017620 -2.199146 1.125231
v -1.008461 -2.215009 1.107538
v 0.513077 -0.530769 1.061538
v 0.530769 -0.513077 1.061538
v -1.044449 -2.224652 1.107538
v -1.061538 -2.210914 1.125231
v -1.078628 -2.224652 1.107538
v -1.044449 -2.224652 1.061538
v -1.078628 -2.224652 1.061538
v 0.548462 -0.548462 1.238462
v 0.530769 -0.513077 1.220769
v 0.513077 -0.530769 1.220769
v -1.105457 -2.199146 1.125231
v -1.114615 -2.215009 1.107538
v -1.140960 -2.188664 1.107538
v -1.137608 -2.166996 1.125231
v -1.158049 -2.159065 1.107538
v -1.140960 -2.188664 1.061538
v -1.158049 -2.159065 1.061538
v -1.149376 -2.123077 1.125231
v -1.167692 -2.123077 1.107538
v 0.548462 -0.176923 1.238462
v 0.530769 -0.176923 1.220769
v -1.158049 -2.087090 1.107538
v -1.137608 -2.079158 1.125231
v -1.140960 -2.057490 1.107538
v -1.158049 -2.087090 1.061538
v -1.140960 -2.057490 1.061538
v -1.105457 -2.047008 1.125231
v -1.114615 -2.031145 1.107538
v -1.078628 -2.021502 1.107538
v -1.061538 -2.035239 1.125231
v -1.044449 -2.021502 1.107538
v -1.078628 -2.021502 1.061538
v -1.044449 -2.021502 1.061538
v -1.017620 -2.047008 1.125231
v -1.008461 -2.031145 1.107538
v 0.530769 0.513077 0.884615
v 0.513077 0.530769 0.884615
v -0.982117 -2.057490 1.107538
v -0.985469 -2.079158 1.125231
v -0.965028 -2.087090 1.107538
v 0.548462 0.176923 1.238462
v 0.530769 0.176923 1.220769
v -0.982117 -2.057490 1.061538
v -0.965028 -2.087090 1.061538
v -0.955385 -2.123077 1.107538
v -0.973701 -2.123077 1.125231
v -0.965028 -2.512911 1.107538
v -0.985469 -2.520842 1.125231
v -0.982117 -2.542511 1.107538
v -0.965028 -2.512911 1.061538
v -0.982117 -2.542511 1.061538
v -1.017620 -2.552993 1.125231
v -1.008461 -2.568855 1.107538
v -1.044449 -2.578498 1.107538
v -1.061538 -2.564760 1.125231
v -1.078628 -2.578498 1.107538
v -1.044449 -2.578498 1.061538
v -1.078628 -2.578498 1.061538
v -1.105457 -2.552993 1.125231
v -1.114615 -2.568855 1.107538
v -1.140960 -2.542511 1.107538
v -1.137608 -2.520842 1.125231
v -1.158049 -2.512911 1.107538
v -1.140960 -2.542511 1.061538
v -1.158049 -2.512911 1.061538
v -1.149376 -2.476923 1.125231
v -1.167692 -2.476923 1.107538
v 0.530769 1.928462 1.238462
v 0.530769 1.946154 1.220769
v -1.158049 -2.440936 1.107538
v -1.137608 -2.433005 1.125231
v -1.140960 -2.411336 1.107538
v 1.238462 -1.963846 1.043846
v 1.256154 -1.946154 1.061538
v 1.238462 -1.928462 1.079231
v 1.220769 -1.946154 1.061538
v -1.158049 -2.440936 1.061538
v -1.140960 -2.411336 1.061538
v -1.105457 -2.400854 1.125231
v -1.114615 -2.384991 1.107538
v 1.256154 -1.610000 1.061538
v 1.256154 -1.592308 1.079231
v 1.238462 -1.610000 1.079231
v -1.078628 -2.375348 1.107538
v -1.061538 -2.389086 1.125231
v -1.044449 -2.375348 1.107538
v -1.078628 -2.375348 1.061538
v -1.044449 -2.375348 1.061538
v -1.017620 -2.400854 1.125231
v -1.008461 -2.384991 1.107538
v -0.982117 -2.411336 1.107538
v -0.985469 -2.433005 1.125231
v -0.965028 -2.440936 1.107538
v -0.982117 -2.411336 1.061538
v -0.965028 -2.440936 1.061538
v -0.955385 -2.476923 1.107538
v -0.973701 -2.476923 1.125231
v 1.220769 -1.928462 1.238461
v 1.220769 -1.946154 1.220769
v 1.238462 -1.928462 1.220769
v 1.238462 -1.610000 1.220769
v 1.256154 -1.592308 1.220769
v 1.220769 -1.574615 1.238461
v -1.318874 1.379397 1.284462
v -1.339315 1.371466 1.302154
v -1.335963 1.349797 1.284462
v -1.318874 1.379397 1.238462
v -1.335963 1.349797 1.238462
v 1.256154 1.592308 1.220769
v 1.238462 1.610000 1.220769
v 1.220769 1.574615 1.238462
v -1.349797 1.335963 1.284462
v -1.371466 1.339315 1.302154
v -1.379397 1.318874 1.284462
v 1.238462 1.610000 0.884615
v 1.256154 1.592308 0.884615
v -1.349797 1.335963 1.238462
v -1.379397 1.318874 1.238462
v -1.415385 1.327547 1.302154
v -1.415385 1.309231 1.284462
v -1.451372 1.318874 1.284462
v -1.459303 1.339315 1.302154
v -1.480972 1.335963 1.284462
v -1.451372 1.318874 1.238462
v -1.480972 1.335963 1.238462
v -1.491454 1.371466 1.302154
v -1.507317 1.362308 1.284462
v 1.220769 1.946154 0.884615
v 1.238462 1.928462 0.884615
v 1.238462 1.610000 1.061539
v 1.256154 1.592308 1.061539
v 1.220769 1.946154 1.061539
v 1.238462 1.928462 1.061539
v -1.516959 1.398295 1.284462
v -1.503222 1.415385 1.302154
v -1.516959 1.432474 1.284462
v 0.884615 1.946154 1.220769
v 0.884615 1.928462 1.238462
v 1.220769 1.928462 1.238462
v 1.238462 1.928462 1.220769
v 1.220769 1.946154 1.220769
v -1.516959 1.398295 1.238462
v -1.516959 1.432474 1.238462
v -1.491454 1.459303 1.302154
v -1.507317 1.468462 1.284462
v -1.459303 1.491454 1.302154
v -1.468462 1.507317 1.284462
v 1.592308 -2.282308 0.707692
v 1.574615 -2.300000 0.707692
v 1.592308 -2.282308 0.884615
v 1.574615 -2.300000 0.884615
v -1.432474 1.516959 1.284462
v -1.415385 1.503222 1.302154
v -1.398295 1.516959 1.284462
v -1.432474 1.516959 1.238462
v -1.398295 1.516959 1.238462
v 1.256154 -2.300000 0.884615
v 1.238462 -2.282308 0.884615
v 1.238462 -2.300000 0.866923
v -1.371466 1.491454 1.302154
v -1.362308 1.507317 1.284462
v 1.610000 -1.238462 0.884615
v 1.592308 -1.256154 0.884615
v -1.335963 1.480972 1.284462
v -1.339315 1.459303 1.302154
v -1.318874 1.451372 1.284462
v -1.335963 1.480972 1.238462
v -1.318874 1.451372 1.238462
v 1.592308 -1.256154 1.061538
v 1.610000 -1.238462 1.061538
v 1.610000 -1.238462 1.220769
v 1.574615 -1.220769 1.238462
v 1.592308 -1.256154 1.220769
v 1.574615 -1.574615 1.238461
v 1.574615 -1.592308 1.220769
v 1.592308 -1.574615 1.220769
v 1.574615 -1.592308 1.079231
v 1.574615 -1.610000 1.061538
v 1.592308 -1.574615 1.043846
v -1.309231 1.415385 1.284462
v -1.327547 1.415385 1.302154
v -1.318874 -1.097526 1.284462
v -1.339315 -1.105457 1.302154
v -1.335963 -1.127126 1.284462
v -1.318874 -1.097526 1.238462
v -1.335963 -1.127126 1.238462
v -1.349797 -1.140960 1.284462
v -1.371466 -1.137608 1.302154
v -1.379397 -1.158049 1.284462
v -1.349797 -1.140960 1.238462
v -1.379397 -1.158049 1.238462
v -1.415385 -1.149376 1.302154
v -1.415385 -1.167692 1.284462
v -1.451372 -1.158049 1.284462
v -1.459303 -1.137608 1.302154
v -1.480972 -1.140960 1.284462
v -1.451372 -1.158049 1.238462
v -1.480972 -1.140960 1.238462
v 1.610000 1.238462 1.220769
v 1.592308 1.256154 1.220769
v 1.574615 1.220769 1.238462
v -1.491454 -1.105457 1.302154
v -1.507317 -1.114615 1.284462
v -1.516959 -1.078628 1.284462
v -1.503222 -1.061538 1.302154
v -1.516959 -1.044449 1.284462
v -1.516959 -1.078628 1.238462
v -1.516959 -1.044449 1.238462
v -1.491454 -1.017620 1.302154
v -1.507317 -1.008461 1.284462
v -1.480972 -0.982117 1.284462
v -1.459303 -0.985469 1.302154
v -1.451372 -0.965028 1.284462
v -1.480972 -0.982117 1.238462
v -1.451372 -0.965028 1.238462
v 1.574615 1.592308 0.884615
v 1.592308 1.574615 0.884615
v -1.415385 -0.973701 1.302154
v -1.415385 -0.955385 1.284462
v 1.592308 1.574615 1.061539
v 1.574615 1.592308 1.061539
v 1.574615 1.592308 1.220769
v 1.574615 1.574615 1.238462
v 1.592308 1.574615 1.220769
v -1.379397 -0.965028 1.284462
v -1.371466 -0.985469 1.302154
v -1.349797 -0.982117 1.284462
v -1.379397 -0.965028 1.238462
v -1.349797 -0.982117 1.238462
v -1.335963 -0.995951 1.284462
v -1.339315 -1.017620 1.302154
v -1.318874 -1.025551 1.284462
v -1.335963 -0.995951 1.238462
v -1.318874 -1.025551 1.238462
v -1.309231 -1.061538 1.284462
v -1.327547 -1.061538 1.302154
v -1.318874 -1.451372 1.284461
v -1.339315 -1.459303 1.302154
v -1.335963 -1.480972 1.284461
v -1.318874 -1.451372 1.238461
v -1.335963 -1.480972 1.238461
v 1.946154 -1.220769 0.884615
v 1.928462 -1.238462 0.884615
v -1.371466 -1.491454 1.302154
v -1.362308 -1.507317 1.284461
v -1.398295 -1.516959 1.284461
v -1.415385 -1.503222 1.302154
v -1.432474 -1.516959 1.284461
v 1.946154 -1.220769 1.061538
v 1.928462 -1.238462 1.061538
v -1.398295 -1.516959 1.238461
v -1.432474 -1.516959 1.238461
v -1.459303 -1.491454 1.302154
v -1.468462 -1.507317 1.284461
v -1.491454 -1.459303 1.302154
v -1.507317 -1.468462 1.284461
v -1.516959 -1.432474 1.284461
v -1.503222 -1.415385 1.302154
v -1.516959 -1.398295 1.284461
v -1.516959 -1.432474 1.238461
v -1.516959 -1.398295 1.238461
v -1.491454 -1.371466 1.302154
v -1.507317 -1.362308 1.284462
v -1.480972 -1.335963 1.284462
v -1.459303 -1.339315 1.302154
v -1.451372 -1.318874 1.284462
v 1.928462 -1.238462 1.220769
v 1.946154 -1.220769 1.220769
v 1.928462 -1.220769 1.238462
v -1.480972 -1.335963 1.238462
v -1.451372 -1.318874 1.238462
v -1.415385 -1.327547 1.302154
v -1.415385 -1.309231 1.284462
v -1.379397 -1.318874 1.284462
v -1.371466 -1.339315 1.302154
v -1.349797 -1.335963 1.284462
v -1.379397 -1.318874 1.238462
v -1.349797 -1.335963 1.238462
v -1.335963 -1.349797 1.284462
v -1.339315 -1.371466 1.302154
v -1.318874 -1.379397 1.284461
v -1.335963 -1.349797 1.238462
v -1.318874 -1.379397 1.238461
v -1.309231 -1.415385 1.284461
v -1.327547 -1.415385 1.302154
v -1.693161 1.017620 1.302154
v -1.677299 1.008461 1.284462
v 1.946154 -0.884615 1.220769
v 1.928462 -0.884615 1.238462
v -1.703643 0.982117 1.284462
v -1.725312 0.985469 1.302154
v -1.733243 0.965027 1.284462
v -1.703643 0.982117 1.238462
v -1.733243 0.965027 1.238462
v -1.769231 0.973701 1.302154
v -1.769231 0.955385 1.284462
v 1.946154 -0.176923 1.220769
v 1.928462 -0.176923 1.238462
v -1.805218 0.965027 1.284462
v -1.813149 0.985469 1.302154
v -1.834818 0.982117 1.284462
v 1.946154 -0.530769 1.220769
v 1.928462 -0.530769 1.238462
v -1.805218 0.965027 1.238462
v -1.834818 0.982117 1.238462
v -1.845300 1.017620 1.302154
v -1.861163 1.008461 1.284462
v -1.870806 1.044449 1.284462
v -1.857068 1.061538 1.302154
v -1.870806 1.078628 1.284462
v -1.870806 1.044449 1.238462
v -1.870806 1.078628 1.238462
v -1.845300 1.105457 1.302154
v -1.861163 1.114615 1.284462
v 1.946154 0.176923 1.220769
v 1.928462 0.176923 1.238462
v -1.834818 1.140960 1.284462
v -1.813149 1.137608 1.302154
v -1.805218 1.158049 1.284462
v -1.834818 1.140960 1.238462
v -1.805218 1.158049 1.238462
v -1.769231 1.149376 1.302154
v -1.769231 1.167692 1.284462
v -1.733243 1.158049 1.284462
v -1.725312 1.137608 1.302154
v -1.703643 1.140960 1.284462
v -1.733243 1.158049 1.238462
v -1.703643 1.140960 1.238462
v -1.693161 1.105457 1.302154
v -1.677299 1.114615 1.284462
v -1.667656 1.044449 1.284462
v -1.667656 1.078628 1.284462
v -1.681393 1.061538 1.302154
v -1.667656 1.078628 1.238462
v -1.667656 1.044449 1.238462
v -1.693161 0.309927 1.302154
v -1.677299 0.300769 1.284462
v -1.703644 0.274425 1.284462
v -1.725312 0.277777 1.302154
v -1.733243 0.257335 1.284462
v -1.703644 0.274424 1.238462
v -1.733243 0.257335 1.238462
v -1.769231 0.266009 1.302154
v -1.769231 0.247692 1.284462
v 1.946154 0.884615 1.220769
v 1.928462 0.884615 1.238462
v 1.946154 0.530769 1.220769
v 1.928462 0.530769 1.238462
v -1.805218 0.257335 1.284462
v -1.813149 0.277777 1.302154
v -1.834818 0.274424 1.284462
v -1.805218 0.257335 1.238462
v -1.834818 0.274425 1.238462
v -1.845300 0.309927 1.302154
v -1.861163 0.300769 1.284462
v 1.928462 1.238462 0.884615
v 1.946154 1.220769 0.884615
v -1.870806 0.336757 1.284462
v -1.857068 0.353846 1.302154
v -1.870806 0.370936 1.284462
v 1.592308 1.256154 0.884615
v 1.610000 1.238462 0.884615
v -1.870806 0.336757 1.238462
v -1.870806 0.370936 1.238462
v 1.928462 1.238462 1.061538
v 1.946154 1.220769 1.061538
v -1.845300 0.397765 1.302154
v -1.861163 0.406923 1.284462
v -1.834818 0.433268 1.284462
v -1.813149 0.429916 1.302154
v -1.805218 0.450357 1.284462
v 1.928462 1.238462 1.220769
v 1.928462 1.220769 1.238462
v 1.946154 1.220769 1.220769
v -1.834818 0.433268 1.238462
v -1.805218 0.450357 1.238462
v 1.592308 1.256154 1.061538
v 1.610000 1.238462 1.061538
v -1.769231 0.441684 1.302154
v -1.769231 0.460000 1.284462
v -1.733243 0.450357 1.284462
v -1.725312 0.429916 1.302154
v -1.703644 0.433268 1.284462
v -1.733243 0.450357 1.238462
v -1.703644 0.433268 1.238462
v -1.693161 0.397765 1.302154
v -1.677299 0.406923 1.284462
v -1.667656 0.336757 1.284462
v -1.667656 0.370936 1.284462
v -1.681393 0.353846 1.302154
v -1.667656 0.370936 1.238462
v -1.667656 0.336757 1.238462
v -1.693161 -0.397765 1.302154
v -1.677299 -0.406923 1.284462
v -1.703644 -0.433268 1.284462
v -1.725312 -0.429916 1.302154
v -1.733243 -0.450357 1.284462
v -1.703644 -0.433268 1.238462
v -1.733243 -0.450357 1.238462
v -1.769231 -0.441684 1.302154
v -1.769231 -0.460000 1.284462
v -1.592308 -1.928462 0.884615
v -1.610000 -1.946154 0.884615
v -1.592308 -1.946154 0.866923
v -1.805218 -0.450357 1.284462
v -1.813149 -0.429916 1.302154
v -1.834818 -0.433268 1.284462
v -1.805218 -0.450357 1.238462
v -1.834818 -0.433268 1.238462
v -1.845300 -0.397765 1.302154
v -1.861163 -0.406923 1.284462
v -1.870806 -0.370936 1.284462
v -1.857068 -0.353846 1.302154
v -1.870806 -0.336757 1.284462
v -1.870806 -0.370936 1.238462
v -1.870806 -0.336757 1.238462
v -1.845300 -0.309928 1.302154
v -1.861163 -0.300769 1.284462
v -1.834818 -0.274425 1.284462
v -1.813149 -0.277777 1.302154
v -1.805218 -0.257335 1.284462
v -1.834818 -0.274425 1.238462
v -1.805218 -0.257335 1.238462
v -1.946154 -1.928462 1.043846
v -1.928462 -1.946154 1.043846
v -1.928462 -1.928462 1.061538
v -1.610000 -1.946154 1.043846
v -1.592308 -1.928462 1.043846
v -1.610000 -1.928462 1.061538
v -1.592308 -1.610000 1.043846
v -1.574615 -1.592308 1.061538
v -1.592308 -1.574615 1.079231
v -1.610000 -1.592308 1.061538
v -1.928462 -1.592308 1.061538
v -1.946154 -1.592308 1.043846
v -1.769231 -0.266009 1.302154
v -1.769231 -0.247692 1.284462
v -0.902308 -1.963846 1.061538
v -0.884615 -1.963846 1.043846
v -0.866923 -1.946154 1.079231
v -1.733243 -0.257335 1.284462
v -1.725312 -0.277777 1.302154
v -1.703644 -0.274425 1.284462
v -1.238462 -2.300000 1.043846
v -1.220769 -2.300000 1.061538
v -1.733243 -0.257335 1.238462
v -1.703644 -0.274425 1.238462
v -1.693161 -0.309928 1.302154
v -1.677299 -0.300769 1.284462
v -0.902308 -2.300000 1.061538
v -0.884615 -2.300000 1.043846
v -1.667656 -0.370936 1.284462
v -1.667656 -0.336757 1.284462
v -1.681393 -0.353846 1.302154
v -1.667656 -0.336757 1.238462
v -1.667656 -0.370936 1.238462
v -1.693161 -0.751611 1.302154
v -1.677299 -0.760769 1.284462
v -1.703643 -0.787114 1.284462
v -1.725312 -0.783762 1.302154
v -1.733243 -0.804203 1.284462
v -1.703643 -0.787114 1.238462
v -1.733243 -0.804203 1.238462
v -1.220769 -2.300000 0.707692
v -1.238462 -2.300000 0.725384
v -1.769231 -0.795530 1.302154
v -1.769231 -0.813846 1.284462
v -0.902308 -2.653846 0.725384
v -0.902308 -2.636154 0.707692
v -0.884615 -2.636154 0.725384
v -1.805218 -0.804203 1.284462
v -1.813149 -0.783762 1.302154
v -1.834818 -0.787114 1.284462
v -1.805218 -0.804203 1.238462
v -1.834818 -0.787114 1.238462
v -1.845300 -0.751611 1.302154
v -1.861163 -0.760769 1.284462
v -0.884615 -2.300000 0.725384
v -0.902308 -2.300000 0.707692
v -1.220769 -2.653846 0.725384
v -1.238462 -2.636154 0.725384
v -1.220769 -2.636154 0.707692
v -1.870806 -0.724782 1.284462
v -1.857068 -0.707692 1.302154
v -1.870806 -0.690603 1.284462
v -1.870806 -0.724782 1.238462
v -1.870806 -0.690603 1.238462
v -1.845300 -0.663774 1.302154
v -1.861163 -0.654615 1.284462
v -1.834818 -0.628271 1.284462
v -1.813149 -0.631623 1.302154
v -1.805218 -0.611181 1.284462
v -1.834818 -0.628271 1.238462
v -1.805218 -0.611181 1.238462
v -1.769231 -0.619855 1.302154
v -1.769231 -0.601539 1.284462
v -1.220769 -2.653846 0.884615
v -1.238462 -2.636154 0.884615
v -0.902308 -2.653846 0.884615
v -0.884615 -2.636154 0.884615
v -0.902308 -2.653846 1.043846
v -0.884615 -2.636154 1.043846
v -0.902308 -2.636154 1.061538
v -1.733243 -0.611181 1.284462
v -1.725312 -0.631623 1.302154
v -1.703644 -0.628271 1.284462
v -1.220769 -2.653846 1.043846
v -1.220769 -2.636154 1.061538
v -1.238462 -2.636154 1.043846
v -1.733243 -0.611181 1.238462
v -1.703644 -0.628271 1.238462
v -1.693161 -0.663774 1.302154
v -1.677299 -0.654615 1.284462
v -1.667656 -0.724782 1.284462
v -1.667656 -0.690603 1.284462
v -1.681393 -0.707692 1.302154
v -1.667656 -0.690603 1.238462
v -1.667656 -0.724782 1.238462
v -1.693161 -1.459303 1.125231
v -1.677299 -1.468462 1.107538
v -1.725312 -1.491454 1.125231
v -1.716154 -1.507317 1.107538
v -1.752141 -1.516959 1.107538
v -1.769231 -1.503222 1.125231
v -1.786320 -1.516959 1.107538
v -1.752141 -1.516959 1.061538
v -1.786320 -1.516959 1.061538
v -1.813149 -1.491454 1.125231
v -1.822308 -1.507317 1.107538
v -1.845300 -1.459303 1.125231
v -1.861163 -1.468462 1.107538
v 0.159231 -2.653846 0.725384
v 0.159231 -2.636154 0.707692
v 0.176923 -2.636154 0.725384
v -1.870806 -1.432474 1.107538
v -1.857068 -1.415385 1.125231
v -1.870806 -1.398295 1.107538
v -1.870806 -1.432474 1.061538
v -1.870806 -1.398295 1.061538
v -0.159231 -2.653846 0.884615
v -0.176923 -2.636154 0.884615
v -1.845300 -1.371466 1.125231
v -1.861163 -1.362308 1.107539
v -0.159231 -2.653846 0.725384
v -0.176923 -2.636154 0.725384
v -0.159231 -2.636154 0.707692
v -1.834818 -1.335963 1.107539
v -1.813149 -1.339315 1.125231
v -1.805218 -1.318874 1.107539
v 0.176923 -2.636154 0.884615
v 0.159231 -2.653846 0.884615
v -1.834818 -1.335963 1.061538
v -1.805218 -1.318874 1.061538
v -1.769231 -1.327547 1.125231
v -1.769231 -1.309231 1.107539
v -0.159231 -2.300000 0.707692
v -0.176923 -2.300000 0.725384
v 0.176923 -2.300000 0.725384
v 0.159231 -2.300000 0.707692
v -1.733243 -1.318874 1.107539
v -1.725312 -1.339315 1.125231
v -1.703643 -1.335963 1.107539
v -1.733243 -1.318874 1.061538
v -1.703643 -1.335963 1.061538
v -1.693161 -1.371466 1.125231
v -1.677299 -1.362308 1.107539
v 0.176923 -2.300000 1.043846
v 0.159231 -2.300000 1.061538
v 0.159231 -2.636154 1.061538
v 0.159231 -2.653846 1.043846
v 0.176923 -2.636154 1.043846
v -0.176923 -2.300000 1.043846
v -0.159231 -2.300000 1.061538
v -1.667656 -1.432474 1.107538
v -1.667656 -1.398295 1.107538
v -1.681393 -1.415385 1.125231
v -1.667656 -1.398295 1.061538
v -1.667656 -1.432474 1.061538
v -1.693161 -1.813149 1.125231
v -1.677299 -1.822308 1.107538
v -0.159231 -2.653846 1.043846
v -0.159231 -2.636154 1.061538
v -0.176923 -2.636154 1.043846
v -1.725312 -1.845300 1.125231
v -1.716154 -1.861163 1.107538
v -1.752141 -1.870806 1.107538
v -1.769231 -1.857068 1.125231
v -1.786320 -1.870806 1.107538
v -1.752141 -1.870806 1.061538
v -1.786320 -1.870806 1.061538
v -1.813149 -1.845300 1.125231
v -1.822308 -1.861163 1.107538
v -1.845300 -1.813149 1.125231
v -1.861163 -1.822308 1.107538
v -1.870806 -1.786320 1.107538
v -1.857068 -1.769231 1.125231
v -1.870806 -1.752141 1.107538
v -1.870806 -1.786320 1.061538
v -1.870806 -1.752141 1.061538
v -1.845300 -1.725312 1.125231
v -1.861163 -1.716154 1.107538
v -1.813149 -1.693161 1.125231
v -1.822308 -1.677299 1.107538
v -1.786320 -1.667656 1.107538
v -1.769231 -1.681393 1.125231
v -1.752141 -1.667656 1.107538
v -1.786320 -1.667656 1.061538
v -1.752141 -1.667656 1.061538
v 1.238462 -1.963846 0.884615
v 1.220769 -1.946154 0.884615
v -1.725312 -1.693161 1.125231
v -1.716154 -1.677299 1.107538
v 1.574615 -2.282308 1.061538
v 1.574615 -2.300000 1.043846
v 1.592308 -2.282308 1.043846
v 1.256154 -2.282308 1.061538
v 1.238462 -2.282308 1.043846
v 1.256154 -2.300000 1.043846
v -1.693161 -1.725312 1.125231
v -1.677299 -1.716154 1.107538
v -1.667656 -1.786320 1.107538
v -1.667656 -1.752141 1.107538
v -1.681393 -1.769231 1.125231
v 1.574615 -1.946154 1.061538
v 1.592308 -1.946154 1.043846
v -1.667656 -1.752141 1.061538
v -1.667656 -1.786320 1.061538
v -0.043919 -2.047008 1.125231
v -0.053077 -2.031145 1.107538
v -0.096511 -2.087090 1.061538
v -0.079422 -2.057490 1.061538
v -0.096511 -2.087090 1.107538
v -0.076069 -2.079158 1.125231
v -0.079422 -2.057490 1.107538
v -0.087837 -2.123077 1.125231
v -0.106154 -2.123077 1.107538
v -0.079422 -2.188664 1.061538
v -0.096511 -2.159065 1.061538
v -0.079422 -2.188664 1.107538
v -0.076069 -2.166996 1.125231
v -0.096511 -2.159065 1.107538
v -0.043919 -2.199146 1.125231
v -0.053077 -2.215009 1.107538
v 0.017089 -2.224652 1.061538
v -0.017089 -2.224652 1.061538
v 0.017089 -2.224652 1.107538
v 0.000000 -2.210914 1.125231
v -0.017089 -2.224652 1.107538
v 0.043919 -2.199146 1.125231
v 0.053077 -2.215009 1.107538
v 0.096511 -2.159065 1.061538
v 0.079422 -2.188664 1.061538
v 0.096511 -2.159065 1.107538
v 0.076069 -2.166996 1.125231
v 0.079422 -2.188664 1.107538
v 0.087837 -1.769231 1.302154
v 0.106154 -1.769231 1.284461
v 0.079422 -1.703644 1.238461
v 0.096511 -1.733243 1.238461
v 0.079422 -1.703644 1.284461
v 0.076069 -1.725312 1.302154
v 0.096511 -1.733243 1.284461
v 0.043919 -1.693161 1.302154
v 0.053077 -1.677299 1.284461
v -0.017089 -1.667656 1.238461
v 0.017089 -1.667656 1.238461
v -0.017089 -1.667656 1.284461
v 0.000000 -1.681393 1.302154
v 0.017089 -1.667656 1.284461
v -0.043919 -1.693161 1.302154
v -0.053077 -1.677299 1.284461
v -0.096511 -1.733243 1.238461
v -0.079422 -1.703644 1.238461
v -0.096511 -1.733243 1.284461
v -0.076069 -1.725312 1.302154
v -0.079422 -1.703644 1.284461
v -0.087837 -1.769231 1.302154
v -0.106154 -1.769231 1.284461
v -0.079422 -1.834818 1.238461
v -0.096511 -1.805218 1.238461
v -0.079422 -1.834818 1.284461
v -0.076069 -1.813149 1.302154
v -0.096511 -1.805218 1.284461
v -0.043919 -1.845300 1.302154
v -0.053077 -1.861163 1.284461
v 0.017089 -1.870806 1.238461
v -0.017089 -1.870806 1.238461
v 0.017089 -1.870806 1.284461
v 0.000000 -1.857068 1.302154
v -0.017089 -1.870806 1.284461
v 0.043919 -1.845300 1.302154
v 0.053077 -1.861163 1.284461
v 0.096511 -1.805218 1.238461
v 0.079422 -1.834818 1.238461
v 0.096511 -1.805218 1.284461
v 0.076069 -1.813149 1.302154
v 0.079422 -1.834818 1.284461
v 0.087837 1.769231 1.302154
v 0.106154 1.769231 1.284462
v 0.079422 1.834818 1.238462
v 0.096511 1.805218 1.238462
v 0.079422 1.834818 1.284462
v 0.076069 1.813149 1.302154
v 0.096511 1.805218 1.284462
v 0.043919 1.845300 1.302154
v 0.053077 1.861163 1.284462
v -0.017089 1.870806 1.238462
v 0.017089 1.870806 1.238462
v -0.017089 1.870806 1.284462
v 0.000000 1.857068 1.302154
v 0.017089 1.870806 1.284462
v -0.043919 1.845300 1.302154
v -0.053077 1.861163 1.284462
v -0.096511 1.805218 1.238462
v -0.079422 1.834818 1.238462
v -0.096511 1.805218 1.284462
v -0.076069 1.813149 1.302154
v -0.079422 1.834818 1.284462
v -0.087837 1.769231 1.302154
v -0.106154 1.769231 1.284462
v -0.079422 1.703644 1.238462
v -0.096511 1.733243 1.238462
v -0.079422 1.703644 1.284462
v -0.076069 1.725312 1.302154
v -0.096511 1.733243 1.284462
v -0.043919 1.693161 1.302154
v -0.053077 1.677299 1.284462
v 0.017089 1.667656 1.238462
v -0.017089 1.667656 1.238462
v 0.017089 1.667656 1.284462
v 0.000000 1.681393 1.302154
v -0.017089 1.667656 1.284462
v 0.043919 1.693161 1.302154
v 0.053077 1.677299 1.284462
v 0.096511 1.733243 1.238462
v 0.079422 1.703644 1.238462
v 0.096511 1.733243 1.284462
v 0.076069 1.725312 1.302154
v 0.079422 1.703644 1.284462
v 0.441684 -1.769231 1.302154
v 0.460000 -1.769231 1.284461
v 0.433268 -1.703644 1.238461
v 0.450357 -1.733243 1.238461
v 0.433268 -1.703644 1.284461
v 0.429916 -1.725312 1.302154
v 0.450357 -1.733243 1.284461
v 0.397765 -1.693161 1.302154
v 0.406923 -1.677299 1.284461
v 0.336757 -1.667656 1.238461
v 0.370936 -1.667656 1.238461
v 0.336757 -1.667656 1.284461
v 0.353846 -1.681393 1.302154
v 0.370936 -1.667656 1.284461
v 0.309927 -1.693161 1.302154
v 0.300769 -1.677299 1.284461
v 0.257335 -1.733243 1.238461
v 0.274425 -1.703644 1.238461
v 0.257335 -1.733243 1.284461
v 0.277777 -1.725312 1.302154
v 0.274425 -1.703644 1.284461
v 0.266009 -1.769231 1.302154
v 0.247692 -1.769231 1.284461
v 0.274425 -1.834818 1.238461
v 0.257335 -1.805218 1.238461
v 0.274425 -1.834818 1.284461
v 0.277777 -1.813149 1.302154
v 0.257335 -1.805218 1.284461
v 0.309927 -1.845300 1.302154
v 0.300769 -1.861163 1.284461
v 0.370936 -1.870806 1.238461
v 0.336757 -1.870806 1.238461
v 0.370936 -1.870806 1.284461
v 0.353846 -1.857068 1.302154
v 0.336757 -1.870806 1.284461
v 0.397765 -1.845300 1.302154
v 0.406923 -1.861163 1.284461
v 0.450357 -1.805218 1.238461
v 0.433268 -1.834818 1.238461
v 0.450357 -1.805218 1.284461
v 0.429916 -1.813149 1.302154
v 0.433268 -1.834818 1.284461
v 0.441684 -0.707692 1.302154
v 0.460000 -0.707692 1.284462
v 0.429916 -0.663774 1.302154
v 0.445778 -0.654615 1.284462
v 0.397765 -0.631623 1.302154
v 0.406923 -0.615760 1.284462
v 0.353846 -0.619855 1.302154
v 0.353846 -0.601539 1.284462
v 0.309927 -0.631623 1.302154
v 0.300769 -0.615760 1.284462
v 0.277777 -0.663774 1.302154
v 0.261914 -0.654615 1.284462
v 0.266009 -0.707692 1.302154
v 0.247692 -0.707692 1.284462
v 0.274425 -0.773280 1.238462
v 0.257335 -0.743680 1.238462
v 0.274425 -0.773280 1.284462
v 0.277777 -0.751611 1.302154
v 0.257335 -0.743680 1.284462
v 0.309927 -0.783762 1.302154
v 0.300769 -0.799624 1.284462
v 0.353846 -0.795530 1.302154
v 0.353846 -0.813846 1.284462
v 0.397765 -0.783762 1.302154
v 0.406923 -0.799624 1.284462
v 0.450357 -0.743680 1.238462
v 0.433268 -0.773280 1.238462
v 0.450357 -0.743680 1.284462
v 0.429916 -0.751611 1.302154
v 0.433268 -0.773280 1.284462
v 0.441684 0.707692 1.302154
v 0.460000 0.707692 1.284462
v 0.433268 0.773280 1.238462
v 0.450357 0.743680 1.238462
v 0.433268 0.773280 1.284462
v 0.429916 0.751611 1.302154
v 0.450357 0.743680 1.284462
v 0.397765 0.783762 1.302154
v 0.406923 0.799624 1.284462
v 0.353846 0.795530 1.302154
v 0.353846 0.813846 1.284462
v 0.309927 0.783762 1.302154
v 0.300769 0.799624 1.284462
v 0.257335 0.743680 1.238462
v 0.274425 0.773280 1.238462
v 0.257335 0.743680 1.284462
v 0.277777 0.751611 1.302154
v 0.274425 0.773280 1.284462
v 0.266009 0.707692 1.302154
v 0.247692 0.707692 1.284462
v 0.277777 0.663774 1.302154
v 0.261914 0.654615 1.284462
v 0.309927 0.631623 1.302154
v 0.300769 0.615760 1.284462
v 0.353846 0.619855 1.302154
v 0.353846 0.601538 1.284462
v 0.397765 0.631623 1.302154
v 0.406923 0.615760 1.284462
v 0.429916 0.663774 1.302154
v 0.445778 0.654615 1.284462
v 0.441684 1.769231 1.302154
v 0.460000 1.769231 1.284462
v 0.433268 1.834818 1.238462
v 0.450357 1.805218 1.238462
v 0.433268 1.834818 1.284462
v 0.429916 1.813149 1.302154
v 0.450357 1.805218 1.284462
v 0.397765 1.845300 1.302154
v 0.406923 1.861163 1.284462
v 0.336757 1.870806 1.238462
v 0.370936 1.870806 1.238462
v 0.336757 1.870806 1.284462
v 0.353846 1.857068 1.302154
v 0.370936 1.870806 1.284462
v 0.309927 1.845300 1.302154
v 0.300769 1.861163 1.284462
v 0.257335 1.805218 1.238462
v 0.274425 1.834818 1.238462
v 0.257335 1.805218 1.284462
v 0.277777 1.813149 1.302154
v 0.274425 1.834818 1.284462
v 0.266009 1.769231 1.302154
v 0.247692 1.769231 1.284462
v 0.274425 1.703644 1.238462
v 0.257335 1.733243 1.238462
v 0.274425 1.703644 1.284462
v 0.277777 1.725312 1.302154
v 0.257335 1.733243 1.284462
v 0.309927 1.693161 1.302154
v 0.300769 1.677299 1.284462
v 0.370936 1.667656 1.238462
v 0.336757 1.667656 1.238462
v 0.370936 1.667656 1.284462
v 0.353846 1.681393 1.302154
v 0.336757 1.667656 1.284462
v 0.397765 1.693161 1.302154
v 0.406923 1.677299 1.284462
v 0.450357 1.733243 1.238462
v 0.433268 1.703644 1.238462
v 0.450357 1.733243 1.284462
v 0.429916 1.725312 1.302154
v 0.433268 1.703644 1.284462
v 0.795530 -1.769231 1.302154
v 0.813846 -1.769231 1.284461
v 0.787114 -1.703643 1.238461
v 0.804203 -1.733243 1.238461
v 0.787114 -1.703643 1.284461
v 0.783762 -1.725312 1.302154
v 0.804203 -1.733243 1.284461
v 0.751611 -1.693161 1.302154
v 0.760769 -1.677299 1.284461
v 0.690603 -1.667656 1.238461
v 0.724782 -1.667656 1.238461
v 0.690603 -1.667656 1.284461
v 0.707692 -1.681393 1.302154
v 0.724782 -1.667656 1.284461
v 0.663774 -1.693161 1.302154
v 0.654615 -1.677299 1.284461
v 0.611181 -1.733243 1.238461
v 0.628271 -1.703644 1.238461
v 0.611181 -1.733243 1.284461
v 0.631623 -1.725312 1.302154
v 0.628271 -1.703644 1.284461
v 0.619855 -1.769231 1.302154
v 0.601538 -1.769231 1.284461
v 0.628271 -1.834818 1.238461
v 0.611181 -1.805218 1.238461
v 0.628271 -1.834818 1.284461
v 0.631623 -1.813149 1.302154
v 0.611181 -1.805218 1.284461
v 0.663774 -1.845300 1.302154
v 0.654615 -1.861163 1.284461
v 0.724782 -1.870806 1.238461
v 0.690603 -1.870806 1.238461
v 0.724782 -1.870806 1.284461
v 0.707692 -1.857068 1.302154
v 0.690603 -1.870806 1.284461
v 0.751611 -1.845300 1.302154
v 0.760769 -1.861163 1.284461
v 0.804203 -1.805218 1.238461
v 0.787114 -1.834818 1.238461
v 0.804203 -1.805218 1.284461
v 0.783762 -1.813149 1.302154
v 0.787114 -1.834818 1.284461
v 0.795530 -0.353846 1.302154
v 0.813846 -0.353846 1.284462
v 0.783762 -0.309928 1.302154
v 0.799624 -0.300769 1.284462
v 0.743680 -0.257335 1.238462
v 0.773280 -0.274425 1.238462
v 0.743680 -0.257335 1.284462
v 0.751611 -0.277777 1.302154
v 0.773280 -0.274425 1.284462
v 0.707692 -0.266009 1.302154
v 0.707692 -0.247692 1.284462
v 0.663774 -0.277777 1.302154
v 0.654615 -0.261914 1.284462
v 0.631623 -0.309927 1.302154
v 0.615760 -0.300769 1.284462
v 0.619855 -0.353846 1.302154
v 0.601538 -0.353846 1.284462
v 0.631623 -0.397765 1.302154
v 0.615760 -0.406923 1.284462
v 0.663774 -0.429916 1.302154
v 0.654615 -0.445778 1.284462
v 0.707692 -0.441684 1.302154
v 0.707692 -0.460000 1.284462
v 0.773280 -0.433268 1.238462
v 0.743680 -0.450357 1.238462
v 0.773280 -0.433268 1.284462
v 0.751611 -0.429916 1.302154
v 0.743680 -0.450357 1.284462
v 0.783762 -0.397765 1.302154
v 0.799624 -0.406923 1.284462
v 0.795530 0.353846 1.302154
v 0.813846 0.353846 1.284462
v 0.783762 0.397765 1.302154
v 0.799624 0.406923 1.284462
v 0.743680 0.450357 1.238462
v 0.773280 0.433268 1.238462
v 0.743680 0.450357 1.284462
v 0.751611 0.429916 1.302154
v 0.773280 0.433268 1.284462
v 0.707692 0.441684 1.302154
v 0.707692 0.460000 1.284462
v 0.663774 0.429915 1.302154
v 0.654615 0.445778 1.284462
v 0.631623 0.397765 1.302154
v 0.615760 0.406923 1.284462
v 0.619855 0.353846 1.302154
v 0.601538 0.353846 1.284462
v 0.631623 0.309927 1.302154
v 0.615760 0.300769 1.284462
v 0.663774 0.277777 1.302154
v 0.654615 0.261914 1.284462
v 0.707692 0.266009 1.302154
v 0.707692 0.247692 1.284462
v 0.773280 0.274425 1.238462
v 0.743680 0.257335 1.238462
v 0.773280 0.274425 1.284462
v 0.751611 0.277777 1.302154
v 0.743680 0.257335 1.284462
v 0.783762 0.309927 1.302154
v 0.799624 0.300769 1.284462
v 0.795530 0.707692 1.302154
v 0.813846 0.707692 1.284462
v 0.787114 0.773280 1.238462
v 0.804203 0.743680 1.238462
v 0.787114 0.773280 1.284462
v 0.783762 0.751611 1.302154
v 0.804203 0.743680 1.284462
v 0.743680 0.804203 1.238462
v 0.773280 0.787114 1.238462
v 0.743680 0.804203 1.284462
v 0.751611 0.783762 1.302154
v 0.773280 0.787114 1.284462
v 0.707692 0.795530 1.302154
v 0.707692 0.813846 1.284462
v 0.663774 0.783762 1.302154
v 0.654615 0.799624 1.284462
v 0.611181 0.743680 1.238462
v 0.628271 0.773280 1.238462
v 0.611181 0.743680 1.284462
v 0.631623 0.751611 1.302154
v 0.628271 0.773280 1.284462
v 0.619855 0.707692 1.302154
v 0.601538 0.707692 1.284462
v 0.631623 0.663774 1.302154
v 0.615760 0.654615 1.284462
v 0.663774 0.631623 1.302154
v 0.654615 0.615760 1.284462
v 0.707692 0.619855 1.302154
v 0.707692 0.601538 1.284462
v 0.773280 0.628271 1.238462
v 0.743680 0.611181 1.238462
v 0.773280 0.628271 1.284462
v 0.751611 0.631623 1.302154
v 0.743680 0.611181 1.284462
v 0.783762 0.663774 1.302154
v 0.799624 0.654615 1.284462
v 1.149376 -1.769231 1.302154
v 1.167692 -1.769231 1.284461
v 1.140960 -1.703643 1.238461
v 1.158049 -1.733243 1.238461
v 1.140960 -1.703643 1.284461
v 1.137608 -1.725312 1.302154
v 1.158049 -1.733243 1.284461
v 1.105457 -1.693161 1.302154
v 1.114615 -1.677299 1.284461
v 1.044449 -1.667656 1.238461
v 1.078628 -1.667656 1.238461
v 1.044449 -1.667656 1.284461
v 1.061538 -1.681393 1.302154
v 1.078628 -1.667656 1.284461
v 1.017620 -1.693161 1.302154
v 1.008461 -1.677299 1.284461
v 0.965028 -1.733243 1.238461
v 0.982117 -1.703643 1.238461
v 0.965028 -1.733243 1.284461
v 0.985469 -1.725312 1.302154
v 0.982117 -1.703643 1.284461
v 0.973701 -1.769231 1.302154
v 0.955385 -1.769231 1.284461
v 0.982117 -1.834818 1.238461
v 0.965028 -1.805218 1.238461
v 0.982117 -1.834818 1.284461
v 0.985469 -1.813149 1.302154
v 0.965028 -1.805218 1.284461
v 1.017620 -1.845300 1.302154
v 1.008461 -1.861163 1.284461
v 1.078628 -1.870806 1.238461
v 1.044449 -1.870806 1.238461
v 1.078628 -1.870806 1.284461
v 1.061538 -1.857068 1.302154
v 1.044449 -1.870806 1.284461
v 1.105457 -1.845300 1.302154
v 1.114615 -1.861163 1.284461
v 1.158049 -1.805218 1.238461
v 1.140960 -1.834818 1.238461
v 1.158049 -1.805218 1.284461
v 1.137608 -1.813149 1.302154
v 1.140960 -1.834818 1.284461
v 1.149376 1.769231 1.302154
v 1.167692 1.769231 1.284462
v 1.140960 1.834818 1.238462
v 1.158049 1.805218 1.238462
v 1.140960 1.834818 1.284462
v 1.137608 1.813149 1.302154
v 1.158049 1.805218 1.284462
v 1.105457 1.845300 1.302154
v 1.114615 1.861163 1.284462
v 1.044449 1.870806 1.238462
v 1.078628 1.870806 1.238462
v 1.044449 1.870806 1.284462
v 1.061538 1.857068 1.302154
v 1.078628 1.870806 1.284462
v 1.017620 1.845300 1.302154
v 1.008461 1.861163 1.284462
v 0.965028 1.805218 1.238462
v 0.982117 1.834818 1.238462
v 0.965028 1.805218 1.284462
v 0.985469 1.813149 1.302154
v 0.982117 1.834818 1.284462
v 0.973701 1.769231 1.302154
v 0.955385 1.769231 1.284462
v 0.982117 1.703643 1.238462
v 0.965028 1.733243 1.238462
v 0.982117 1.703643 1.284462
v 0.985469 1.725312 1.302154
v 0.965028 1.733243 1.284462
v 1.017620 1.693161 1.302154
v 1.008461 1.677299 1.284462
v 1.078628 1.667656 1.238462
v 1.044449 1.667656 1.238462
v 1.078628 1.667656 1.284462
v 1.061538 1.681393 1.302154
v 1.044449 1.667656 1.284462
v 1.105457 1.693161 1.302154
v 1.114615 1.677299 1.284462
v 1.158049 1.733243 1.238462
v 1.140960 1.703643 1.238462
v 1.158049 1.733243 1.284462
v 1.137608 1.725312 1.302154
v 1.140960 1.703643 1.284462
v 1.516959 -1.752141 1.061538
v 1.516959 -1.786320 1.061538
v 1.516959 -1.786320 1.107538
v 1.516959 -1.752141 1.107538
v 1.503222 -1.769231 1.125231
v 1.491454 -1.725312 1.125231
v 1.507317 -1.716154 1.107538
v 1.459303 -1.693161 1.125231
v 1.468462 -1.677299 1.107538
v 1.398295 -1.667656 1.061538
v 1.432474 -1.667656 1.061538
v 1.398295 -1.667656 1.107538
v 1.415385 -1.681393 1.125231
v 1.432474 -1.667656 1.107538
v 1.371466 -1.693161 1.125231
v 1.362308 -1.677299 1.107538
v 1.318874 -1.733243 1.061538
v 1.335963 -1.703643 1.061538
v 1.318874 -1.733243 1.107538
v 1.339315 -1.725312 1.125231
v 1.335963 -1.703643 1.107538
v 1.327547 -1.769231 1.125231
v 1.309231 -1.769231 1.107538
v 1.335963 -1.834818 1.061538
v 1.318874 -1.805218 1.061538
v 1.335963 -1.834818 1.107538
v 1.339315 -1.813149 1.125231
v 1.318874 -1.805218 1.107538
v 1.371466 -1.845300 1.125231
v 1.362308 -1.861163 1.107538
v 1.432474 -1.870806 1.061538
v 1.398295 -1.870806 1.061538
v 1.432474 -1.870806 1.107538
v 1.415385 -1.857068 1.125231
v 1.398295 -1.870806 1.107538
v 1.459303 -1.845300 1.125231
v 1.468462 -1.861163 1.107538
v 1.491454 -1.813149 1.125231
v 1.507317 -1.822308 1.107538
v 1.516959 -1.044449 1.238462
v 1.516959 -1.078628 1.238462
v 1.516959 -1.078628 1.284462
v 1.516959 -1.044449 1.284462
v 1.503222 -1.061538 1.302154
v 1.491454 -1.017620 1.302154
v 1.507317 -1.008461 1.284462
v 1.451372 -0.965028 1.238462
v 1.480972 -0.982117 1.238462
v 1.451372 -0.965028 1.284462
v 1.459303 -0.985469 1.302154
v 1.480972 -0.982117 1.284462
v 1.415385 -0.973701 1.302154
v 1.415385 -0.955385 1.284462
v 1.349797 -0.982117 1.238462
v 1.379397 -0.965028 1.238462
v 1.349797 -0.982117 1.284462
v 1.371466 -0.985469 1.302154
v 1.379397 -0.965028 1.284462
v 1.318874 -1.025551 1.238462
v 1.335963 -0.995951 1.238462
v 1.318874 -1.025551 1.284462
v 1.339315 -1.017620 1.302154
v 1.335963 -0.995951 1.284462
v 1.327547 -1.061538 1.302154
v 1.309231 -1.061538 1.284462
v 1.335963 -1.127126 1.238462
v 1.318874 -1.097526 1.238462
v 1.335963 -1.127126 1.284462
v 1.339315 -1.105457 1.302154
v 1.318874 -1.097526 1.284462
v 1.379397 -1.158049 1.238462
v 1.349797 -1.140960 1.238462
v 1.379397 -1.158049 1.284462
v 1.371466 -1.137608 1.302154
v 1.349797 -1.140960 1.284462
v 1.415385 -1.149376 1.302154
v 1.415385 -1.167692 1.284462
v 1.480972 -1.140960 1.238462
v 1.451372 -1.158049 1.238462
v 1.480972 -1.140960 1.284462
v 1.459303 -1.137608 1.302154
v 1.451372 -1.158049 1.284462
v 1.491454 -1.105457 1.302154
v 1.507317 -1.114615 1.284462
v 1.870806 -1.044449 1.238462
v 1.870806 -1.078628 1.238462
v 1.870806 -1.078628 1.284462
v 1.870806 -1.044449 1.284462
v 1.857068 -1.061538 1.302154
v 1.845300 -1.017620 1.302154
v 1.861163 -1.008461 1.284462
v 1.805218 -0.965028 1.238462
v 1.834818 -0.982117 1.238462
v 1.805218 -0.965028 1.284462
v 1.813149 -0.985469 1.302154
v 1.834818 -0.982117 1.284462
v 1.769231 -0.973701 1.302154
v 1.769231 -0.955385 1.284462
v 1.703643 -0.982117 1.238462
v 1.733243 -0.965028 1.238462
v 1.703643 -0.982117 1.284462
v 1.725312 -0.985469 1.302154
v 1.733243 -0.965028 1.284462
v 1.693161 -1.017620 1.302154
v 1.677299 -1.008461 1.284462
v 1.667656 -1.078628 1.238462
v 1.667656 -1.044449 1.238462
v 1.667656 -1.078628 1.284462
v 1.681393 -1.061538 1.302154
v 1.667656 -1.044449 1.284462
v 1.693161 -1.105457 1.302154
v 1.677299 -1.114615 1.284462
v 1.733243 -1.158049 1.238462
v 1.703643 -1.140960 1.238462
v 1.733243 -1.158049 1.284462
v 1.725312 -1.137608 1.302154
v 1.703643 -1.140960 1.284462
v 1.769231 -1.149376 1.302154
v 1.769231 -1.167692 1.284462
v 1.834818 -1.140960 1.238462
v 1.805218 -1.158049 1.238462
v 1.834818 -1.140960 1.284462
v 1.813149 -1.137608 1.302154
v 1.805218 -1.158049 1.284462
v 1.845300 -1.105457 1.302154
v 1.861163 -1.114615 1.284462
v 1.870806 0.370936 1.238462
v 1.870806 0.336757 1.238462
v 1.870806 0.336757 1.284462
v 1.870806 0.370936 1.284462
v 1.857068 0.353846 1.302154
v 1.845300 0.397765 1.302154
v 1.861163 0.406923 1.284462
v 1.805218 0.450357 1.238462
v 1.834818 0.433268 1.238462
v 1.805218 0.450357 1.284462
v 1.813149 0.429916 1.302154
v 1.834818 0.433268 1.284462
v 1.769231 0.441684 1.302154
v 1.769231 0.460000 1.284462
v 1.703644 0.433268 1.238462
v 1.733243 0.450357 1.238462
v 1.703644 0.433268 1.284462
v 1.725312 0.429916 1.302154
v 1.733243 0.450357 1.284462
v 1.693161 0.397765 1.302154
v 1.677299 0.406923 1.284462
v 1.667656 0.336757 1.238462
v 1.667656 0.370936 1.238462
v 1.667656 0.336757 1.284462
v 1.681393 0.353846 1.302154
v 1.667656 0.370936 1.284462
v 1.693161 0.309927 1.302154
v 1.677299 0.300769 1.284462
v 1.733243 0.257335 1.238462
v 1.703644 0.274425 1.238462
v 1.733243 0.257335 1.284462
v 1.725312 0.277777 1.302154
v 1.703644 0.274424 1.284462
v 1.769231 0.266009 1.302154
v 1.769231 0.247692 1.284462
v 1.834818 0.274424 1.238462
v 1.805218 0.257335 1.238462
v 1.834818 0.274425 1.284462
v 1.813149 0.277777 1.302154
v 1.805218 0.257335 1.284462
v 1.845300 0.309927 1.302154
v 1.861163 0.300769 1.284462
v 1.870806 0.724782 1.238462
v 1.870806 0.690603 1.238462
v 1.870806 0.690603 1.284462
v 1.870806 0.724782 1.284462
v 1.857068 0.707692 1.302154
v 1.845300 0.751611 1.302154
v 1.861163 0.760769 1.284462
v 1.805218 0.804203 1.238462
v 1.834818 0.787114 1.238462
v 1.805218 0.804203 1.284462
v 1.813149 0.783762 1.302154
v 1.834818 0.787114 1.284462
v 1.769231 0.795530 1.302154
v 1.769231 0.813846 1.284462
v 1.703643 0.787114 1.238462
v 1.733243 0.804203 1.238462
v 1.703643 0.787114 1.284462
v 1.725312 0.783762 1.302154
v 1.733243 0.804203 1.284462
v 1.693161 0.751611 1.302154
v 1.677299 0.760769 1.284462
v 1.667656 0.690603 1.238462
v 1.667656 0.724782 1.238462
v 1.667656 0.690603 1.284462
v 1.681393 0.707692 1.302154
v 1.667656 0.724782 1.284462
v 1.693161 0.663774 1.302154
v 1.677299 0.654615 1.284462
v 1.733243 0.611181 1.238462
v 1.703644 0.628271 1.238462
v 1.733243 0.611181 1.284462
v 1.725312 0.631623 1.302154
v 1.703644 0.628271 1.284462
v 1.769231 0.619855 1.302154
v 1.769231 0.601538 1.284462
v 1.834818 0.628271 1.238462
v 1.805218 0.611181 1.238462
v 1.834818 0.628271 1.284462
v 1.813149 0.631623 1.302154
v 1.805218 0.611181 1.284462
v 1.845300 0.663774 1.302154
v 1.861163 0.654615 1.284462
v 1.870806 1.078628 1.238462
v 1.870806 1.044449 1.238462
v 1.870806 1.044449 1.284462
v 1.870806 1.078628 1.284462
v 1.857068 1.061538 1.302154
v 1.845300 1.105457 1.302154
v 1.861163 1.114615 1.284462
v 1.805218 1.158049 1.238462
v 1.834818 1.140960 1.238462
v 1.805218 1.158049 1.284462
v 1.813149 1.137608 1.302154
v 1.834818 1.140960 1.284462
v 1.769231 1.149376 1.302154
v 1.769231 1.167692 1.284462
v 1.703643 1.140960 1.238462
v 1.733243 1.158049 1.238462
v 1.703643 1.140960 1.284462
v 1.725312 1.137608 1.302154
v 1.733243 1.158049 1.284462
v 1.693161 1.105457 1.302154
v 1.677299 1.114615 1.284462
v 1.667656 1.044449 1.238462
v 1.667656 1.078628 1.238462
v 1.667656 1.044449 1.284462
v 1.681393 1.061538 1.302154
v 1.667656 1.078628 1.284462
v 1.693161 1.017620 1.302154
v 1.677299 1.008461 1.284462
v 1.733243 0.965027 1.238462
v 1.703643 0.982117 1.238462
v 1.733243 0.965027 1.284462
v 1.725312 0.985469 1.302154
v 1.703643 0.982117 1.284462
v 1.769231 0.973701 1.302154
v 1.769231 0.955385 1.284462
v 1.834818 0.982117 1.238462
v 1.805218 0.965027 1.238462
v 1.834818 0.982117 1.284462
v 1.813149 0.985469 1.302154
v 1.805218 0.965027 1.284462
v 1.845300 1.017620 1.302154
v 1.861163 1.008461 1.284462
vn -1.0000 -0.0000 -0.0000
vn 1.0000 -0.0000 -0.0000
vn -0.0000 1.0000 -0.0000
vn -0.0000 -1.0000 -0.0000
vn -0.0000 0.7899 0.6133
vn 0.6840 0.3949 0.6133
vn 0.6840 -0.3949 0.6133
vn -0.5773 -0.5774 0.5773
vn -0.3015 -0.3015 0.9045
vn -0.9045 -0.3015 0.3015
vn -0.5774 -0.5774 0.5774
vn -0.0000 -0.7899 0.6133
vn -0.6840 -0.3949 0.6133
vn -0.6840 0.3949 0.6133
vn -0.5774 0.5774 0.5774
vn -0.5773 0.5774 0.5773
vn -0.3015 0.3015 0.9045
vn -0.0000 0.7898 0.6133
vn -0.3949 -0.6840 0.6133
vn 0.3015 0.3015 0.9045
vn -0.3949 0.6840 0.6133
vn 0.3015 -0.3015 0.9045
vn -0.3015 -0.9045 0.3015
vn -0.0000 -0.7898 0.6133
vn 0.3015 -0.9045 0.3015
vn -0.0000 -0.7071 0.7071
vn 0.5773 -0.5773 0.5774
vn 0.5774 -0.5774 0.5774
vn 0.3949 -0.6840 0.6133
vn -0.7899 -0.0000 0.6133
vn 0.5774 0.5774 0.5774
vn -0.5774 -0.5773 0.5773
vn 0.5773 -0.5774 0.5773
vn 0.9045 -0.3015 0.3015
vn 0.5773 0.5774 0.5773
vn 0.3949 0.6840 0.6133
vn 0.7899 -0.0000 0.6133
vn 0.5774 -0.5773 0.5773
vn -0.5773 -0.5773 0.5774
vn 0.5773 -0.5774 0.5774
vn 0.5774 -0.5774 -0.5774
vn -0.5774 -0.5774 -0.5774
vn -0.5000 0.5000 0.7071
vn -0.1830 0.6830 0.7071
vn 0.1830 0.6830 0.7071
vn 0.5000 0.5000 0.7071
vn -0.7071 -0.7071 -0.0000
vn 0.6830 0.1830 0.7071
vn 0.6830 -0.1830 0.7071
vn 0.5000 -0.5000 0.7071
vn 0.8660 -0.5000 -0.0000
vn 0.1830 -0.6830 0.7071
vn -0.1830 -0.6830 0.7071
vn -0.7071 -0.0000 0.7071
vn -0.5000 -0.5000 0.7071
vn -0.6830 -0.1830 0.7071
vn -0.8660 -0.5000 -0.0000
vn -0.6830 0.1830 0.7071
vn -0.8660 0.5000 -0.0000
vn 0.8660 0.5000 -0.0000
vn -0.7071 0.7071 -0.0000
vn -0.5000 -0.8660 -0.0000
vn -0.5000 0.8660 -0.0000
vn 0.7071 0.7071 -0.0000
vn 0.7071 -0.7071 -0.0000
vn -0.0000 0.7071 0.7071
vn 0.5000 -0.8660 -0.0000
vn 0.7071 -0.0000 0.7071
vn 0.5000 0.8660 -0.0000
vn 0.7071 -0.0000 -0.7071
vn -0.7071 -0.0000 -0.7071
vn -0.0000 -0.7071 -0.7071
vn -0.2588 0.9659 -0.0000
vn 0.2588 0.9659 -0.0000
vn -0.0000 -0.0000 1.0000
vn 0.9659 0.2588 -0.0000
vn 0.9659 -0.2588 -0.0000
vn 0.2588 -0.9659 -0.0000
vn -0.2588 -0.9659 -0.0000
vn -0.9659 -0.2588 -0.0000
vn -0.9659 0.2588 -0.0000
vn -0.0000 -0.0000 -1.0000
s 0
usemtl Glaze
f 3252//106 3260//106 3257//106 3253//106
f 3260//106 3269//106 3261//106 3257//106
f 3269//106 3266//106 3267//106 3261//106
f 3266//106 3273//106 3271//106 3267//106
f 3273//106 3282//106 3280//106 3271//106
f 3324//107 3329//107 3327//107 3326//107
f 3309//108 3340//108 3338//108 3359//108
f 3359//108 3338//108 3380//108 3377//108
f 3365//108 3368//108 3369//108 3367//108
f 3393//109 3394//109 3372//109 3373//109
f 3377//108 3380//108 3381//108 3379//108
f 3379//108 3381//108 3424//108 3397//108
f 3400//109 3402//109 3385//109 3384//109
f 3410//106 3416//106 3412//106 3413//106
f 3397//108 3424//108 3438//108 3425//108
f 3454//107 3464//107 3465//107 3457//107
f 3464//107 3469//107 3467//107 3465//107
f 3469//107 3470//107 3477//107 3467//107
f 3470//107 3475//107 3478//107 3477//107
f 3475//107 3481//107 3482//107 3478//107
f 3655//110 3656//110 3657//110
f 3666//111 3667//111 3668//111
f 3673//112 3674//112 3675//112
f 3676//113 3677//113 3678//113
f 3679//114 3680//114 3681//114
f 3684//115 3685//115 3686//115
f 3687//116 3688//116 3689//116
f 3692//117 3693//117 3694//117
f 3699//118 3700//118 3701//118
f 3708//119 3709//119 3710//119
f 3717//110 3718//110 3719//110
f 3726//111 3727//111 3728//111
f 3733//112 3734//112 3735//112
f 3740//117 3741//117 3742//117
f 3749//118 3750//118 3751//118
f 3758//119 3759//119 3760//119
f 3765//110 3766//110 3767//110
f 3772//111 3773//111 3774//111
f 3783//112 3784//112 3785//112
f 3798//118 3799//118 3800//118
f 3807//120 3808//120 3809//120
f 3820//114 3821//114 3822//114
f 3825//113 3826//113 3827//113
f 3832//112 3833//112 3834//112
f 3841//117 3842//117 3843//117
f 3852//118 3853//118 3854//118
f 3855//121 3856//121 3857//121
f 3862//119 3863//119 3864//119
f 3869//122 3870//122 3871//122
f 3872//110 3873//110 3874//110
f 3881//111 3882//111 3883//111
f 3888//115 3889//115 3890//115
f 3891//112 3892//112 3893//112
f 3898//116 3899//116 3900//116
f 3903//117 3904//117 3905//117
f 3910//118 3911//118 3912//118
f 3923//119 3924//119 3925//119
f 3930//123 3931//123 3932//123
f 3937//111 3938//111 3939//111
f 3942//122 3943//122 3944//122
f 3947//120 3948//120 3949//120
f 3958//124 3959//124 3960//124
f 3967//125 3968//125 3969//125
f 3976//119 3977//119 3978//119
f 3981//126 3982//126 3983//126
f 3990//111 3991//111 3992//111
f 4001//112 4002//112 4003//112
f 4012//124 4013//124 4014//124
f 4025//126 4026//126 4027//126
f 4036//111 4037//111 4038//111
f 4049//124 4050//124 4051//124
f 4060//126 4061//126 4062//126
f 4069//127 4070//127 4071//127
f 4078//112 4079//112 4080//112
f 4087//124 4088//124 4089//124
f 4092//118 4093//118 4094//118
f 4103//128 4104//128 4105//128
f 4110//126 4111//126 4112//126
f 4129//112 4130//112 4131//112
f 4136//129 4137//129 4138//129
f 4149//118 4150//118 4151//118
f 4156//130 4157//130 4158//130
f 4159//119 4160//119 4161//119
f 4166//110 4167//110 4168//110
f 4175//111 4176//111 4177//111
f 4182//112 4183//112 4184//112
f 4191//129 4192//129 4193//129
f 4198//114 4199//114 4200//114
f 4203//118 4204//118 4205//118
f 4210//119 4211//119 4212//119
f 4217//110 4218//110 4219//110
f 4224//111 4225//111 4226//111
f 4235//112 4236//112 4237//112
f 4244//129 4245//129 4246//129
f 4249//122 4250//122 4251//122
f 4254//118 4255//118 4256//118
f 4263//119 4264//119 4265//119
f 4270//123 4271//123 4272//123
f 4279//111 4280//111 4281//111
f 4288//112 4289//112 4290//112
f 4295//129 4296//129 4297//129
f 4302//118 4303//118 4304//118
f 4311//119 4312//119 4313//119
f 4314//131 4315//131 4316//131 4317//131
f 4322//132 4323//132 4324//132
f 4325//123 4326//123 4327//123
f 4332//111 4333//111 4334//111
f 4339//133 4340//133 4341//133
f 4342//127 4343//127 4344//127
f 4345//112 4346//112 4347//112
f 4350//125 4351//125 4352//125
f 4353//134 4354//134 4355//134
f 4362//124 4363//124 4364//124
f 4375//135 4376//135 4377//135
f 4380//136 4381//136 4382//136
f 4393//110 4394//110 4395//110
f 4398//137 4399//137 4400//137
f 4405//111 4406//111 4407//111
f 4412//127 4413//127 4414//127
f 4415//138 4416//138 4417//138
f 4418//139 4419//139 4420//139
f 4423//112 4424//112 4425//112
f 4428//134 4429//134 4430//134
f 4435//124 4436//124 4437//124
f 4440//125 4441//125 4442//125
f 4445//135 4446//135 4447//135
f 4452//126 4453//126 4454//126
f 4463//140 4464//140 4465//140
f 4466//141 4467//141 4468//141
f 4471//111 4472//111 4473//111
f 4478//112 4479//112 4480//112
f 4487//117 4488//117 4489//117
f 4498//135 4499//135 4500//135
f 4505//126 4506//126 4507//126
f 4508//133 4509//133 4510//133
f 4515//141 4516//141 4517//141
f 4520//111 4521//111 4522//111
f 4531//134 4532//134 4533//134
f 4540//124 4541//124 4542//124
f 4549//135 4550//135 4551//135
f 4558//126 4559//126 4560//126
f 4565//141 4566//141 4567//141
f 4572//142 4573//142 4574//142
f 4579//134 4580//134 4581//134
f 4590//124 4591//124 4592//124
f 4599//135 4600//135 4601//135
f 4610//126 4611//126 4612//126
f 4613//136 4614//136 4615//136
f 4622//141 4623//141 4624//141
f 4629//142 4630//142 4631//142
f 4636//134 4637//134 4638//134
f 4643//143 4644//143 4645//143
f 4646//124 4647//124 4648//124
f 4653//135 4654//135 4655//135
f 4660//126 4661//126 4662//126
f 4665//144 4666//144 4667//144
f 4668//145 4669//145 4670//145
f 4671//131 4672//131 4673//131 4674//131
f 4679//130 4680//130 4681//130
f 4682//141 4683//141 4684//141
f 4693//142 4694//142 4695//142
f 4700//134 4701//134 4702//134
f 4709//146 4710//146 4711//146
f 4712//124 4713//124 4714//124
f 4721//147 4722//147 4723//147
f 4724//135 4725//135 4726//135
f 4731//126 4732//126 4733//126
f 4742//133 4743//133 4744//133
f 4745//141 4746//141 4747//141
f 4748//116 4749//116 4750//116
f 4755//142 4756//142 4757//142
f 4764//129 4765//129 4766//129
f 4773//146 4774//146 4775//146
f 4776//135 4777//135 4778//135
f 4785//147 4786//147 4787//147
f 4788//126 4789//126 4790//126
f 4801//141 4802//141 4803//141
f 4810//133 4811//133 4812//133
f 4815//142 4816//142 4817//142
f 4822//116 4823//116 4824//116
f 4827//129 4828//129 4829//129
f 4836//135 4837//135 4838//135
f 4845//123 4846//123 4847//123
f 4854//145 4855//145 4856//145
f 4857//116 4858//116 4859//116
f 4862//142 4863//142 4864//142
f 4873//119 4874//119 4875//119
f 4880//118 4881//118 4882//118
f 4887//117 4888//117 4889//117
f 4894//112 4895//112 4896//112
f 4901//111 4902//111 4903//111
f 4908//110 4909//110 4910//110
f 4915//119 4916//119 4917//119
f 4922//118 4923//118 4924//118
f 4929//117 4930//117 4931//117
f 4936//112 4937//112 4938//112
f 4943//111 4944//111 4945//111
f 4950//110 4951//110 4952//110
f 4957//119 4958//119 4959//119
f 4964//118 4965//118 4966//118
f 4971//117 4972//117 4973//117
f 4978//112 4979//112 4980//112
f 4985//111 4986//111 4987//111
f 4992//110 4993//110 4994//110
f 4999//119 5000//119 5001//119
f 5006//118 5007//118 5008//118
f 5013//117 5014//117 5015//117
f 5020//112 5021//112 5022//112
f 5039//118 5040//118 5041//118
f 5050//112 5051//112 5052//112
f 5057//111 5058//111 5059//111
f 5068//119 5069//119 5070//119
f 5087//111 5088//111 5089//111
f 5094//110 5095//110 5096//110
f 5101//119 5102//119 5103//119
f 5108//118 5109//118 5110//118
f 5115//117 5116//117 5117//117
f 5122//112 5123//112 5124//112
f 5129//111 5130//111 5131//111
f 5136//110 5137//110 5138//110
f 5143//119 5144//119 5145//119
f 5150//118 5151//118 5152//118
f 5157//129 5158//129 5159//129
f 5164//112 5165//112 5166//112
f 5173//141 5174//141 5175//141
f 5192//134 5193//134 5194//134
f 5203//141 5204//141 5205//141
f 5222//134 5223//134 5224//134
f 5231//111 5232//111 5233//111
f 5236//141 5237//141 5238//141
f 5245//119 5246//119 5247//119
f 5258//134 5259//134 5260//134
f 5267//111 5268//111 5269//111
f 5274//110 5275//110 5276//110
f 5281//119 5282//119 5283//119
f 5288//118 5289//118 5290//118
f 5295//129 5296//129 5297//129
f 5302//112 5303//112 5304//112
f 5309//111 5310//111 5311//111
f 5316//123 5317//123 5318//123
f 5323//119 5324//119 5325//119
f 5330//118 5331//118 5332//118
f 5337//117 5338//117 5339//117
f 5344//112 5345//112 5346//112
f 5349//142 5350//142 5351//142
f 5358//110 5359//110 5360//110
f 5365//119 5366//119 5367//119
f 5372//118 5373//118 5374//118
f 5379//129 5380//129 5381//129
f 5388//142 5389//142 5390//142
f 5395//141 5396//141 5397//141
f 5402//126 5403//126 5404//126
f 5407//119 5408//119 5409//119
f 5414//118 5415//118 5416//118
f 5419//124 5420//124 5421//124
f 5426//134 5427//134 5428//134
f 5433//142 5434//142 5435//142
f 5440//141 5441//141 5442//141
f 5447//126 5448//126 5449//126
f 5454//135 5455//135 5456//135
f 5461//124 5462//124 5463//124
f 5468//134 5469//134 5470//134
f 5475//142 5476//142 5477//142
f 5482//141 5483//141 5484//141
f 5489//126 5490//126 5491//126
f 5496//135 5497//135 5498//135
f 5503//124 5504//124 5505//124
f 5510//134 5511//134 5512//134
f 5517//142 5518//142 5519//142
f 5524//141 5525//141 5526//141
f 5531//126 5532//126 5533//126
f 5538//135 5539//135 5540//135
f 5545//124 5546//124 5547//124
f 5552//134 5553//134 5554//134
f 5559//142 5560//142 5561//142
f 5566//141 5567//141 5568//141
f 5573//126 5574//126 5575//126
f 5580//135 5581//135 5582//135
f 5587//124 5588//124 5589//124
f 5594//134 5595//134 5596//134
f 3810//148 3814//148 3815//148 3811//148
f 3814//149 3816//149 3817//149 3815//149
f 3816//150 3823//150 3824//150 3817//150
f 3823//151 3828//151 3829//151 3824//151
f 3684//131 3676//131 3678//131 3685//131
f 3677//152 3679//152 3681//152 3678//152
f 3828//153 3830//153 3831//153 3829//153
f 3887//154 3833//154 3832//154 3886//154
f 3833//155 3837//155 3838//155 3834//155
f 3835//156 3832//156 3834//156 3836//156
f 3837//157 3842//157 3841//157 3838//157
f 3842//158 3848//158 3849//158 3843//158
f 3712//159 3706//159 3707//159 3711//159
f 3844//109 3841//109 3843//109 3845//109
f 3848//160 3853//160 3852//160 3849//160
f 3853//161 3860//161 3861//161 3854//161
f 3858//162 3852//162 3854//162 3859//162
f 3860//163 3863//163 3862//163 3861//163
f 3863//148 3867//148 3868//148 3864//148
f 3865//164 3862//164 3864//164 3866//164
f 3867//149 3873//149 3872//149 3868//149
f 3873//150 3877//150 3878//150 3874//150
f 3875//108 3872//108 3874//108 3876//108
f 3877//151 3882//151 3881//151 3878//151
f 3882//153 3887//153 3886//153 3883//153
f 3884//165 3881//165 3883//165 3885//165
f 3946//154 3892//154 3891//154 3945//154
f 3892//155 3896//155 3897//155 3893//155
f 3894//156 3891//156 3893//156 3895//156
f 3896//157 3904//157 3903//157 3897//157
f 3904//158 3908//158 3909//158 3905//158
f 3906//109 3903//109 3905//109 3907//109
f 3908//160 3911//160 3910//160 3909//160
f 3911//161 3919//161 3920//161 3912//161
f 3913//162 3910//162 3912//162 3914//162
f 3919//163 3924//163 3923//163 3920//163
f 3924//148 3928//148 3929//148 3925//148
f 3780//166 3782//166 3781//166 3779//166
f 3926//164 3923//164 3925//164 3927//164
f 3928//149 3931//149 3930//149 3929//149
f 3789//166 3791//166 3790//166 3788//166
f 3931//150 3935//150 3936//150 3932//150
f 3933//108 3930//108 3932//108 3934//108
f 3935//151 3938//151 3937//151 3936//151
f 3809//159 3801//159 3802//159 3807//159
f 3938//153 3946//153 3945//153 3939//153
f 3940//165 3937//165 3939//165 3941//165
f 3998//154 3950//154 3951//154 3997//154
f 3950//155 3954//155 3955//155 3951//155
f 3954//157 3956//157 3957//157 3955//157
f 3819//152 3820//152 3822//152 3818//152
f 3956//158 3959//158 3958//158 3957//158
f 3959//160 3965//160 3966//160 3960//160
f 3963//167 3958//167 3960//167 3964//167
f 3965//161 3972//161 3973//161 3966//161
f 3972//163 3977//163 3976//163 3973//163
f 3977//148 3982//148 3981//148 3978//148
f 3979//164 3976//164 3978//164 3980//164
f 3982//149 3986//149 3987//149 3983//149
f 3984//168 3981//168 3983//168 3985//168
f 3986//150 3988//150 3989//150 3987//150
f 3988//151 3991//151 3990//151 3989//151
f 3991//153 3998//153 3997//153 3992//153
f 3995//165 3990//165 3992//165 3996//165
f 4042//154 4002//154 4001//154 4041//154
f 4002//155 4008//155 4009//155 4003//155
f 4006//156 4001//156 4003//156 4007//156
f 4008//157 4010//157 4011//157 4009//157
f 4010//158 4013//158 4012//158 4011//158
f 4013//160 4017//160 4018//160 4014//160
f 4015//167 4012//167 4014//167 4016//167
f 4017//161 4019//161 4020//161 4018//161
f 3900//131 3901//131 3902//131 3898//131
f 4019//163 4021//163 4022//163 4020//163
f 4021//148 4026//148 4025//148 4022//148
f 4026//149 4030//149 4031//149 4027//149
f 4028//168 4025//168 4027//168 4029//168
f 4030//150 4034//150 4035//150 4031//150
f 4034//151 4037//151 4036//151 4035//151
f 4037//153 4042//153 4041//153 4038//153
f 4039//165 4036//165 4038//165 4040//165
f 4077//154 4043//154 4044//154 4076//154
f 3949//159 3942//159 3944//159 3947//159
f 4043//155 4045//155 4046//155 4044//155
f 4045//157 4047//157 4048//157 4046//157
f 4047//158 4050//158 4049//158 4048//158
f 4050//160 4054//160 4055//160 4051//160
f 4052//167 4049//167 4051//167 4053//167
f 4054//161 4056//161 4057//161 4055//161
f 4056//163 4058//163 4059//163 4057//163
f 3975//169 3971//169 3970//169 3974//169
f 4058//148 4061//148 4060//148 4059//148
f 4061//149 4065//149 4066//149 4062//149
f 4063//168 4060//168 4062//168 4064//168
f 4065//150 4067//150 4068//150 4066//150
f 4067//151 4074//151 4075//151 4068//151
f 4074//153 4077//153 4076//153 4075//153
f 4126//154 4079//154 4078//154 4125//154
f 4079//155 4083//155 4084//155 4080//155
f 4081//156 4078//156 4080//156 4082//156
f 4083//157 4085//157 4086//157 4084//157
f 4085//158 4088//158 4087//158 4086//158
f 4088//160 4093//160 4092//160 4089//160
f 4090//167 4087//167 4089//167 4091//167
f 4093//161 4099//161 4100//161 4094//161
f 4095//162 4092//162 4094//162 4096//162
f 4099//163 4108//163 4109//163 4100//163
f 4108//148 4111//148 4110//148 4109//148
f 4111//149 4119//149 4120//149 4112//149
f 4117//168 4110//168 4112//168 4118//168
f 4119//150 4121//150 4122//150 4120//150
f 4121//151 4123//151 4124//151 4122//151
f 4123//153 4126//153 4125//153 4124//153
f 4181//154 4130//154 4129//154 4180//154
f 4130//155 4134//155 4135//155 4131//155
f 4132//156 4129//156 4131//156 4133//156
f 4134//157 4137//157 4136//157 4135//157
f 4137//158 4143//158 4144//158 4138//158
f 4139//109 4136//109 4138//109 4140//109
f 4143//160 4150//160 4149//160 4144//160
f 4150//161 4154//161 4155//161 4151//161
f 4152//162 4149//162 4151//162 4153//162
f 4154//163 4160//163 4159//163 4155//163
f 4071//170 4072//170 4073//170 4069//170
f 4160//148 4164//148 4165//148 4161//148
f 4162//164 4159//164 4161//164 4163//164
f 4164//149 4167//149 4166//149 4165//149
f 4167//150 4173//150 4174//150 4168//150
f 4169//108 4166//108 4168//108 4170//108
f 4173//151 4176//151 4175//151 4174//151
f 4176//153 4181//153 4180//153 4177//153
f 4178//165 4175//165 4177//165 4179//165
f 4230//154 4183//154 4182//154 4229//154
f 4183//155 4187//155 4188//155 4184//155
f 4185//156 4182//156 4184//156 4186//156
f 4187//157 4192//157 4191//157 4188//157
f 4114//171 4115//171 4116//171 4113//171
f 4192//158 4201//158 4202//158 4193//158
f 4196//109 4191//109 4193//109 4197//109
f 4201//160 4204//160 4203//160 4202//160
f 4204//161 4208//161 4209//161 4205//161
f 4206//162 4203//162 4205//162 4207//162
f 4208//163 4211//163 4210//163 4209//163
f 4211//148 4215//148 4216//148 4212//148
f 4213//164 4210//164 4212//164 4214//164
f 4215//149 4218//149 4217//149 4216//149
f 4218//150 4222//150 4223//150 4219//150
f 4220//108 4217//108 4219//108 4221//108
f 4222//151 4225//151 4224//151 4223//151
f 4225//153 4230//153 4229//153 4226//153
f 4227//165 4224//165 4226//165 4228//165
f 4287//154 4236//154 4235//154 4286//154
f 4236//155 4240//155 4241//155 4237//155
f 4238//156 4235//156 4237//156 4239//156
f 4240//157 4245//157 4244//157 4241//157
f 4245//158 4252//158 4253//158 4246//158
f 4247//109 4244//109 4246//109 4248//109
f 4252//160 4255//160 4254//160 4253//160
f 4255//161 4259//161 4260//161 4256//161
f 4257//162 4254//162 4256//162 4258//162
f 4259//163 4264//163 4263//163 4260//163
f 4264//148 4268//148 4269//148 4265//148
f 4266//164 4263//164 4265//164 4267//164
f 4268//149 4271//149 4270//149 4269//149
f 4271//150 4275//150 4276//150 4272//150
f 4273//108 4270//108 4272//108 4274//108
f 4275//151 4280//151 4279//151 4276//151
f 4280//153 4287//153 4286//153 4281//153
f 4284//165 4279//165 4281//165 4285//165
f 4338//154 4289//154 4288//154 4337//154
f 4289//155 4293//155 4294//155 4290//155
f 4291//156 4288//156 4290//156 4292//156
f 4293//157 4296//157 4295//157 4294//157
f 4296//158 4300//158 4301//158 4297//158
f 4298//109 4295//109 4297//109 4299//109
f 4232//131 4233//131 4234//131 4231//131
f 4300//160 4303//160 4302//160 4301//160
f 4303//161 4307//161 4308//161 4304//161
f 4305//162 4302//162 4304//162 4306//162
f 4307//163 4312//163 4311//163 4308//163
f 4312//148 4320//148 4321//148 4313//148
f 4318//164 4311//164 4313//164 4319//164
f 4320//149 4326//149 4325//149 4321//149
f 4326//150 4330//150 4331//150 4327//150
f 4328//108 4325//108 4327//108 4329//108
f 4330//151 4333//151 4332//151 4331//151
f 4333//153 4338//153 4337//153 4334//153
f 4335//165 4332//165 4334//165 4336//165
f 4422//154 4346//154 4345//154 4421//154
f 4346//155 4354//155 4353//155 4347//155
f 4348//156 4345//156 4347//156 4349//156
f 4354//157 4360//157 4361//157 4355//157
f 4358//172 4353//172 4355//172 4359//172
f 4360//158 4363//158 4362//158 4361//158
f 4363//160 4367//160 4368//160 4364//160
f 4365//167 4362//167 4364//167 4366//167
f 4367//161 4376//161 4375//161 4368//161
f 4376//163 4385//163 4386//163 4377//163
f 4383//106 4375//106 4377//106 4384//106
f 4385//148 4387//148 4388//148 4386//148
f 4387//149 4394//149 4393//149 4388//149
f 4394//150 4401//150 4402//150 4395//150
f 4396//108 4393//108 4395//108 4397//108
f 4401//151 4406//151 4405//151 4402//151
f 4406//153 4422//153 4421//153 4407//153
f 4408//165 4405//165 4407//165 4409//165
f 4477//154 4424//154 4423//154 4476//154
f 4424//155 4429//155 4428//155 4425//155
f 4426//156 4423//156 4425//156 4427//156
f 4341//173 4342//173 4344//173 4339//173
f 4429//157 4433//157 4434//157 4430//157
f 4431//172 4428//172 4430//172 4432//172
f 4433//158 4436//158 4435//158 4434//158
f 4436//160 4443//160 4444//160 4437//160
f 4438//167 4435//167 4437//167 4439//167
f 4443//161 4446//161 4445//161 4444//161
f 4446//163 4450//163 4451//163 4447//163
f 4448//106 4445//106 4447//106 4449//106
f 4450//148 4453//148 4452//148 4451//148
f 4379//171 4380//171 4382//171 4378//171
f 4453//149 4459//149 4460//149 4454//149
f 4455//168 4452//168 4454//168 4456//168
f 4459//150 4467//150 4466//150 4460//150
f 4392//170 4390//170 4389//170 4391//170
f 4467//151 4472//151 4471//151 4468//151
f 4469//174 4466//174 4468//174 4470//174
f 4472//153 4477//153 4476//153 4473//153
f 4474//165 4471//165 4473//165 4475//165
f 4526//154 4479//154 4478//154 4525//154
f 4411//170 4412//170 4414//170 4410//170
f 4413//173 4415//173 4417//173 4414//173
f 4479//155 4485//155 4486//155 4480//155
f 4481//156 4478//156 4480//156 4482//156
f 4485//157 4488//157 4487//157 4486//157
f 4488//158 4494//158 4495//158 4489//158
f 4492//109 4487//109 4489//109 4493//109
f 4494//160 4496//160 4497//160 4495//160
f 4496//161 4499//161 4498//161 4497//161
f 4499//163 4503//163 4504//163 4500//163
f 4501//106 4498//106 4500//106 4502//106
f 4503//148 4506//148 4505//148 4504//148
f 4506//149 4513//149 4514//149 4507//149
f 4511//168 4505//168 4507//168 4512//168
f 4513//150 4516//150 4515//150 4514//150
f 4462//169 4463//169 4465//169 4461//169
f 4516//151 4521//151 4520//151 4517//151
f 4518//174 4515//174 4517//174 4519//174
f 4521//153 4526//153 4525//153 4522//153
f 4523//165 4520//165 4522//165 4524//165
f 4574//154 4527//154 4528//154 4572//154
f 4527//155 4532//155 4531//155 4528//155
f 4532//157 4536//157 4537//157 4533//157
f 4534//172 4531//172 4533//172 4535//172
f 4536//158 4541//158 4540//158 4537//158
f 4541//160 4547//160 4548//160 4542//160
f 4545//167 4540//167 4542//167 4546//167
f 4547//161 4550//161 4549//161 4548//161
f 4550//163 4554//163 4555//163 4551//163
f 4552//106 4549//106 4551//106 4553//106
f 4554//148 4559//148 4558//148 4555//148
f 4559//149 4563//149 4564//149 4560//149
f 4561//168 4558//168 4560//168 4562//168
f 4563//150 4566//150 4565//150 4564//150
f 4566//151 4570//151 4571//151 4567//151
f 4568//174 4565//174 4567//174 4569//174
f 4570//153 4574//153 4573//153 4571//153
f 4572//107 4576//107 4575//107 4573//107
f 4631//154 4577//154 4578//154 4629//154
f 4577//155 4580//155 4579//155 4578//155
f 4580//157 4584//157 4585//157 4581//157
f 4582//172 4579//172 4581//172 4583//172
f 4584//158 4591//158 4590//158 4585//158
f 4591//160 4595//160 4596//160 4592//160
f 4593//167 4590//167 4592//167 4594//167
f 4595//161 4600//161 4599//161 4596//161
f 4600//163 4608//163 4609//163 4601//163
f 4604//106 4599//106 4601//106 4605//106
f 4608//148 4611//148 4610//148 4609//148
f 4611//149 4620//149 4621//149 4612//149
f 4616//168 4610//168 4612//168 4617//168
f 4620//150 4623//150 4622//150 4621//150
f 4623//151 4627//151 4628//151 4624//151
f 4625//174 4622//174 4624//174 4626//174
f 4627//153 4631//153 4630//153 4628//153
f 4629//107 4633//107 4632//107 4630//107
f 4695//154 4634//154 4635//154 4693//154
f 4634//155 4637//155 4636//155 4635//155
f 4637//157 4641//157 4642//157 4638//157
f 4639//172 4636//172 4638//172 4640//172
f 4641//158 4647//158 4646//158 4642//158
f 4647//160 4651//160 4652//160 4648//160
f 4649//167 4646//167 4648//167 4650//167
f 4651//161 4654//161 4653//161 4652//161
f 4654//163 4658//163 4659//163 4655//163
f 4656//106 4653//106 4655//106 4657//106
f 4658//148 4661//148 4660//148 4659//148
f 4661//149 4677//149 4678//149 4662//149
f 4663//168 4660//168 4662//168 4664//168
f 4677//150 4683//150 4682//150 4678//150
f 4683//151 4689//151 4690//151 4684//151
f 4687//174 4682//174 4684//174 4688//174
f 4689//153 4695//153 4694//153 4690//153
f 4693//107 4697//107 4696//107 4694//107
f 4757//154 4698//154 4699//154 4755//154
f 4698//155 4701//155 4700//155 4699//155
f 4676//159 4665//159 4667//159 4675//159
f 4666//131 4668//131 4670//131 4667//131
f 4669//173 4671//173 4674//173 4670//173
f 4701//157 4707//157 4708//157 4702//157
f 4703//172 4700//172 4702//172 4704//172
f 4707//158 4713//158 4712//158 4708//158
f 4713//160 4717//160 4718//160 4714//160
f 4715//167 4712//167 4714//167 4716//167
f 4717//161 4725//161 4724//161 4718//161
f 4725//163 4729//163 4730//163 4726//163
f 4727//106 4724//106 4726//106 4728//106
f 4729//148 4732//148 4731//148 4730//148
f 4732//149 4736//149 4737//149 4733//149
f 4734//168 4731//168 4733//168 4735//168
f 4736//150 4746//150 4745//150 4737//150
f 4746//151 4753//151 4754//151 4747//151
f 4751//174 4745//174 4747//174 4752//174
f 4753//153 4757//153 4756//153 4754//153
f 4755//107 4759//107 4758//107 4756//107
f 4817//154 4760//154 4761//154 4815//154
f 4760//155 4762//155 4763//155 4761//155
f 4741//170 4743//170 4742//170 4740//170
f 4762//157 4765//157 4764//157 4763//157
f 4765//158 4769//158 4770//158 4766//158
f 4767//109 4764//109 4766//109 4768//109
f 4769//160 4771//160 4772//160 4770//160
f 4771//161 4777//161 4776//161 4772//161
f 4777//163 4783//163 4784//163 4778//163
f 4779//106 4776//106 4778//106 4780//106
f 4783//148 4789//148 4788//148 4784//148
f 4789//149 4795//149 4796//149 4790//149
f 4793//168 4788//168 4790//168 4794//168
f 4785//152 4781//152 4782//152 4786//152
f 4795//150 4802//150 4801//150 4796//150
f 4802//151 4806//151 4807//151 4803//151
f 4804//174 4801//174 4803//174 4805//174
f 4806//153 4817//153 4816//153 4807//153
f 4815//107 4819//107 4818//107 4816//107
f 4864//154 4820//154 4821//154 4862//154
f 4820//155 4825//155 4826//155 4821//155
f 4809//173 4810//173 4812//173 4808//173
f 4825//157 4828//157 4827//157 4826//157
f 4828//158 4832//158 4833//158 4829//158
f 4830//109 4827//109 4829//109 4831//109
f 4832//160 4834//160 4835//160 4833//160
f 4834//161 4837//161 4836//161 4835//161
f 4837//163 4841//163 4842//163 4838//163
f 4839//106 4836//106 4838//106 4840//106
f 4841//148 4843//148 4844//148 4842//148
f 4843//149 4846//149 4845//149 4844//149
f 4846//150 4852//150 4853//150 4847//150
f 4848//108 4845//108 4847//108 4849//108
f 4852//151 4860//151 4861//151 4853//151
f 4854//131 4857//131 4859//131 4855//131
f 4860//153 4864//153 4863//153 4861//153
f 4862//107 4868//107 4867//107 4863//107
f 3658//152 3662//152 3663//152 3659//152
f 3685//152 3687//152 3689//152 3686//152
f 3688//159 3707//159 3706//159 3689//159
f 3680//131 3688//131 3687//131 3681//131
f 3711//159 3724//159 3725//159 3712//159
f 3724//159 3747//159 3748//159 3725//159
f 3747//159 3756//159 3757//159 3748//159
f 3756//159 3802//159 3801//159 3757//159
f 3808//166 3780//166 3779//166 3809//166
f 3807//171 3869//171 3871//171 3808//171
f 3870//166 3789//166 3788//166 3871//166
f 3879//152 3819//152 3818//152 3880//152
f 4671//170 3813//170 3812//170 4672//170
f 4672//152 3825//152 3827//152 4673//152
f 3826//159 3680//159 3679//159 3827//159
f 3676//159 4674//159 4673//159 3677//159
f 3821//131 3826//131 3825//131 3822//131
f 3840//166 3847//166 3846//166 3839//166
f 3916//166 3851//166 3850//166 3915//166
f 3869//159 3855//159 3857//159 3870//159
f 3856//166 3840//166 3839//166 3857//166
f 3855//171 3944//171 3943//171 3856//171
f 3942//166 3916//166 3915//166 3943//166
f 3888//152 3900//152 3899//152 3889//152
f 3898//159 3821//159 3820//159 3899//159
f 3890//131 4679//131 4681//131 3888//131
f 3918//166 3922//166 3921//166 3917//166
f 3948//166 3918//166 3917//166 3949//166
f 3947//171 4023//171 4024//171 3948//171
f 4680//170 3953//170 3952//170 4681//170
f 3962//131 3902//131 3901//131 3961//131
f 3967//169 3975//169 3974//169 3968//169
f 4000//173 3969//173 3968//173 3999//173
f 3994//173 4000//173 3999//173 3993//173
f 4004//170 4073//170 4072//170 4005//170
f 4070//173 3994//173 3993//173 4071//173
f 4023//171 4097//171 4098//171 4024//171
f 4032//152 4103//152 4105//152 4033//152
f 4107//131 3962//131 3961//131 4106//131
f 3969//171 4114//171 4113//171 3967//171
f 4128//131 4070//131 4069//131 4127//131
f 4097//171 4145//171 4146//171 4098//171
f 4104//131 4156//131 4158//131 4105//131
f 4102//131 4107//131 4106//131 4101//131
f 4195//131 4128//131 4127//131 4194//131
f 4145//171 4141//171 4142//171 4146//171
f 4157//170 4148//170 4147//170 4158//170
f 4231//131 4102//131 4101//131 4232//131
f 4243//166 4172//166 4171//166 4242//166
f 4115//171 4249//171 4251//171 4116//171
f 4250//166 4243//166 4242//166 4251//166
f 4277//152 4189//152 4190//152 4278//152
f 4189//152 4198//152 4200//152 4190//152
f 4199//131 4195//131 4194//131 4200//131
f 4141//171 4309//171 4310//171 4142//171
f 4249//159 4261//159 4262//159 4250//159
f 4261//159 4282//159 4283//159 4262//159
f 4282//159 4199//159 4198//159 4283//159
f 4309//171 4379//171 4378//171 4310//171
f 4850//152 4314//152 4317//152 4851//152
f 4340//170 4317//170 4316//170 4341//170
f 4315//173 4322//173 4324//173 4316//173
f 4323//170 4343//170 4342//170 4324//170
f 4339//131 4234//131 4233//131 4340//131
f 4372//169 4357//169 4356//169 4371//169
f 4369//169 4373//169 4374//169 4370//169
f 4350//169 4372//169 4371//169 4351//169
f 4373//169 4382//169 4381//169 4374//169
f 4380//173 4352//173 4351//173 4381//173
f 4403//170 4411//170 4410//170 4404//170
f 4416//170 4418//170 4420//170 4417//170
f 4322//131 4419//131 4418//131 4323//131
f 4415//131 4344//131 4343//131 4416//131
f 4619//169 4603//169 4602//169 4618//169
f 4457//169 4462//169 4461//169 4458//169
f 4440//169 4619//169 4618//169 4441//169
f 4464//173 4442//173 4441//173 4465//173
f 4352//171 4464//171 4463//171 4350//171
f 4491//170 4484//170 4483//170 4490//170
f 4508//170 4491//170 4490//170 4509//170
f 4530//173 4510//173 4509//173 4529//173
f 4510//131 4413//131 4412//131 4508//131
f 4544//173 4530//173 4529//173 4543//173
f 4539//173 4544//173 4543//173 4538//173
f 4557//173 4539//173 4538//173 4556//173
f 4589//173 4557//173 4556//173 4588//173
f 4587//173 4589//173 4588//173 4586//173
f 4597//169 4606//169 4607//169 4598//169
f 4606//169 4613//169 4615//169 4607//169
f 4614//173 4587//173 4586//173 4615//173
f 4442//171 4614//171 4613//171 4440//171
f 4675//159 3684//159 3686//159 4676//159
f 4668//170 4644//170 4643//170 4669//170
f 3662//152 4666//152 4665//152 3663//152
f 4679//173 4691//173 4692//173 4680//173
f 4686//159 3890//159 3889//159 4685//159
f 4740//170 4709//170 4711//170 4741//170
f 4710//175 4720//175 4719//175 4711//175
f 4721//152 4738//152 4739//152 4722//152
f 4705//176 4723//176 4722//176 4706//176
f 4723//177 4710//177 4709//177 4721//177
f 4691//173 4744//173 4743//173 4692//173
f 4738//152 4748//152 4750//152 4739//152
f 4749//159 4686//159 4685//159 4750//159
f 4744//131 4749//131 4748//131 4742//131
f 4156//173 4809//173 4808//173 4157//173
f 4814//159 4104//159 4103//159 4813//159
f 4792//170 4773//170 4775//170 4791//170
f 4774//175 4800//175 4799//175 4775//175
f 4797//176 4787//176 4786//176 4798//176
f 4787//177 4774//177 4773//177 4785//177
f 4811//170 4792//170 4791//170 4812//170
f 4781//152 4822//152 4824//152 4782//152
f 4823//159 4814//159 4813//159 4824//159
f 4810//131 4823//131 4822//131 4811//131
f 4419//173 4865//173 4866//173 4420//173
f 4855//170 4392//170 4391//170 4856//170
f 4865//173 4854//173 4856//173 4866//173
f 4398//152 4859//152 4858//152 4399//152
f 4857//159 4315//159 4314//159 4858//159
f 3805//163 3810//163 3811//163 3806//163
f 3803//162 3798//162 3800//162 3804//162
f 3799//161 3805//161 3806//161 3800//161
f 3796//160 3799//160 3798//160 3797//160
f 3794//158 3796//158 3797//158 3795//158
f 3792//157 3794//157 3795//157 3793//157
f 3786//156 3783//156 3785//156 3787//156
f 3784//155 3792//155 3793//155 3785//155
f 3830//154 3784//154 3783//154 3831//154
f 3775//165 3772//165 3774//165 3776//165
f 3773//153 3777//153 3778//153 3774//153
f 3770//151 3773//151 3772//151 3771//151
f 3768//108 3765//108 3767//108 3769//108
f 3766//150 3770//150 3771//150 3767//150
f 3763//149 3766//149 3765//149 3764//149
f 3761//164 3758//164 3760//164 3762//164
f 3759//148 3763//148 3764//148 3760//148
f 3754//163 3759//163 3758//163 3755//163
f 3752//162 3749//162 3751//162 3753//162
f 3750//161 3754//161 3755//161 3751//161
f 3745//160 3750//160 3749//160 3746//160
f 3743//109 3740//109 3742//109 3744//109
f 3741//158 3745//158 3746//158 3742//158
f 3738//157 3741//157 3740//157 3739//157
f 3736//156 3733//156 3735//156 3737//156
f 3734//155 3738//155 3739//155 3735//155
f 3777//154 3734//154 3733//154 3778//154
f 3729//165 3726//165 3728//165 3730//165
f 3727//153 3731//153 3732//153 3728//153
f 3722//151 3727//151 3726//151 3723//151
f 3720//108 3717//108 3719//108 3721//108
f 3718//150 3722//150 3723//150 3719//150
f 3715//149 3718//149 3717//149 3716//149
f 3713//164 3708//164 3710//164 3714//164
f 3709//148 3715//148 3716//148 3710//148
f 3704//163 3709//163 3708//163 3705//163
f 3702//162 3699//162 3701//162 3703//162
f 3700//161 3704//161 3705//161 3701//161
f 3697//160 3700//160 3699//160 3698//160
f 3695//109 3692//109 3694//109 3696//109
f 3693//158 3697//158 3698//158 3694//158
f 3690//157 3693//157 3692//157 3691//157
f 3682//156 3673//156 3675//156 3683//156
f 3674//155 3690//155 3691//155 3675//155
f 3731//154 3674//154 3673//154 3732//154
f 3669//165 3666//165 3668//165 3670//165
f 3667//153 3671//153 3672//153 3668//153
f 3664//151 3667//151 3666//151 3665//151
f 3660//108 3655//108 3657//108 3661//108
f 3656//150 3664//150 3665//150 3657//150
f 4869//149 3656//149 3655//149 4870//149
f 4871//164 4873//164 4875//164 4872//164
f 4874//148 4869//148 4870//148 4875//148
f 4876//163 4874//163 4873//163 4877//163
f 4878//162 4880//162 4882//162 4879//162
f 4881//161 4876//161 4877//161 4882//161
f 4883//160 4881//160 4880//160 4884//160
f 4885//109 4887//109 4889//109 4886//109
f 4888//158 4883//158 4884//158 4889//158
f 4890//157 4888//157 4887//157 4891//157
f 4892//156 4894//156 4896//156 4893//156
f 4895//155 4890//155 4891//155 4896//155
f 3671//154 4895//154 4894//154 3672//154
f 4899//165 4901//165 4903//165 4900//165
f 4902//153 4897//153 4898//153 4903//153
f 4904//151 4902//151 4901//151 4905//151
f 4906//108 4908//108 4910//108 4907//108
f 4909//150 4904//150 4905//150 4910//150
f 4911//149 4909//149 4908//149 4912//149
f 4913//164 4915//164 4917//164 4914//164
f 4916//148 4911//148 4912//148 4917//148
f 4918//163 4916//163 4915//163 4919//163
f 4920//162 4922//162 4924//162 4921//162
f 4923//161 4918//161 4919//161 4924//161
f 4925//160 4923//160 4922//160 4926//160
f 4927//109 4929//109 4931//109 4928//109
f 4930//158 4925//158 4926//158 4931//158
f 4932//157 4930//157 4929//157 4933//157
f 4934//156 4936//156 4938//156 4935//156
f 4937//155 4932//155 4933//155 4938//155
f 4897//154 4937//154 4936//154 4898//154
f 4941//165 4943//165 4945//165 4942//165
f 4944//153 4939//153 4940//153 4945//153
f 4946//151 4944//151 4943//151 4947//151
f 4948//108 4950//108 4952//108 4949//108
f 4951//150 4946//150 4947//150 4952//150
f 4953//149 4951//149 4950//149 4954//149
f 4955//164 4957//164 4959//164 4956//164
f 4958//148 4953//148 4954//148 4959//148
f 4960//163 4958//163 4957//163 4961//163
f 4962//162 4964//162 4966//162 4963//162
f 4965//161 4960//161 4961//161 4966//161
f 4967//160 4965//160 4964//160 4968//160
f 4969//109 4971//109 4973//109 4970//109
f 4972//158 4967//158 4968//158 4973//158
f 4974//157 4972//157 4971//157 4975//157
f 4976//156 4978//156 4980//156 4977//156
f 4979//155 4974//155 4975//155 4980//155
f 4939//154 4979//154 4978//154 4940//154
f 4983//165 4985//165 4987//165 4984//165
f 4986//153 4981//153 4982//153 4987//153
f 4988//151 4986//151 4985//151 4989//151
f 4990//108 4992//108 4994//108 4991//108
f 4993//150 4988//150 4989//150 4994//150
f 4995//149 4993//149 4992//149 4996//149
f 4997//164 4999//164 5001//164 4998//164
f 5000//148 4995//148 4996//148 5001//148
f 5002//163 5000//163 4999//163 5003//163
f 5004//162 5006//162 5008//162 5005//162
f 5007//161 5002//161 5003//161 5008//161
f 5009//160 5007//160 5006//160 5010//160
f 5011//109 5013//109 5015//109 5012//109
f 5014//158 5009//158 5010//158 5015//158
f 5016//157 5014//157 5013//157 5017//157
f 5018//156 5020//156 5022//156 5019//156
f 5021//155 5016//155 5017//155 5022//155
f 4981//154 5021//154 5020//154 4982//154
f 5025//153 5023//153 5024//153 5026//153
f 5027//151 5025//151 5026//151 5028//151
f 5029//150 5027//150 5028//150 5030//150
f 5031//149 5029//149 5030//149 5032//149
f 5033//148 5031//148 5032//148 5034//148
f 5035//163 5033//163 5034//163 5036//163
f 5037//162 5039//162 5041//162 5038//162
f 5040//161 5035//161 5036//161 5041//161
f 5042//160 5040//160 5039//160 5043//160
f 5044//158 5042//158 5043//158 5045//158
f 5046//157 5044//157 5045//157 5047//157
f 5048//156 5050//156 5052//156 5049//156
f 5051//155 5046//155 5047//155 5052//155
f 5023//154 5051//154 5050//154 5024//154
f 5055//165 5057//165 5059//165 5056//165
f 5058//153 5053//153 5054//153 5059//153
f 5060//151 5058//151 5057//151 5061//151
f 5062//150 5060//150 5061//150 5063//150
f 5064//149 5062//149 5063//149 5065//149
f 5066//164 5068//164 5070//164 5067//164
f 5069//148 5064//148 5065//148 5070//148
f 5071//163 5069//163 5068//163 5072//163
f 5073//161 5071//161 5072//161 5074//161
f 5075//160 5073//160 5074//160 5076//160
f 5077//158 5075//158 5076//158 5078//158
f 5079//157 5077//157 5078//157 5080//157
f 5081//155 5079//155 5080//155 5082//155
f 5053//154 5081//154 5082//154 5054//154
f 5085//165 5087//165 5089//165 5086//165
f 5088//153 5083//153 5084//153 5089//153
f 5090//151 5088//151 5087//151 5091//151
f 5092//108 5094//108 5096//108 5093//108
f 5095//150 5090//150 5091//150 5096//150
f 5097//149 5095//149 5094//149 5098//149
f 5099//164 5101//164 5103//164 5100//164
f 5102//148 5097//148 5098//148 5103//148
f 5104//163 5102//163 5101//163 5105//163
f 5106//162 5108//162 5110//162 5107//162
f 5109//161 5104//161 5105//161 5110//161
f 5111//160 5109//160 5108//160 5112//160
f 5113//109 5115//109 5117//109 5114//109
f 5116//158 5111//158 5112//158 5117//158
f 5118//157 5116//157 5115//157 5119//157
f 5120//156 5122//156 5124//156 5121//156
f 5123//155 5118//155 5119//155 5124//155
f 5083//154 5123//154 5122//154 5084//154
f 5127//165 5129//165 5131//165 5128//165
f 5130//153 5125//153 5126//153 5131//153
f 5132//151 5130//151 5129//151 5133//151
f 5134//108 5136//108 5138//108 5135//108
f 5137//150 5132//150 5133//150 5138//150
f 5139//149 5137//149 5136//149 5140//149
f 5141//164 5143//164 5145//164 5142//164
f 5144//148 5139//148 5140//148 5145//148
f 5146//163 5144//163 5143//163 5147//163
f 5148//162 5150//162 5152//162 5149//162
f 5151//161 5146//161 5147//161 5152//161
f 5153//160 5151//160 5150//160 5154//160
f 5155//109 5157//109 5159//109 5156//109
f 5158//158 5153//158 5154//158 5159//158
f 5160//157 5158//157 5157//157 5161//157
f 5162//156 5164//156 5166//156 5163//156
f 5165//155 5160//155 5161//155 5166//155
f 5125//154 5165//154 5164//154 5126//154
f 5169//153 5167//153 5168//153 5170//153
f 5171//174 5173//174 5175//174 5172//174
f 5174//151 5169//151 5170//151 5175//151
f 5176//150 5174//150 5173//150 5177//150
f 5178//149 5176//149 5177//149 5179//149
f 5180//148 5178//148 5179//148 5181//148
f 5182//163 5180//163 5181//163 5183//163
f 5184//161 5182//161 5183//161 5185//161
f 5186//160 5184//160 5185//160 5187//160
f 5188//158 5186//158 5187//158 5189//158
f 5190//172 5192//172 5194//172 5191//172
f 5193//157 5188//157 5189//157 5194//157
f 5195//155 5193//155 5192//155 5196//155
f 5167//154 5195//154 5196//154 5168//154
f 5199//153 5197//153 5198//153 5200//153
f 5201//174 5203//174 5205//174 5202//174
f 5204//151 5199//151 5200//151 5205//151
f 5206//150 5204//150 5203//150 5207//150
f 5208//149 5206//149 5207//149 5209//149
f 5210//148 5208//148 5209//148 5211//148
f 5212//163 5210//163 5211//163 5213//163
f 5214//161 5212//161 5213//161 5215//161
f 5216//160 5214//160 5215//160 5217//160
f 5218//158 5216//158 5217//158 5219//158
f 5220//172 5222//172 5224//172 5221//172
f 5223//157 5218//157 5219//157 5224//157
f 5225//155 5223//155 5222//155 5226//155
f 5197//154 5225//154 5226//154 5198//154
f 5229//165 5231//165 5233//165 5230//165
f 5232//153 5227//153 5228//153 5233//153
f 5234//174 5236//174 5238//174 5235//174
f 5237//151 5232//151 5231//151 5238//151
f 5239//150 5237//150 5236//150 5240//150
f 5241//149 5239//149 5240//149 5242//149
f 5243//164 5245//164 5247//164 5244//164
f 5246//148 5241//148 5242//148 5247//148
f 5248//163 5246//163 5245//163 5249//163
f 5250//161 5248//161 5249//161 5251//161
f 5252//160 5250//160 5251//160 5253//160
f 5254//158 5252//158 5253//158 5255//158
f 5256//172 5258//172 5260//172 5257//172
f 5259//157 5254//157 5255//157 5260//157
f 5261//155 5259//155 5258//155 5262//155
f 5227//154 5261//154 5262//154 5228//154
f 5265//165 5267//165 5269//165 5266//165
f 5268//153 5263//153 5264//153 5269//153
f 5270//151 5268//151 5267//151 5271//151
f 5272//108 5274//108 5276//108 5273//108
f 5275//150 5270//150 5271//150 5276//150
f 5277//149 5275//149 5274//149 5278//149
f 5279//164 5281//164 5283//164 5280//164
f 5282//148 5277//148 5278//148 5283//148
f 5284//163 5282//163 5281//163 5285//163
f 5286//162 5288//162 5290//162 5287//162
f 5289//161 5284//161 5285//161 5290//161
f 5291//160 5289//160 5288//160 5292//160
f 5293//109 5295//109 5297//109 5294//109
f 5296//158 5291//158 5292//158 5297//158
f 5298//157 5296//157 5295//157 5299//157
f 5300//156 5302//156 5304//156 5301//156
f 5303//155 5298//155 5299//155 5304//155
f 5263//154 5303//154 5302//154 5264//154
f 5307//165 5309//165 5311//165 5308//165
f 5310//153 5305//153 5306//153 5311//153
f 5312//151 5310//151 5309//151 5313//151
f 5314//108 5316//108 5318//108 5315//108
f 5317//150 5312//150 5313//150 5318//150
f 5319//149 5317//149 5316//149 5320//149
f 5321//164 5323//164 5325//164 5322//164
f 5324//148 5319//148 5320//148 5325//148
f 5326//163 5324//163 5323//163 5327//163
f 5328//162 5330//162 5332//162 5329//162
f 5331//161 5326//161 5327//161 5332//161
f 5333//160 5331//160 5330//160 5334//160
f 5335//109 5337//109 5339//109 5336//109
f 5338//158 5333//158 5334//158 5339//158
f 5340//157 5338//157 5337//157 5341//157
f 5342//156 5344//156 5346//156 5343//156
f 5345//155 5340//155 5341//155 5346//155
f 5305//154 5345//154 5344//154 5306//154
f 5349//107 5348//107 5347//107 5350//107
f 5352//153 5351//153 5350//153 5353//153
f 5354//151 5352//151 5353//151 5355//151
f 5356//108 5358//108 5360//108 5357//108
f 5359//150 5354//150 5355//150 5360//150
f 5361//149 5359//149 5358//149 5362//149
f 5363//164 5365//164 5367//164 5364//164
f 5366//148 5361//148 5362//148 5367//148
f 5368//163 5366//163 5365//163 5369//163
f 5370//162 5372//162 5374//162 5371//162
f 5373//161 5368//161 5369//161 5374//161
f 5375//160 5373//160 5372//160 5376//160
f 5377//109 5379//109 5381//109 5378//109
f 5380//158 5375//158 5376//158 5381//158
f 5382//157 5380//157 5379//157 5383//157
f 5384//155 5382//155 5383//155 5385//155
f 5351//154 5384//154 5385//154 5349//154
f 5388//107 5387//107 5386//107 5389//107
f 5391//153 5390//153 5389//153 5392//153
f 5393//174 5395//174 5397//174 5394//174
f 5396//151 5391//151 5392//151 5397//151
f 5398//150 5396//150 5395//150 5399//150
f 5400//168 5402//168 5404//168 5401//168
f 5403//149 5398//149 5399//149 5404//149
f 5405//164 5407//164 5409//164 5406//164
f 5408//148 5403//148 5402//148 5409//148
f 5410//163 5408//163 5407//163 5411//163
f 5412//162 5414//162 5416//162 5413//162
f 5415//161 5410//161 5411//161 5416//161
f 5417//167 5419//167 5421//167 5418//167
f 5420//160 5415//160 5414//160 5421//160
f 5422//158 5420//158 5419//158 5423//158
f 5424//172 5426//172 5428//172 5425//172
f 5427//157 5422//157 5423//157 5428//157
f 5429//155 5427//155 5426//155 5430//155
f 5390//154 5429//154 5430//154 5388//154
f 5433//107 5432//107 5431//107 5434//107
f 5436//153 5435//153 5434//153 5437//153
f 5438//174 5440//174 5442//174 5439//174
f 5441//151 5436//151 5437//151 5442//151
f 5443//150 5441//150 5440//150 5444//150
f 5445//168 5447//168 5449//168 5446//168
f 5448//149 5443//149 5444//149 5449//149
f 5450//148 5448//148 5447//148 5451//148
f 5452//106 5454//106 5456//106 5453//106
f 5455//163 5450//163 5451//163 5456//163
f 5457//161 5455//161 5454//161 5458//161
f 5459//167 5461//167 5463//167 5460//167
f 5462//160 5457//160 5458//160 5463//160
f 5464//158 5462//158 5461//158 5465//158
f 5466//172 5468//172 5470//172 5467//172
f 5469//157 5464//157 5465//157 5470//157
f 5471//155 5469//155 5468//155 5472//155
f 5435//154 5471//154 5472//154 5433//154
f 5475//107 5474//107 5473//107 5476//107
f 5478//153 5477//153 5476//153 5479//153
f 5480//174 5482//174 5484//174 5481//174
f 5483//151 5478//151 5479//151 5484//151
f 5485//150 5483//150 5482//150 5486//150
f 5487//168 5489//168 5491//168 5488//168
f 5490//149 5485//149 5486//149 5491//149
f 5492//148 5490//148 5489//148 5493//148
f 5494//106 5496//106 5498//106 5495//106
f 5497//163 5492//163 5493//163 5498//163
f 5499//161 5497//161 5496//161 5500//161
f 5501//167 5503//167 5505//167 5502//167
f 5504//160 5499//160 5500//160 5505//160
f 5506//158 5504//158 5503//158 5507//158
f 5508//172 5510//172 5512//172 5509//172
f 5511//157 5506//157 5507//157 5512//157
f 5513//155 5511//155 5510//155 5514//155
f 5477//154 5513//154 5514//154 5475//154
f 5517//107 5516//107 5515//107 5518//107
f 5520//153 5519//153 5518//153 5521//153
f 5522//174 5524//174 5526//174 5523//174
f 5525//151 5520//151 5521//151 5526//151
f 5527//150 5525//150 5524//150 5528//150
f 5529//168 5531//168 5533//168 5530//168
f 5532//149 5527//149 5528//149 5533//149
f 5534//148 5532//148 5531//148 5535//148
f 5536//106 5538//106 5540//106 5537//106
f 5539//163 5534//163 5535//163 5540//163
f 5541//161 5539//161 5538//161 5542//161
f 5543//167 5545//167 5547//167 5544//167
f 5546//160 5541//160 5542//160 5547//160
f 5548//158 5546//158 5545//158 5549//158
f 5550//172 5552//172 5554//172 5551//172
f 5553//157 5548//157 5549//157 5554//157
f 5555//155 5553//155 5552//155 5556//155
f 5519//154 5555//154 5556//154 5517//154
f 5559//107 5558//107 5557//107 5560//107
f 5562//153 5561//153 5560//153 5563//153
f 5564//174 5566//174 5568//174 5565//174
f 5567//151 5562//151 5563//151 5568//151
f 5569//150 5567//150 5566//150 5570//150
f 5571//168 5573//168 5575//168 5572//168
f 5574//149 5569//149 5570//149 5575//149
f 5576//148 5574//148 5573//148 5577//148
f 5578//106 5580//106 5582//106 5579//106
f 5581//163 5576//163 5577//163 5582//163
f 5583//161 5581//161 5580//161 5584//161
f 5585//167 5587//167 5589//167 5586//167
f 5588//160 5583//160 5584//160 5589//160
f 5590//158 5588//158 5587//158 5591//158
f 5592//172 5594//172 5596//172 5593//172
f 5595//157 5590//157 5591//157 5596//157
f 5597//155 5595//155 5594//155 5598//155
f 5561//154 5597//154 5598//154 5559//154
f 3660//178 3525//178 4870//178 3655//178
f 3251//179 3661//179 3657//179 3665//179
f 3671//180 3667//180 3664//180 3656//180 4869//180 4874//180 4876//180 4881//180 4883//180 4888//180 4890//180 4895//180
f 3663//106 3248//106 3249//106 3659//106
f 3250//109 4645//109 4644//109 3662//109 3658//109
f 4644//109 4668//109 4666//109 3662//109
f 4665//106 4676//106 3248//106 3663//106
f 3669//169 3251//169 3665//169 3666//169
f 3254//181 3670//181 3668//181 3672//181
f 4892//182 3254//182 3672//182 4894//182
f 3682//182 3268//182 3732//182 3673//182
f 3256//170 3683//170 3675//170 3691//170
f 3731//180 3727//180 3722//180 3718//180 3715//180 3709//180 3704//180 3700//180 3697//180 3693//180 3690//180 3674//180
f 4675//180 4674//180 3676//180 3684//180
f 3678//109 3681//109 3687//109 3685//109
f 3827//106 3679//106 3677//106 4673//106
f 3688//180 3680//180 3255//180 3707//180
f 3826//180 3821//180 3292//180 3680//180
f 3680//180 3292//180 3293//180 3255//180
f 4676//106 3686//106 3490//106 3248//106
f 3686//106 3252//106 3253//106 3490//106
f 3689//106 3706//106 3252//106 3686//106
f 3695//183 3256//183 3691//183 3692//183
f 3258//184 3696//184 3694//184 3698//184
f 3702//152 3258//152 3698//152 3699//152
f 3259//185 3703//185 3701//185 3705//185
f 3713//186 3259//186 3705//186 3708//186
f 3707//180 3255//180 3264//180 3711//180
f 3706//106 3712//106 3260//106 3252//106
f 3262//166 3714//166 3710//166 3716//166
f 3711//180 3264//180 3265//180 3724//180
f 3712//106 3725//106 3269//106 3260//106
f 3720//178 3262//178 3716//178 3717//178
f 3263//179 3721//179 3719//179 3723//179
f 3729//169 3263//169 3723//169 3726//169
f 3724//180 3265//180 3274//180 3747//180
f 3725//106 3748//106 3266//106 3269//106
f 3268//181 3730//181 3728//181 3732//181
f 3736//182 3279//182 3778//182 3733//182
f 3270//170 3737//170 3735//170 3739//170
f 3777//180 3773//180 3770//180 3766//180 3763//180 3759//180 3754//180 3750//180 3745//180 3741//180 3738//180 3734//180
f 3743//183 3270//183 3739//183 3740//183
f 3272//184 3744//184 3742//184 3746//184
f 3752//152 3272//152 3746//152 3749//152
f 3747//180 3274//180 3275//180 3756//180
f 3748//106 3757//106 3273//106 3266//106
f 3276//185 3753//185 3751//185 3755//185
f 3761//186 3276//186 3755//186 3758//186
f 3756//180 3275//180 3294//180 3802//180
f 3757//106 3801//106 3282//106 3273//106
f 3277//166 3762//166 3760//166 3764//166
f 3768//178 3277//178 3764//178 3765//178
f 3278//179 3769//179 3767//179 3771//179
f 3775//169 3278//169 3771//169 3772//169
f 3279//181 3776//181 3774//181 3778//181
f 3782//108 3780//108 3788//108 3790//108
f 3780//108 3808//108 3871//108 3788//108
f 3282//106 3779//106 3781//106 3280//106
f 3801//106 3809//106 3779//106 3282//106
f 3786//182 3291//182 3831//182 3783//182
f 3281//170 3787//170 3785//170 3793//170
f 3830//180 3828//180 3823//180 3816//180 3814//180 3810//180 3805//180 3799//180 3796//180 3794//180 3792//180 3784//180
f 3789//106 3839//106 3846//106 3791//106
f 3870//106 3857//106 3839//106 3789//106
f 3283//183 3281//183 3793//183 3795//183
f 3284//184 3283//184 3795//184 3797//184
f 3803//152 3284//152 3797//152 3798//152
f 3285//185 3804//185 3800//185 3806//185
f 3802//180 3294//180 3869//180 3807//180
f 3286//186 3285//186 3806//186 3811//186
f 3287//166 3286//166 3811//166 3815//166
f 3880//109 3818//109 4672//109 3812//109
f 4643//107 3813//107 4671//107 4669//107
f 3288//178 3287//178 3815//178 3817//178
f 3289//179 3288//179 3817//179 3824//179
f 3899//106 3820//106 3819//106 3889//106
f 3818//109 3822//109 3825//109 4672//109
f 3889//106 3819//106 3879//106 3496//106
f 3898//180 3902//180 3304//180 3821//180
f 3821//180 3304//180 3305//180 3292//180
f 3290//169 3289//169 3824//169 3829//169
f 3291//181 3290//181 3829//181 3831//181
f 3887//180 3882//180 3877//180 3873//180 3867//180 3863//180 3860//180 3853//180 3848//180 3842//180 3837//180 3833//180
f 3296//170 3836//170 3834//170 3838//170
f 3835//182 3302//182 3886//182 3832//182
f 3844//183 3296//183 3838//183 3841//183
f 3847//108 3840//108 3915//108 3850//108
f 3840//108 3856//108 3943//108 3915//108
f 3297//184 3845//184 3843//184 3849//184
f 3858//152 3297//152 3849//152 3852//152
f 3916//106 3917//106 3921//106 3851//106
f 3298//185 3859//185 3854//185 3861//185
f 3869//180 3299//180 3944//180 3855//180
f 3865//186 3298//186 3861//186 3862//186
f 3300//166 3866//166 3864//166 3868//166
f 3875//178 3300//178 3868//178 3872//178
f 3294//180 3295//180 3299//180 3869//180
f 3301//179 3876//179 3874//179 3878//179
f 3884//169 3301//169 3878//169 3881//169
f 3302//181 3885//181 3883//181 3886//181
f 4685//106 3889//106 3496//106 3497//106
f 4681//109 3901//109 3900//109 3888//109
f 4686//180 4691//180 4679//180 3890//180
f 3946//180 3938//180 3935//180 3931//180 3928//180 3924//180 3919//180 3911//180 3908//180 3904//180 3896//180 3892//180
f 3303//170 3895//170 3893//170 3897//170
f 3894//182 3312//182 3945//182 3891//182
f 3906//183 3303//183 3897//183 3903//183
f 3902//180 3962//180 3317//180 3304//180
f 3313//109 3961//109 3901//109 4681//109
f 3306//184 3907//184 3905//184 3909//184
f 3913//152 3306//152 3909//152 3910//152
f 3308//185 3914//185 3912//185 3920//185
f 3942//106 3949//106 3917//106 3916//106
f 3922//108 3918//108 3340//108 3309//108
f 3918//108 3948//108 4024//108 3340//108
f 3926//186 3308//186 3920//186 3923//186
f 3310//166 3927//166 3925//166 3929//166
f 3933//178 3310//178 3929//178 3930//178
f 3311//179 3934//179 3932//179 3936//179
f 3940//169 3311//169 3936//169 3937//169
f 3312//181 3941//181 3939//181 3945//181
f 3944//180 3341//180 4023//180 3947//180
f 3299//180 3307//180 3341//180 3944//180
f 3998//180 3991//180 3988//180 3986//180 3982//180 3977//180 3972//180 3965//180 3959//180 3956//180 3954//180 3950//180
f 3315//170 3314//170 3951//170 3955//170
f 3314//182 3328//182 3997//182 3951//182
f 3345//109 3313//109 4681//109 3952//109
f 3499//107 3953//107 4680//107 4692//107
f 3316//183 3315//183 3955//183 3957//183
f 3963//184 3316//184 3957//184 3958//184
f 3320//152 3964//152 3960//152 3966//152
f 3962//180 4107//180 3364//180 3317//180
f 4105//109 4106//109 3961//109 3313//109
f 3321//185 3320//185 3966//185 3973//185
f 3319//180 3969//180 4000//180 3323//180
f 3975//108 3967//108 4113//108 3368//108
f 3318//180 3352//180 3969//180 3319//180
f 3352//180 3353//180 4114//180 3969//180
f 3974//107 3326//107 3999//107 3968//107
f 3971//108 3975//108 3368//108 3365//108
f 3970//107 3324//107 3326//107 3974//107
f 3979//186 3321//186 3973//186 3976//186
f 3984//166 3980//166 3978//166 3981//166
f 3322//178 3985//178 3983//178 3987//178
f 3325//179 3322//179 3987//179 3989//179
f 3995//169 3325//169 3989//169 3990//169
f 3328//181 3996//181 3992//181 3997//181
f 3327//107 4072//107 4071//107 3993//107
f 3326//107 3327//107 3993//107 3999//107
f 3323//180 4000//180 3994//180 3332//180
f 3332//180 3994//180 4070//180 3334//180
f 4042//180 4037//180 4034//180 4030//180 4026//180 4021//180 4019//180 4017//180 4013//180 4010//180 4008//180 4002//180
f 3330//170 4007//170 4003//170 4009//170
f 4006//182 3346//182 4041//182 4001//182
f 3329//107 4005//107 4072//107 3327//107
f 3373//109 3372//109 4073//109 4004//109
f 3331//183 3330//183 4009//183 4011//183
f 4015//184 3331//184 4011//184 4012//184
f 3333//152 4016//152 4014//152 4018//152
f 3337//185 3333//185 4018//185 4020//185
f 3339//186 3337//186 4020//186 4022//186
f 4028//166 3339//166 4022//166 4025//166
f 3340//108 4024//108 4098//108 3338//108
f 3341//180 3342//180 4097//180 4023//180
f 3343//178 4029//178 4027//178 4031//178
f 3344//179 3343//179 4031//179 4035//179
f 4033//109 4105//109 3313//109 3345//109
f 4813//106 4103//106 4032//106 3514//106
f 4039//169 3344//169 4035//169 4036//169
f 3346//181 4040//181 4038//181 4041//181
f 4077//180 4074//180 4067//180 4065//180 4061//180 4058//180 4056//180 4054//180 4050//180 4047//180 4045//180 4043//180
f 3348//170 3347//170 4044//170 4046//170
f 3347//182 3358//182 4076//182 4044//182
f 3349//183 3348//183 4046//183 4048//183
f 4052//184 3349//184 4048//184 4049//184
f 3350//152 4053//152 4051//152 4055//152
f 3351//185 3350//185 4055//185 4057//185
f 3354//186 3351//186 4057//186 4059//186
f 4063//166 3354//166 4059//166 4060//166
f 3355//178 4064//178 4062//178 4066//178
f 3356//179 3355//179 4066//179 4068//179
f 3357//169 3356//169 4068//169 4075//169
f 3372//109 4127//109 4069//109 4073//109
f 3334//180 4070//180 3335//180 3336//180
f 4070//180 4128//180 3376//180 3335//180
f 3358//181 3357//181 4075//181 4076//181
f 4126//180 4123//180 4121//180 4119//180 4111//180 4108//180 4099//180 4093//180 4088//180 4085//180 4083//180 4079//180
f 3360//170 4082//170 4080//170 4084//170
f 4081//182 3375//182 4125//182 4078//182
f 3361//183 3360//183 4084//183 4086//183
f 4090//184 3361//184 4086//184 4087//184
f 4095//152 4091//152 4089//152 4092//152
f 3362//185 4096//185 4094//185 4100//185
f 3342//180 3382//180 4145//180 4097//180
f 3338//108 4098//108 4146//108 3380//108
f 3366//186 3362//186 4100//186 4109//186
f 3385//109 4232//109 4101//109 4158//109
f 4158//109 4101//109 4106//109 4105//109
f 4107//180 4102//180 3363//180 3364//180
f 4102//180 4231//180 3404//180 3363//180
f 4814//180 4809//180 4156//180 4104//180
f 4117//166 3366//166 4109//166 4110//166
f 3370//178 4118//178 4112//178 4120//178
f 3368//108 4113//108 4116//108 3369//108
f 3353//180 3390//180 4115//180 4114//180
f 3390//180 3405//180 4249//180 4115//180
f 3369//108 4116//108 4251//108 4242//108
f 3371//179 3370//179 4120//179 4122//179
f 3374//169 3371//169 4122//169 4124//169
f 3375//181 3374//181 4124//181 4125//181
f 3394//109 4194//109 4127//109 3372//109
f 4128//180 4195//180 3395//180 3376//180
f 4181//180 4176//180 4173//180 4167//180 4164//180 4160//180 4154//180 4150//180 4143//180 4137//180 4134//180 4130//180
f 3378//170 4133//170 4131//170 4135//170
f 4132//182 3391//182 4180//182 4129//182
f 4139//183 3378//183 4135//183 4136//183
f 3386//184 4140//184 4138//184 4144//184
f 3381//108 4142//108 4310//108 3424//108
f 3380//108 4146//108 4142//108 3381//108
f 3382//180 3383//180 4141//180 4145//180
f 3383//180 3427//180 4309//180 4141//180
f 4152//152 3386//152 4144//152 4149//152
f 3384//109 3385//109 4158//109 4147//109
f 3510//107 4148//107 4157//107 4808//107
f 3387//185 4153//185 4151//185 4155//185
f 4162//186 3387//186 4155//186 4159//186
f 3388//166 4163//166 4161//166 4165//166
f 4169//178 3388//178 4165//178 4166//178
f 3389//179 4170//179 4168//179 4174//179
f 3367//108 3369//108 4242//108 4171//108
f 4243//106 3410//106 3413//106 4172//106
f 4178//169 3389//169 4174//169 4175//169
f 3391//181 4179//181 4177//181 4180//181
f 4230//180 4225//180 4222//180 4218//180 4215//180 4211//180 4208//180 4204//180 4201//180 4192//180 4187//180 4183//180
f 3392//170 4186//170 4184//170 4188//170
f 4185//182 3403//182 4229//182 4182//182
f 4196//183 3392//183 4188//183 4191//183
f 4190//109 4200//109 4194//109 3394//109
f 4283//106 4198//106 4189//106 3416//106
f 4278//109 4190//109 3394//109 3393//109
f 3416//106 4189//106 4277//106 3412//106
f 3396//184 4197//184 4193//184 4202//184
f 4195//180 4199//180 3423//180 3395//180
f 4282//180 3419//180 3420//180 4199//180
f 4199//180 3420//180 3422//180 3423//180
f 4206//152 3396//152 4202//152 4203//152
f 3398//185 4207//185 4205//185 4209//185
f 4213//186 3398//186 4209//186 4210//186
f 3399//166 4214//166 4212//166 4216//166
f 4220//178 3399//178 4216//178 4217//178
f 3401//179 4221//179 4219//179 4223//179
f 4227//169 3401//169 4223//169 4224//169
f 3403//181 4228//181 4226//181 4229//181
f 4231//180 4234//180 3432//180 3404//180
f 3402//109 4233//109 4232//109 3385//109
f 4234//180 4339//180 4344//180 3432//180
f 4317//109 4340//109 4233//109 3402//109
f 4287//180 4280//180 4275//180 4271//180 4268//180 4264//180 4259//180 4255//180 4252//180 4245//180 4240//180 4236//180
f 3407//170 4239//170 4237//170 4241//170
f 4238//182 3418//182 4286//182 4235//182
f 4247//183 3407//183 4241//183 4244//183
f 4250//106 4262//106 3410//106 4243//106
f 3408//184 4248//184 4246//184 4253//184
f 3405//180 3406//180 3409//180 4249//180
f 4249//180 3409//180 3415//180 4261//180
f 4257//152 3408//152 4253//152 4254//152
f 3411//185 4258//185 4256//185 4260//185
f 4266//186 3411//186 4260//186 4263//186
f 4261//180 3415//180 3419//180 4282//180
f 4262//106 4283//106 3416//106 3410//106
f 3414//166 4267//166 4265//166 4269//166
f 4273//178 3414//178 4269//178 4270//178
f 3417//179 4274//179 4272//179 4276//179
f 4284//169 3417//169 4276//169 4279//169
f 3418//181 4285//181 4281//181 4286//181
f 4338//180 4333//180 4330//180 4326//180 4320//180 4312//180 4307//180 4303//180 4300//180 4296//180 4293//180 4289//180
f 3421//170 4292//170 4290//170 4294//170
f 4291//182 3431//182 4337//182 4288//182
f 4298//183 3421//183 4294//183 4295//183
f 3426//184 4299//184 4297//184 4301//184
f 4305//152 3426//152 4301//152 4302//152
f 3428//185 4306//185 4304//185 4308//185
f 4318//186 3428//186 4308//186 4311//186
f 3427//180 3439//180 4379//180 4309//180
f 3424//108 4310//108 4378//108 3438//108
f 3429//166 4319//166 4313//166 4321//166
f 4858//106 4314//106 4850//106 4399//106
f 4851//109 4317//109 3402//109 3400//109
f 4316//107 4324//107 4342//107 4341//107
f 4315//180 4865//180 4419//180 4322//180
f 4857//180 4854//180 4865//180 4315//180
f 4328//178 3429//178 4321//178 4325//178
f 4418//109 4416//109 4343//109 4323//109
f 3430//179 4329//179 4327//179 4331//179
f 4335//169 3430//169 4331//169 4332//169
f 3431//181 4336//181 4334//181 4337//181
f 3432//180 4344//180 3446//180 3433//180
f 4344//180 4415//180 4413//180 3446//180
f 4422//180 4406//180 4401//180 4394//180 4387//180 4385//180 4376//180 4367//180 4363//180 4360//180 4354//180 4346//180
f 4358//170 4349//170 4347//170 4353//170
f 4348//182 3445//182 4421//182 4345//182
f 3435//180 4442//180 4464//180 4352//180
f 3434//180 3435//180 4352//180 3439//180
f 4371//107 4374//107 4381//107 4351//107
f 3439//180 4352//180 4380//180 4379//180
f 4372//108 4350//108 4463//108 4462//108
f 3436//183 4359//183 4355//183 4361//183
f 4357//108 4372//108 4462//108 4457//108
f 4356//107 4370//107 4374//107 4371//107
f 4365//184 3436//184 4361//184 4362//184
f 3437//152 4366//152 4364//152 4368//152
f 4383//185 3437//185 4368//185 4375//185
f 3425//108 3438//108 4373//108 4369//108
f 3438//108 4378//108 4382//108 4373//108
f 3440//186 4384//186 4377//186 4386//186
f 3442//166 3440//166 4386//166 4388//166
f 4396//178 3442//178 4388//178 4393//178
f 4390//109 4392//109 4398//109 4400//109 3443//109
f 4389//107 3441//107 3517//107 4391//107
f 4392//109 4855//109 4859//109 4398//109
f 4391//107 3517//107 4866//107 4856//107
f 3444//179 4397//179 4395//179 4402//179
f 4408//169 3444//169 4402//169 4405//169
f 3518//107 4404//107 4410//107 4420//107
f 4484//109 4491//109 4411//109 4403//109
f 3445//181 4409//181 4407//181 4421//181
f 4491//109 4508//109 4412//109 4411//109
f 4420//107 4410//107 4414//107 4417//107
f 3446//180 4413//180 3460//180 3448//180
f 4413//180 4510//180 4530//180 3460//180
f 3517//107 3518//107 4420//107 4866//107
f 4477//180 4472//180 4467//180 4459//180 4453//180 4450//180 4446//180 4443//180 4436//180 4433//180 4429//180 4424//180
f 4431//170 4427//170 4425//170 4428//170
f 4426//182 3453//182 4476//182 4423//182
f 3447//183 4432//183 4430//183 4434//183
f 4438//184 3447//184 4434//184 4435//184
f 3450//152 4439//152 4437//152 4444//152
f 3488//180 4587//180 4614//180 4442//180
f 3449//180 3488//180 4442//180 3435//180
f 4618//107 4461//107 4465//107 4441//107
f 4619//108 4440//108 4613//108 4606//108
f 4448//185 3450//185 4444//185 4445//185
f 3451//186 4449//186 4447//186 4451//186
f 4455//166 3451//166 4451//166 4452//166
f 3452//178 4456//178 4454//178 4460//178
f 4602//107 4458//107 4461//107 4618//107
f 4469//179 3452//179 4460//179 4466//179
f 4474//169 4470//169 4468//169 4471//169
f 3453//181 4475//181 4473//181 4476//181
f 4526//180 4521//180 4516//180 4513//180 4506//180 4503//180 4499//180 4496//180 4494//180 4488//180 4485//180 4479//180
f 3455//170 4482//170 4480//170 4486//170
f 4481//182 3462//182 4525//182 4478//182
f 4483//107 3454//107 3457//107 4490//107
f 4492//183 3455//183 4486//183 4487//183
f 3456//184 4493//184 4489//184 4495//184
f 4490//107 3457//107 4529//107 4509//107
f 3458//152 3456//152 4495//152 4497//152
f 4501//185 3458//185 4497//185 4498//185
f 3459//186 4502//186 4500//186 4504//186
f 4511//166 3459//166 4504//166 4505//166
f 3461//178 4512//178 4507//178 4514//178
f 4518//179 3461//179 4514//179 4515//179
f 4523//169 4519//169 4517//169 4520//169
f 3462//181 4524//181 4522//181 4525//181
f 4574//180 4570//180 4566//180 4563//180 4559//180 4554//180 4550//180 4547//180 4541//180 4536//180 4532//180 4527//180
f 4534//170 3463//170 4528//170 4531//170
f 3463//182 4576//182 4572//182 4528//182
f 3457//107 3465//107 4543//107 4529//107
f 3460//180 4530//180 4544//180 3468//180
f 3466//183 4535//183 4533//183 4537//183
f 4545//184 3466//184 4537//184 4540//184
f 3467//107 3477//107 4556//107 4538//107
f 3465//107 3467//107 4538//107 4543//107
f 3468//180 4544//180 4539//180 3473//180
f 3473//180 4539//180 4557//180 3474//180
f 3471//152 4546//152 4542//152 4548//152
f 4552//185 3471//185 4548//185 4549//185
f 3472//186 4553//186 4551//186 4555//186
f 4561//166 3472//166 4555//166 4558//166
f 3477//107 3478//107 4588//107 4556//107
f 3474//180 4557//180 4589//180 3484//180
f 3476//178 4562//178 4560//178 4564//178
f 4568//179 3476//179 4564//179 4565//179
f 3479//169 4569//169 4567//169 4571//169
f 4575//181 3479//181 4571//181 4573//181
f 4631//180 4627//180 4623//180 4620//180 4611//180 4608//180 4600//180 4595//180 4591//180 4584//180 4580//180 4577//180
f 4582//170 3480//170 4578//170 4579//170
f 3480//182 4633//182 4629//182 4578//182
f 3483//183 4583//183 4581//183 4585//183
f 4593//184 3483//184 4585//184 4590//184
f 3482//107 4607//107 4615//107 4586//107
f 3478//107 3482//107 4586//107 4588//107
f 3484//180 4589//180 4587//180 3488//180
f 3485//152 4594//152 4592//152 4596//152
f 4604//185 3485//185 4596//185 4599//185
f 3481//107 4598//107 4607//107 3482//107
f 4603//108 4619//108 4606//108 4597//108
f 3486//186 4605//186 4601//186 4609//186
f 4616//166 3486//166 4609//166 4610//166
f 3487//178 4617//178 4612//178 4621//178
f 4625//179 3487//179 4621//179 4622//179
f 3489//169 4626//169 4624//169 4628//169
f 4632//181 3489//181 4628//181 4630//181
f 4695//180 4689//180 4683//180 4677//180 4661//180 4658//180 4654//180 4651//180 4647//180 4641//180 4637//180 4634//180
f 4639//170 3491//170 4635//170 4636//170
f 3491//182 4697//182 4693//182 4635//182
f 3492//183 4640//183 4638//183 4642//183
f 4649//184 3492//184 4642//184 4646//184
f 3493//152 4650//152 4648//152 4652//152
f 4656//185 3493//185 4652//185 4653//185
f 3494//186 4657//186 4655//186 4659//186
f 4663//166 3494//166 4659//166 4660//166
f 3495//178 4664//178 4662//178 4678//178
f 4667//180 4670//180 4674//180 4675//180
f 4687//179 3495//179 4678//179 4682//179
f 3498//169 4688//169 4684//169 4690//169
f 4750//106 4685//106 3497//106 4739//106
f 4749//180 4744//180 4691//180 4686//180
f 4696//181 3498//181 4690//181 4694//181
f 4741//107 3499//107 4692//107 4743//107
f 4757//180 4753//180 4746//180 4736//180 4732//180 4729//180 4725//180 4717//180 4713//180 4707//180 4701//180 4698//180
f 4703//170 3500//170 4699//170 4700//170
f 3500//182 4759//182 4755//182 4699//182
f 3501//183 4704//183 4702//183 4708//183
f 4739//106 3497//106 4706//106 4722//106
f 4705//187 4720//187 4710//187 4723//187
f 4715//184 3501//184 4708//184 4712//184
f 4709//109 4740//109 4738//109 4721//109
f 4711//107 4719//107 3499//107 4741//107
f 3502//152 4716//152 4714//152 4718//152
f 4727//185 3502//185 4718//185 4724//185
f 3503//186 4728//186 4726//186 4730//186
f 4734//166 3503//166 4730//166 4731//166
f 3504//178 4735//178 4733//178 4737//178
f 4751//179 3504//179 4737//179 4745//179
f 4740//109 4742//109 4748//109 4738//109
f 3505//169 4752//169 4747//169 4754//169
f 4758//181 3505//181 4754//181 4756//181
f 4817//180 4806//180 4802//180 4795//180 4789//180 4783//180 4777//180 4771//180 4769//180 4765//180 4762//180 4760//180
f 3507//170 3506//170 4761//170 4763//170
f 3506//182 4819//182 4815//182 4761//182
f 4767//183 3507//183 4763//183 4764//183
f 3508//184 4768//184 4766//184 4770//184
f 3509//152 3508//152 4770//152 4772//152
f 4779//185 3509//185 4772//185 4776//185
f 4773//109 4792//109 4781//109 4785//109
f 4775//107 4799//107 3510//107 4791//107
f 4797//187 4800//187 4774//187 4787//187
f 3511//186 4780//186 4778//186 4784//186
f 4782//106 3514//106 4798//106 4786//106
f 4792//109 4811//109 4822//109 4781//109
f 4824//106 4813//106 3514//106 4782//106
f 4793//166 3511//166 4784//166 4788//166
f 3512//178 4794//178 4790//178 4796//178
f 4791//107 3510//107 4808//107 4812//107
f 4804//179 3512//179 4796//179 4801//179
f 3513//169 4805//169 4803//169 4807//169
f 4818//181 3513//181 4807//181 4816//181
f 4823//180 4810//180 4809//180 4814//180
f 4864//180 4860//180 4852//180 4846//180 4843//180 4841//180 4837//180 4834//180 4832//180 4828//180 4825//180 4820//180
f 3516//170 3515//170 4821//170 4826//170
f 3515//182 4868//182 4862//182 4821//182
f 4830//183 3516//183 4826//183 4827//183
f 3519//184 4831//184 4829//184 4833//184
f 3520//152 3519//152 4833//152 4835//152
f 4839//185 3520//185 4835//185 4836//185
f 3521//186 4840//186 4838//186 4842//186
f 3522//166 3521//166 4842//166 4844//166
f 4848//178 3522//178 4844//178 4845//178
f 3523//179 4849//179 4847//179 4853//179
f 3524//169 3523//169 4853//169 4861//169
f 4867//181 3524//181 4861//181 4863//181
f 3525//166 4872//166 4875//166 4870//166
f 4871//186 3526//186 4877//186 4873//186
f 3526//185 4879//185 4882//185 4877//185
f 4878//152 3527//152 4884//152 4880//152
f 3527//184 4886//184 4889//184 4884//184
f 4885//183 3528//183 4891//183 4887//183
f 3528//170 4893//170 4896//170 4891//170
f 4934//182 3529//182 4898//182 4936//182
f 3529//181 4900//181 4903//181 4898//181
f 4897//180 4902//180 4904//180 4909//180 4911//180 4916//180 4918//180 4923//180 4925//180 4930//180 4932//180 4937//180
f 4899//169 3530//169 4905//169 4901//169
f 3530//179 4907//179 4910//179 4905//179
f 4906//178 3531//178 4912//178 4908//178
f 3531//166 4914//166 4917//166 4912//166
f 4913//186 3532//186 4919//186 4915//186
f 3532//185 4921//185 4924//185 4919//185
f 4920//152 3533//152 4926//152 4922//152
f 3533//184 4928//184 4931//184 4926//184
f 4927//183 3534//183 4933//183 4929//183
f 3534//170 4935//170 4938//170 4933//170
f 4976//182 3535//182 4940//182 4978//182
f 3535//181 4942//181 4945//181 4940//181
f 4939//180 4944//180 4946//180 4951//180 4953//180 4958//180 4960//180 4965//180 4967//180 4972//180 4974//180 4979//180
f 4941//169 3536//169 4947//169 4943//169
f 3536//179 4949//179 4952//179 4947//179
f 4948//178 3537//178 4954//178 4950//178
f 3537//166 4956//166 4959//166 4954//166
f 4955//186 3538//186 4961//186 4957//186
f 3538//185 4963//185 4966//185 4961//185
f 4962//152 3539//152 4968//152 4964//152
f 3539//184 4970//184 4973//184 4968//184
f 4969//183 3540//183 4975//183 4971//183
f 3540//170 4977//170 4980//170 4975//170
f 5018//182 3541//182 4982//182 5020//182
f 3541//181 4984//181 4987//181 4982//181
f 4981//180 4986//180 4988//180 4993//180 4995//180 5000//180 5002//180 5007//180 5009//180 5014//180 5016//180 5021//180
f 4983//169 3542//169 4989//169 4985//169
f 3542//179 4991//179 4994//179 4989//179
f 4990//178 3543//178 4996//178 4992//178
f 3543//166 4998//166 5001//166 4996//166
f 4997//186 3544//186 5003//186 4999//186
f 3544//185 5005//185 5008//185 5003//185
f 5004//152 3545//152 5010//152 5006//152
f 3545//184 5012//184 5015//184 5010//184
f 5011//183 3546//183 5017//183 5013//183
f 3546//170 5019//170 5022//170 5017//170
f 5048//182 3547//182 5024//182 5050//182
f 3547//181 3548//181 5026//181 5024//181
f 5023//180 5025//180 5027//180 5029//180 5031//180 5033//180 5035//180 5040//180 5042//180 5044//180 5046//180 5051//180
f 3548//169 3549//169 5028//169 5026//169
f 3549//179 3550//179 5030//179 5028//179
f 3550//178 3551//178 5032//178 5030//178
f 3551//166 3552//166 5034//166 5032//166
f 3552//186 3553//186 5036//186 5034//186
f 3553//185 5038//185 5041//185 5036//185
f 5037//152 3554//152 5043//152 5039//152
f 3554//184 3555//184 5045//184 5043//184
f 3555//183 3556//183 5047//183 5045//183
f 3556//170 5049//170 5052//170 5047//170
f 3566//182 3557//182 5054//182 5082//182
f 3557//181 5056//181 5059//181 5054//181
f 5053//180 5058//180 5060//180 5062//180 5064//180 5069//180 5071//180 5073//180 5075//180 5077//180 5079//180 5081//180
f 5055//169 3558//169 5061//169 5057//169
f 3558//179 3559//179 5063//179 5061//179
f 3559//178 3560//178 5065//178 5063//178
f 3560//166 5067//166 5070//166 5065//166
f 5066//186 3561//186 5072//186 5068//186
f 3561//185 3562//185 5074//185 5072//185
f 3562//152 3563//152 5076//152 5074//152
f 3563//184 3564//184 5078//184 5076//184
f 3564//183 3565//183 5080//183 5078//183
f 3565//170 3566//170 5082//170 5080//170
f 5120//182 3567//182 5084//182 5122//182
f 3567//181 5086//181 5089//181 5084//181
f 5083//180 5088//180 5090//180 5095//180 5097//180 5102//180 5104//180 5109//180 5111//180 5116//180 5118//180 5123//180
f 5085//169 3568//169 5091//169 5087//169
f 3568//179 5093//179 5096//179 5091//179
f 5092//178 3569//178 5098//178 5094//178
f 3569//166 5100//166 5103//166 5098//166
f 5099//186 3570//186 5105//186 5101//186
f 3570//185 5107//185 5110//185 5105//185
f 5106//152 3571//152 5112//152 5108//152
f 3571//184 5114//184 5117//184 5112//184
f 5113//183 3572//183 5119//183 5115//183
f 3572//170 5121//170 5124//170 5119//170
f 5162//182 3573//182 5126//182 5164//182
f 3573//181 5128//181 5131//181 5126//181
f 5125//180 5130//180 5132//180 5137//180 5139//180 5144//180 5146//180 5151//180 5153//180 5158//180 5160//180 5165//180
f 5127//169 3574//169 5133//169 5129//169
f 3574//179 5135//179 5138//179 5133//179
f 5134//178 3575//178 5140//178 5136//178
f 3575//166 5142//166 5145//166 5140//166
f 5141//186 3576//186 5147//186 5143//186
f 3576//185 5149//185 5152//185 5147//185
f 5148//152 3577//152 5154//152 5150//152
f 3577//184 5156//184 5159//184 5154//184
f 5155//183 3578//183 5161//183 5157//183
f 3578//170 5163//170 5166//170 5161//170
f 3588//182 3579//182 5168//182 5196//182
f 3579//181 3580//181 5170//181 5168//181
f 5167//180 5169//180 5174//180 5176//180 5178//180 5180//180 5182//180 5184//180 5186//180 5188//180 5193//180 5195//180
f 3580//169 5172//169 5175//169 5170//169
f 5171//179 3581//179 5177//179 5173//179
f 3581//178 3582//178 5179//178 5177//178
f 3582//166 3583//166 5181//166 5179//166
f 3583//186 3584//186 5183//186 5181//186
f 3584//185 3585//185 5185//185 5183//185
f 3585//152 3586//152 5187//152 5185//152
f 3586//184 3587//184 5189//184 5187//184
f 3587//183 5191//183 5194//183 5189//183
f 5190//170 3588//170 5196//170 5192//170
f 3598//182 3589//182 5198//182 5226//182
f 3589//181 3590//181 5200//181 5198//181
f 5197//180 5199//180 5204//180 5206//180 5208//180 5210//180 5212//180 5214//180 5216//180 5218//180 5223//180 5225//180
f 3590//169 5202//169 5205//169 5200//169
f 5201//179 3591//179 5207//179 5203//179
f 3591//178 3592//178 5209//178 5207//178
f 3592//166 3593//166 5211//166 5209//166
f 3593//186 3594//186 5213//186 5211//186
f 3594//185 3595//185 5215//185 5213//185
f 3595//152 3596//152 5217//152 5215//152
f 3596//184 3597//184 5219//184 5217//184
f 3597//183 5221//183 5224//183 5219//183
f 5220//170 3598//170 5226//170 5222//170
f 3606//182 3599//182 5228//182 5262//182
f 3599//181 5230//181 5233//181 5228//181
f 5227//180 5232//180 5237//180 5239//180 5241//180 5246//180 5248//180 5250//180 5252//180 5254//180 5259//180 5261//180
f 5229//169 5235//169 5238//169 5231//169
f 5234//179 3600//179 5240//179 5236//179
f 3600//178 3601//178 5242//178 5240//178
f 3601//166 5244//166 5247//166 5242//166
f 5243//186 3602//186 5249//186 5245//186
f 3602//185 3603//185 5251//185 5249//185
f 3603//152 3604//152 5253//152 5251//152
f 3604//184 3605//184 5255//184 5253//184
f 3605//183 5257//183 5260//183 5255//183
f 5256//170 3606//170 5262//170 5258//170
f 5300//182 3607//182 5264//182 5302//182
f 3607//181 5266//181 5269//181 5264//181
f 5263//180 5268//180 5270//180 5275//180 5277//180 5282//180 5284//180 5289//180 5291//180 5296//180 5298//180 5303//180
f 5265//169 3608//169 5271//169 5267//169
f 3608//179 5273//179 5276//179 5271//179
f 5272//178 3609//178 5278//178 5274//178
f 3609//166 5280//166 5283//166 5278//166
f 5279//186 3610//186 5285//186 5281//186
f 3610//185 5287//185 5290//185 5285//185
f 5286//152 3611//152 5292//152 5288//152
f 3611//184 5294//184 5297//184 5292//184
f 5293//183 3612//183 5299//183 5295//183
f 3612//170 5301//170 5304//170 5299//170
f 5342//182 3613//182 5306//182 5344//182
f 3613//181 5308//181 5311//181 5306//181
f 5305//180 5310//180 5312//180 5317//180 5319//180 5324//180 5326//180 5331//180 5333//180 5338//180 5340//180 5345//180
f 5307//169 3614//169 5313//169 5309//169
f 3614//179 5315//179 5318//179 5313//179
f 5314//178 3615//178 5320//178 5316//178
f 3615//166 5322//166 5325//166 5320//166
f 5321//186 3616//186 5327//186 5323//186
f 3616//185 5329//185 5332//185 5327//185
f 5328//152 3617//152 5334//152 5330//152
f 3617//184 5336//184 5339//184 5334//184
f 5335//183 3618//183 5341//183 5337//183
f 3618//170 5343//170 5346//170 5341//170
f 3625//182 5348//182 5349//182 5385//182
f 5347//181 3619//181 5353//181 5350//181
f 5351//180 5352//180 5354//180 5359//180 5361//180 5366//180 5368//180 5373//180 5375//180 5380//180 5382//180 5384//180
f 3619//169 3620//169 5355//169 5353//169
f 3620//179 5357//179 5360//179 5355//179
f 5356//178 3621//178 5362//178 5358//178
f 3621//166 5364//166 5367//166 5362//166
f 5363//186 3622//186 5369//186 5365//186
f 3622//185 5371//185 5374//185 5369//185
f 5370//152 3623//152 5376//152 5372//152
f 3623//184 5378//184 5381//184 5376//184
f 5377//183 3624//183 5383//183 5379//183
f 3624//170 3625//170 5385//170 5383//170
f 3630//182 5387//182 5388//182 5430//182
f 5386//181 3626//181 5392//181 5389//181
f 5390//180 5391//180 5396//180 5398//180 5403//180 5408//180 5410//180 5415//180 5420//180 5422//180 5427//180 5429//180
f 3626//169 5394//169 5397//169 5392//169
f 5393//179 3627//179 5399//179 5395//179
f 3627//178 5401//178 5404//178 5399//178
f 5400//166 5406//166 5409//166 5402//166
f 5405//186 3628//186 5411//186 5407//186
f 3628//185 5413//185 5416//185 5411//185
f 5412//152 5418//152 5421//152 5414//152
f 5417//184 3629//184 5423//184 5419//184
f 3629//183 5425//183 5428//183 5423//183
f 5424//170 3630//170 5430//170 5426//170
f 3636//182 5432//182 5433//182 5472//182
f 5431//181 3631//181 5437//181 5434//181
f 5435//180 5436//180 5441//180 5443//180 5448//180 5450//180 5455//180 5457//180 5462//180 5464//180 5469//180 5471//180
f 3631//169 5439//169 5442//169 5437//169
f 5438//179 3632//179 5444//179 5440//179
f 3632//178 5446//178 5449//178 5444//178
f 5445//166 3633//166 5451//166 5447//166
f 3633//186 5453//186 5456//186 5451//186
f 5452//185 3634//185 5458//185 5454//185
f 3634//152 5460//152 5463//152 5458//152
f 5459//184 3635//184 5465//184 5461//184
f 3635//183 5467//183 5470//183 5465//183
f 5466//170 3636//170 5472//170 5468//170
f 3642//182 5474//182 5475//182 5514//182
f 5473//181 3637//181 5479//181 5476//181
f 5477//180 5478//180 5483//180 5485//180 5490//180 5492//180 5497//180 5499//180 5504//180 5506//180 5511//180 5513//180
f 3637//169 5481//169 5484//169 5479//169
f 5480//179 3638//179 5486//179 5482//179
f 3638//178 5488//178 5491//178 5486//178
f 5487//166 3639//166 5493//166 5489//166
f 3639//186 5495//186 5498//186 5493//186
f 5494//185 3640//185 5500//185 5496//185
f 3640//152 5502//152 5505//152 5500//152
f 5501//184 3641//184 5507//184 5503//184
f 3641//183 5509//183 5512//183 5507//183
f 5508//170 3642//170 5514//170 5510//170
f 3648//182 5516//182 5517//182 5556//182
f 5515//181 3643//181 5521//181 5518//181
f 5519//180 5520//180 5525//180 5527//180 5532//180 5534//180 5539//180 5541//180 5546//180 5548//180 5553//180 5555//180
f 3643//169 5523//169 5526//169 5521//169
f 5522//179 3644//179 5528//179 5524//179
f 3644//178 5530//178 5533//178 5528//178
f 5529//166 3645//166 5535//166 5531//166
f 3645//186 5537//186 5540//186 5535//186
f 5536//185 3646//185 5542//185 5538//185
f 3646//152 5544//152 5547//152 5542//152
f 5543//184 3647//184 5549//184 5545//184
f 3647//183 5551//183 5554//183 5549//183
f 5550//170 3648//170 5556//170 5552//170
f 3654//182 5558//182 5559//182 5598//182
f 5557//181 3649//181 5563//181 5560//181
f 5561//180 5562//180 5567//180 5569//180 5574//180 5576//180 5581//180 5583//180 5588//180 5590//180 5595//180 5597//180
f 3649//169 5565//169 5568//169 5563//169
f 5564//179 3650//179 5570//179 5566//179
f 3650//178 5572//178 5575//178 5570//178
f 5571//166 3651//166 5577//166 5573//166
f 3651//186 5579//186 5582//186 5577//186
f 5578//185 3652//185 5584//185 5580//185
f 3652//152 5586//152 5589//152 5584//152
f 5585//184 3653//184 5591//184 5587//184
f 3653//183 5593//183 5596//183 5591//183
f 5592//170 3654//170 5598//170 5594//170
o Crown
v -0.707692 -1.309231 1.415385
v -0.654615 -1.323453 1.415385
v -0.601538 -1.415385 1.415385
v -0.969607 0.654615 1.415385
v -1.592308 -0.176923 1.238462
v -1.592308 -0.530769 1.238462
v -1.238462 -0.530769 1.415385
v -1.238462 -0.176923 1.415385
v -1.061538 0.601538 1.415385
v -1.238462 0.176923 1.415385
v -1.153470 0.654615 1.415385
v -1.167692 0.707692 1.415385
v -1.592308 0.176923 1.238462
v -1.592308 0.530769 1.238462
v -1.061538 0.813846 1.415385
v -0.955385 0.707692 1.415385
v -0.969607 0.300769 1.415385
v -1.061538 0.247692 1.415385
v -1.153470 0.300769 1.415385
v -1.167692 0.353846 1.415385
v -0.884615 -0.530769 1.238462
v -1.153470 0.406923 1.415385
v -1.061538 0.460000 1.415385
v -0.884615 -0.176923 1.238462
v -0.884615 0.176923 1.238462
v -0.969607 0.406923 1.415385
v -0.955385 0.353846 1.415385
v -0.884615 0.530769 1.238462
v -0.969607 -0.053077 1.415385
v -1.061538 -0.106154 1.415385
v -1.238462 0.530769 1.415385
v -1.153470 -0.053077 1.415385
v -1.167692 -0.000000 1.415385
v -1.153470 0.053077 1.415385
v -1.061538 0.106154 1.415385
v -0.969607 0.053077 1.415385
v -0.955385 -0.000000 1.415385
v -0.969607 -0.406923 1.415385
v -1.061538 -0.460000 1.415385
v -1.153470 -0.406923 1.415385
v -0.530769 0.884615 1.238462
v -1.167692 -0.353846 1.415385
v -1.153470 -0.300769 1.415385
v -1.061538 -0.247692 1.415385
v -0.530769 1.592308 1.238462
v -0.969607 -0.300769 1.415385
v -0.955385 -0.353846 1.415385
v -0.530769 -1.592308 1.238461
v -1.061538 -0.813846 1.415385
v -0.530769 -0.884615 1.238462
v -0.530769 -1.238462 1.415385
v -0.176923 0.884615 1.238462
v -1.167692 -0.707692 1.415385
v -1.153470 -0.654615 1.415385
v -0.176923 1.238461 1.415385
v -1.061538 -0.601539 1.415385
v -0.530769 1.238461 1.415385
v -0.969607 -0.654615 1.415385
v -0.955385 -0.707692 1.415385
v -0.176923 -1.592308 1.238461
v -0.176923 -1.238462 1.415385
v -0.176923 -0.884615 1.238462
v -1.061538 -1.167692 1.415385
v -1.167692 -1.061539 1.415385
v -0.176923 1.592308 1.238462
v -1.061538 -0.955385 1.415385
v -0.955385 -1.061539 1.415385
v -1.323453 0.654615 1.415385
v 0.176923 -1.592308 1.238461
v 0.176923 -1.238462 1.415385
v 0.176923 -0.884615 1.238462
v -1.415385 0.601538 1.415385
v -1.507317 0.654615 1.415385
v 0.176923 0.884615 1.238462
v -1.507317 0.760769 1.415385
v 0.530769 1.238461 1.415385
v 0.176923 1.592308 1.238462
v 0.176923 1.238461 1.415385
v -1.415385 0.813846 1.415385
v -1.309231 0.707692 1.415385
v 0.530769 -1.592308 1.238461
v -1.323453 0.300769 1.415385
v 0.530769 -0.884615 1.238462
v -1.415385 0.247692 1.415385
v 0.530769 -1.238462 1.415385
v -1.507317 0.300769 1.415385
v 0.530769 0.884615 1.238462
v -1.507317 0.406923 1.415385
v 0.530769 1.592308 1.238462
v -1.415385 0.460000 1.415385
v -1.323453 0.406923 1.415385
v -1.309231 0.353846 1.415385
v -1.323453 -0.053077 1.415385
v -1.415385 -0.106154 1.415385
v -1.507317 -0.053077 1.415385
v -1.507317 0.053077 1.415385
v 0.884615 -0.530769 1.238462
v 1.238462 -0.176923 1.415385
v -1.415385 0.106154 1.415385
v 0.884615 0.176923 1.238462
v 0.884615 -0.176923 1.238462
v -1.323453 0.053077 1.415385
v -1.309231 -0.000000 1.415385
v -1.323453 -0.406923 1.415385
v -1.415385 -0.460000 1.415385
v 0.884615 0.530769 1.238462
v -1.507317 -0.406923 1.415385
v -1.507317 -0.300769 1.415385
v 1.592308 -0.530769 1.238462
v -1.415385 -0.247692 1.415385
v -1.323453 -0.300769 1.415385
v -1.309231 -0.353846 1.415385
v 1.238462 -0.530769 1.415385
v 1.592308 -0.176923 1.238462
v -1.415385 -0.813846 1.415385
v 1.592308 0.176923 1.238462
v -1.507317 -0.760769 1.415385
v -1.507317 -0.654615 1.415385
v 1.238462 0.176923 1.415385
v 1.238462 0.530769 1.415385
v 1.592308 0.530769 1.238462
v -1.415385 -0.601539 1.415385
v -1.323453 -0.654615 1.415385
v -1.309231 -0.707692 1.415385
v -0.813846 -1.415385 1.415385
v -0.760769 -1.507317 1.415385
v -0.654615 -1.507317 1.415385
v -0.601538 -1.061539 1.415385
v -0.654615 -0.969607 1.415385
v -0.707692 -0.955385 1.415385
v -0.813846 -1.061539 1.415385
v -0.707692 -1.167692 1.415385
v -0.654615 -1.153471 1.415385
v -0.247692 -1.415385 1.415385
v -0.300769 -1.323453 1.415385
v -0.353846 -1.309231 1.415385
v -0.406923 -1.323453 1.415385
v -0.460000 -1.415385 1.415385
v -0.406923 -1.507317 1.415385
v -0.300769 -1.507317 1.415385
v -0.247692 -1.061539 1.415385
v -0.300769 -0.969607 1.415385
v -0.353846 -0.955385 1.415385
v -0.406923 -0.969607 1.415385
v -0.460000 -1.061539 1.415385
v -0.406923 -1.153471 1.415385
v -0.353846 -1.167692 1.415385
v -0.300769 -1.153471 1.415385
v -0.247692 1.415385 1.415385
v -0.300769 1.507316 1.415385
v -0.406923 1.507316 1.415385
v -0.460000 1.415385 1.415385
v -0.406923 1.323453 1.415385
v -0.353846 1.309231 1.415385
v -0.300769 1.323453 1.415385
v 0.106154 -1.415385 1.415385
v 0.053077 -1.323453 1.415385
v 0.000000 -1.309231 1.415385
v -0.053077 -1.323453 1.415385
v -0.106154 -1.415385 1.415385
v -0.053077 -1.507317 1.415385
v 0.053077 -1.507317 1.415385
v 0.106154 -1.061539 1.415385
v 0.053077 -0.969607 1.415385
v 0.000000 -0.955385 1.415385
v -0.053077 -0.969607 1.415385
v -0.106154 -1.061539 1.415385
v -0.053077 -1.153471 1.415385
v -0.000000 -1.167692 1.415385
v 0.053077 -1.153471 1.415385
v 0.106154 1.415385 1.415385
v 0.053077 1.507316 1.415385
v -0.053077 1.507316 1.415385
v -0.106154 1.415385 1.415385
v -0.053077 1.323453 1.415385
v -0.000000 1.309231 1.415385
v 0.053077 1.323453 1.415385
v 0.460000 -1.415385 1.415385
v 0.406923 -1.323453 1.415385
v 0.353846 -1.309231 1.415385
v 0.300769 -1.323453 1.415385
v 0.247692 -1.415385 1.415385
v 0.300769 -1.507317 1.415385
v 0.406923 -1.507317 1.415385
v 0.460000 -1.061539 1.415385
v 0.406923 -0.969607 1.415385
v 0.353846 -0.955385 1.415385
v 0.300769 -0.969607 1.415385
v 0.247692 -1.061539 1.415385
v 0.300769 -1.153471 1.415385
v 0.353846 -1.167692 1.415385
v 0.406923 -1.153471 1.415385
v 0.460000 1.415385 1.415385
v 0.406923 1.507316 1.415385
v 0.300769 1.507316 1.415385
v 0.247692 1.415385 1.415385
v 0.300769 1.323453 1.415385
v 0.353846 1.309231 1.415385
v 0.406923 1.323453 1.415385
v 0.813846 -1.415385 1.415385
v 0.707692 -1.309231 1.415385
v 0.654615 -1.323453 1.415385
v 0.601538 -1.415385 1.415385
v 0.654615 -1.507317 1.415385
v 0.760769 -1.507317 1.415385
v 0.813846 -1.061539 1.415385
v 0.707692 -0.955385 1.415385
v 0.654615 -0.969607 1.415385
v 0.601538 -1.061539 1.415385
v 0.654615 -1.153471 1.415385
v 0.707692 -1.167692 1.415385
v 1.167692 -1.061539 1.415385
v 1.061538 -0.955385 1.415385
v 0.955385 -1.061539 1.415385
v 1.061538 -1.167692 1.415385
v 1.167692 -0.707692 1.415385
v 1.153470 -0.654615 1.415385
v 1.061538 -0.601539 1.415385
v 0.969607 -0.654615 1.415385
v 0.955385 -0.707692 1.415385
v 1.061538 -0.813846 1.415385
v 1.167692 -0.353846 1.415385
v 1.153470 -0.300769 1.415385
v 1.061538 -0.247692 1.415385
v 0.969607 -0.300769 1.415385
v 0.955385 -0.353846 1.415385
v 0.969607 -0.406923 1.415385
v 1.061538 -0.460000 1.415385
v 1.153470 -0.406923 1.415385
v 1.167692 -0.000000 1.415385
v 1.153470 0.053077 1.415385
v 1.061538 0.106154 1.415385
v 0.969607 0.053077 1.415385
v 0.955385 -0.000000 1.415385
v 0.969607 -0.053077 1.415385
v 1.061538 -0.106154 1.415385
v 1.153470 -0.053077 1.415385
v 1.167692 0.353846 1.415385
v 1.153470 0.406923 1.415385
v 1.061538 0.460000 1.415385
v 0.969607 0.406923 1.415385
v 0.955385 0.353846 1.415385
v 0.969607 0.300769 1.415385
v 1.061538 0.247692 1.415385
v 1.153470 0.300769 1.415385
v 1.167692 0.707692 1.415385
v 1.061538 0.813846 1.415385
v 0.955385 0.707692 1.415385
v 0.969607 0.654615 1.415385
v 1.061538 0.601538 1.415385
v 1.153470 0.654615 1.415385
v 1.507317 -0.654615 1.415385
v 1.415385 -0.601539 1.415385
v 1.323453 -0.654615 1.415385
v 1.309231 -0.707692 1.415385
v 1.415385 -0.813846 1.415385
v 1.507317 -0.760769 1.415385
v 1.507317 -0.300769 1.415385
v 1.415385 -0.247692 1.415385
v 1.323453 -0.300769 1.415385
v 1.309231 -0.353846 1.415385
v 1.323453 -0.406923 1.415385
v 1.415385 -0.460000 1.415385
v 1.507317 -0.406923 1.415385
v 1.507317 0.053077 1.415385
v 1.415385 0.106154 1.415385
v 1.323453 0.053077 1.415385
v 1.309231 -0.000000 1.415385
v 1.323453 -0.053077 1.415385
v 1.415385 -0.106154 1.415385
v 1.507317 -0.053077 1.415385
v 1.507317 0.406923 1.415385
v 1.415385 0.460000 1.415385
v 1.323453 0.406923 1.415385
v 1.309231 0.353846 1.415385
v 1.323453 0.300769 1.415385
v 1.415385 0.247692 1.415385
v 1.507317 0.300769 1.415385
v 1.507317 0.760769 1.415385
v 1.415385 0.813846 1.415385
v 1.309231 0.707692 1.415385
v 1.323453 0.654615 1.415385
v 1.415385 0.601538 1.415385
v 1.507317 0.654615 1.415385
v -0.707692 -1.327547 1.479077
v -0.707692 -1.309231 1.461385
v -0.663774 -1.339315 1.479077
v -0.654615 -1.323453 1.461385
v -1.574615 -0.884615 1.238462
v -1.592308 -0.866923 1.238462
v -1.238462 -0.902308 1.238462
v -1.256154 -0.884615 1.238462
v -0.628271 -1.349797 1.461385
v -0.631623 -1.371466 1.479077
v -0.611181 -1.379397 1.461384
v -0.628271 -1.349797 1.415385
v -0.611181 -1.379397 1.415385
v -1.574615 -0.866923 1.415385
v -1.592308 -0.866923 1.397692
v -1.574615 -0.884615 1.397692
v -0.619855 -1.415385 1.479077
v -0.601538 -1.415385 1.461384
v -1.574615 -0.530769 1.415385
v -1.592308 -0.530769 1.397692
v -0.985469 0.663774 1.479077
v -0.969607 0.654615 1.461385
v -0.995951 0.628271 1.461385
v -1.017620 0.631623 1.479077
v -1.025551 0.611181 1.461385
v -0.995951 0.628271 1.415385
v -1.025551 0.611181 1.415385
v -1.061538 0.619855 1.479077
v -1.061538 0.601538 1.461385
v -1.097526 0.611181 1.461385
v -1.105457 0.631623 1.479077
v -1.127126 0.628271 1.461385
v -1.097526 0.611181 1.415385
v -1.127126 0.628271 1.415385
v -1.574615 -0.176923 1.415385
v -1.592308 -0.176923 1.397692
v -1.137608 0.663774 1.479077
v -1.153470 0.654615 1.461385
v -1.149376 0.707692 1.479077
v -1.167692 0.707692 1.461385
v -1.158049 0.743680 1.461385
v -1.137608 0.751611 1.479077
v -1.140960 0.773280 1.461385
v -1.574615 0.176923 1.415385
v -1.592308 0.176923 1.397692
v -1.158049 0.743680 1.415385
v -1.140960 0.773280 1.415385
v -1.127126 0.787114 1.461385
v -1.105457 0.783762 1.479077
v -1.097526 0.804203 1.461385
v -1.127126 0.787114 1.415385
v -1.097526 0.804203 1.415385
v -1.592308 0.530769 1.397692
v -1.574615 0.530769 1.415385
v -1.574615 0.866923 1.415385
v -1.574615 0.884615 1.397692
v -1.592308 0.866923 1.397692
v -1.592308 0.866923 1.238462
v -1.574615 0.884615 1.238462
v -1.061538 0.795530 1.479077
v -1.061538 0.813846 1.461385
v -1.025551 0.804203 1.461385
v -1.017620 0.783762 1.479077
v -0.995951 0.787114 1.461385
v -1.025551 0.804203 1.415385
v -0.995951 0.787114 1.415385
v -0.982117 0.773280 1.461385
v -0.985469 0.751611 1.479077
v -0.965028 0.743680 1.461385
v -0.982117 0.773280 1.415385
v -0.965028 0.743680 1.415385
v -0.973701 0.707692 1.479077
v -0.955385 0.707692 1.461385
v -0.985469 0.309927 1.479077
v -0.969607 0.300769 1.461385
v -0.995951 0.274425 1.461385
v -1.017620 0.277777 1.479077
v -1.025551 0.257335 1.461385
v -0.995951 0.274425 1.415385
v -1.025551 0.257335 1.415385
v -0.884615 -1.256154 1.238462
v -0.902308 -1.238462 1.238462
v -1.061538 0.266009 1.479077
v -1.061538 0.247692 1.461385
v -1.220769 -1.238462 1.397692
v -1.220769 -1.220769 1.415385
v -1.238462 -1.220769 1.397692
v -1.220769 -1.238462 1.238462
v -1.238462 -1.220769 1.238462
v -1.097526 0.257335 1.461385
v -1.105457 0.277777 1.479077
v -1.127126 0.274425 1.461385
v -1.097526 0.257335 1.415385
v -1.127126 0.274425 1.415385
v -1.137608 0.309927 1.479077
v -1.153470 0.300769 1.461385
v -0.884615 -0.866923 1.238462
v -0.866923 -0.884615 1.238462
v -0.884615 -0.530769 1.397692
v -0.902308 -0.530769 1.415385
v -1.149376 0.353846 1.479077
v -1.167692 0.353846 1.461385
v -1.238462 -0.902308 1.397692
v -1.220769 -0.866923 1.415385
v -1.256154 -0.884615 1.397692
v -0.866923 -0.884615 1.397692
v -0.884615 -0.866923 1.397692
v -0.902308 -0.902308 1.415385
v -1.137608 0.397765 1.479077
v -1.153470 0.406923 1.461385
v -1.127126 0.433268 1.461385
v -1.105457 0.429916 1.479077
v -1.097526 0.450357 1.461385
v -1.127126 0.433268 1.415385
v -1.097526 0.450357 1.415385
v -1.061538 0.441684 1.479077
v -1.061538 0.460000 1.461385
v -0.884615 -0.176923 1.397692
v -0.902308 -0.176923 1.415385
v -1.025551 0.450357 1.461385
v -1.017620 0.429916 1.479077
v -0.995951 0.433268 1.461385
v -1.025551 0.450357 1.415385
v -0.995951 0.433268 1.415385
v -0.985469 0.397765 1.479077
v -0.969607 0.406923 1.461385
v -0.955385 0.353846 1.461385
v -0.973701 0.353846 1.479077
v -0.884615 0.176923 1.397692
v -0.902308 0.176923 1.415385
v -0.985469 -0.043919 1.479077
v -0.969607 -0.053077 1.461385
v -0.995951 -0.079422 1.461385
v -1.017620 -0.076070 1.479077
v -1.025551 -0.096511 1.461385
v -0.995951 -0.079422 1.415385
v -1.025551 -0.096511 1.415385
v -1.061538 -0.087837 1.479077
v -1.061538 -0.106154 1.461385
v -1.097526 -0.096511 1.461385
v -1.105457 -0.076070 1.479077
v -1.127126 -0.079422 1.461385
v -1.097526 -0.096511 1.415385
v -1.127126 -0.079422 1.415385
v -1.137608 -0.043919 1.479077
v -1.153470 -0.053077 1.461385
v -1.149376 -0.000000 1.479077
v -1.167692 -0.000000 1.461385
v -0.902308 0.530769 1.415385
v -0.884615 0.530769 1.397692
v -0.884615 0.866923 1.397692
v -0.866923 0.884615 1.397692
v -0.902308 0.902308 1.415385
v -1.137608 0.043919 1.479077
v -1.153470 0.053077 1.461385
v -1.127126 0.079422 1.461385
v -1.105457 0.076069 1.479077
v -1.097526 0.096511 1.461385
v -1.256154 0.884615 1.238462
v -1.238462 0.902308 1.238462
v -1.238462 1.220769 1.238462
v -1.220769 1.238462 1.238462
v -1.127126 0.079422 1.415385
v -1.097526 0.096511 1.415385
v -1.061538 0.087837 1.479077
v -1.061538 0.106154 1.461385
v -1.238462 0.902308 1.397692
v -1.256154 0.884615 1.397692
v -1.220769 0.866923 1.415385
v -1.025551 0.096511 1.461385
v -1.017620 0.076069 1.479077
v -0.995951 0.079422 1.461385
v -0.866923 1.220769 1.415385
v -0.884615 1.256154 1.397692
v -0.902308 1.238461 1.397692
v -1.238462 1.220769 1.397692
v -1.220769 1.220769 1.415385
v -1.220769 1.238461 1.397692
v -1.025551 0.096511 1.415385
v -0.995951 0.079422 1.415385
v -0.985469 0.043919 1.479077
v -0.969607 0.053077 1.461385
v -0.955385 -0.000000 1.461385
v -0.973701 -0.000000 1.479077
v -0.530769 -1.592308 1.397692
v -0.530769 -1.574615 1.415385
v -0.866923 -1.574615 1.415385
v -0.884615 -1.574615 1.397692
v -0.866923 -1.592308 1.397692
v -0.866923 -1.592308 1.238461
v -0.884615 -1.574615 1.238461
v -0.985469 -0.397765 1.479077
v -0.969607 -0.406923 1.461385
v -0.995951 -0.433268 1.461385
v -1.017620 -0.429916 1.479077
v -1.025551 -0.450357 1.461385
v -0.884615 -1.256154 1.397692
v -0.866923 -1.220769 1.415385
v -0.902308 -1.238462 1.397692
v -0.995951 -0.433268 1.415385
v -1.025551 -0.450357 1.415385
v -1.061538 -0.441684 1.479077
v -1.061538 -0.460000 1.461385
v -1.097526 -0.450357 1.461385
v -1.105457 -0.429916 1.479077
v -1.127126 -0.433268 1.461385
v -1.097526 -0.450357 1.415385
v -1.127126 -0.433268 1.415385
v -1.137608 -0.397765 1.479077
v -1.153470 -0.406923 1.461385
v -1.149376 -0.353846 1.479077
v -1.167692 -0.353846 1.461385
v -0.530769 0.884615 1.397692
v -0.530769 0.902308 1.415385
v -0.866923 0.884615 1.238462
v -0.884615 0.866923 1.238462
v -1.137608 -0.309928 1.479077
v -1.153470 -0.300769 1.461385
v -1.127126 -0.274425 1.461385
v -1.105457 -0.277777 1.479077
v -1.097526 -0.257335 1.461385
v -1.127126 -0.274425 1.415385
v -1.097526 -0.257335 1.415385
v -1.061538 -0.266009 1.479077
v -1.061538 -0.247692 1.461385
v -0.884615 1.574615 1.238462
v -0.866923 1.592308 1.238462
v -0.902308 1.238462 1.238462
v -0.884615 1.256154 1.238462
v -1.025551 -0.257335 1.461385
v -1.017620 -0.277777 1.479077
v -0.995951 -0.274425 1.461385
v -0.866923 1.574615 1.415385
v -0.866923 1.592308 1.397692
v -0.884615 1.574615 1.397692
v -1.025551 -0.257335 1.415385
v -0.995951 -0.274425 1.415385
v -0.985469 -0.309928 1.479077
v -0.969607 -0.300769 1.461385
v -0.955385 -0.353846 1.461385
v -0.973701 -0.353846 1.479077
v -0.965028 -0.743680 1.461385
v -0.985469 -0.751611 1.479077
v -0.982117 -0.773280 1.461385
v -0.965028 -0.743680 1.415385
v -0.982117 -0.773280 1.415385
v -0.995951 -0.787114 1.461385
v -1.017620 -0.783762 1.479077
v -1.025551 -0.804203 1.461385
v -0.995951 -0.787114 1.415385
v -1.025551 -0.804203 1.415385
v -0.176923 -1.592308 1.397692
v -0.176923 -1.574615 1.415385
v -1.061538 -0.795530 1.479077
v -1.061538 -0.813846 1.461385
v -0.530769 -0.902308 1.415385
v -0.530769 -0.884615 1.397692
v -1.097526 -0.804203 1.461385
v -1.105457 -0.783762 1.479077
v -1.127126 -0.787114 1.461385
v -1.097526 -0.804203 1.415385
v -1.127126 -0.787114 1.415385
v -1.140960 -0.773280 1.461385
v -1.137608 -0.751611 1.479077
v -1.158049 -0.743680 1.461385
v -1.140960 -0.773280 1.415385
v -1.158049 -0.743680 1.415385
v -1.149376 -0.707692 1.479077
v -1.167692 -0.707692 1.461385
v -1.137608 -0.663774 1.479077
v -1.153470 -0.654615 1.461385
v -1.127126 -0.628271 1.461385
v -1.105457 -0.631623 1.479077
v -1.097526 -0.611181 1.461385
v -1.127126 -0.628271 1.415385
v -1.097526 -0.611181 1.415385
v -1.061538 -0.619855 1.479077
v -1.061538 -0.601539 1.461385
v -1.025551 -0.611181 1.461385
v -1.017620 -0.631623 1.479077
v -0.995951 -0.628271 1.461385
v -0.176923 1.574615 1.415385
v -0.176923 1.592308 1.397692
v -1.025551 -0.611181 1.415385
v -0.995951 -0.628271 1.415385
v -0.985469 -0.663774 1.479077
v -0.969607 -0.654615 1.461385
v -0.530769 1.574615 1.415385
v -0.530769 1.592308 1.397692
v -0.955385 -0.707692 1.461385
v -0.973701 -0.707692 1.479077
v -0.965028 -1.097526 1.461385
v -0.985469 -1.105457 1.479077
v -0.982117 -1.127126 1.461385
v -0.965028 -1.097526 1.415385
v -0.982117 -1.127126 1.415385
v -0.995951 -1.140960 1.461385
v -1.017620 -1.137608 1.479077
v -1.025551 -1.158050 1.461385
v -0.995951 -1.140960 1.415385
v -1.025551 -1.158050 1.415385
v -0.176923 -0.902308 1.415385
v -0.176923 -0.884615 1.397692
v -1.061538 -1.149376 1.479077
v -1.061538 -1.167692 1.461385
v -1.097526 -1.158050 1.461385
v -1.105457 -1.137608 1.479077
v -1.127126 -1.140960 1.461385
v -1.097526 -1.158050 1.415385
v -1.127126 -1.140960 1.415385
v -1.140960 -1.127126 1.461385
v -1.137608 -1.105457 1.479077
v -1.158049 -1.097526 1.461385
v -1.140960 -1.127126 1.415385
v -1.158049 -1.097526 1.415385
v -1.149376 -1.061539 1.479077
v -1.167692 -1.061539 1.461385
v -1.158049 -1.025551 1.461385
v -1.137608 -1.017620 1.479077
v -1.140960 -0.995951 1.461385
v -1.158049 -1.025551 1.415385
v -1.140960 -0.995951 1.415385
v -0.176923 0.884615 1.397692
v -0.176923 0.902308 1.415385
v -1.127126 -0.982117 1.461385
v -1.105457 -0.985469 1.479077
v -1.097526 -0.965028 1.461385
v -1.127126 -0.982117 1.415385
v -1.097526 -0.965028 1.415385
v -1.061538 -0.973701 1.479077
v -1.061538 -0.955385 1.461385
v -1.025551 -0.965028 1.461385
v -1.017620 -0.985469 1.479077
v -0.995951 -0.982117 1.461385
v -1.025551 -0.965028 1.415385
v -0.995951 -0.982117 1.415385
v -0.982117 -0.995951 1.461385
v -0.985469 -1.017620 1.479077
v -0.965028 -1.025551 1.461385
v -0.982117 -0.995951 1.415385
v -0.965028 -1.025551 1.415385
v -0.955385 -1.061539 1.461385
v -0.973701 -1.061539 1.479077
v -1.339315 0.663774 1.479077
v -1.323453 0.654615 1.461385
v 0.176923 -1.592308 1.397692
v 0.176923 -1.574615 1.415385
v -1.349797 0.628271 1.461385
v -1.371466 0.631623 1.479077
v -1.379397 0.611181 1.461385
v -1.349797 0.628271 1.415385
v -1.379397 0.611181 1.415385
v -1.415385 0.619855 1.479077
v -1.415385 0.601538 1.461385
v 0.176923 -0.902308 1.415385
v 0.176923 -0.884615 1.397692
v -1.451372 0.611181 1.461385
v -1.459303 0.631623 1.479077
v -1.480972 0.628271 1.461385
v -1.451372 0.611181 1.415385
v -1.480972 0.628271 1.415385
v -1.491454 0.663774 1.479077
v -1.507317 0.654615 1.461385
v -1.516959 0.690603 1.461385
v -1.503222 0.707692 1.479077
v -1.516959 0.724782 1.461385
v -1.516959 0.690603 1.415385
v -1.516959 0.724782 1.415385
v 0.530769 0.884615 1.397692
v 0.530769 0.902308 1.415385
v 0.176923 0.902308 1.415385
v 0.176923 0.884615 1.397692
v -1.491454 0.751611 1.479077
v -1.507317 0.760769 1.461385
v -1.480972 0.787114 1.461385
v -1.459303 0.783762 1.479077
v -1.451372 0.804203 1.461385
v 0.176923 1.574615 1.415385
v 0.176923 1.592308 1.397692
v -1.480972 0.787114 1.415385
v -1.451372 0.804203 1.415385
v -1.415385 0.795530 1.479077
v -1.415385 0.813846 1.461385
v -1.379397 0.804203 1.461385
v -1.371466 0.783762 1.479077
v -1.349797 0.787114 1.461385
v -1.379397 0.804203 1.415385
v -1.349797 0.787114 1.415385
v 0.884615 -1.574615 1.238461
v 0.866923 -1.592308 1.238461
v -1.335963 0.773280 1.461385
v -1.339315 0.751611 1.479077
v -1.318874 0.743680 1.461385
v 0.902308 -1.238462 1.397692
v 0.866923 -1.220769 1.415385
v 0.884615 -1.256154 1.397692
v -1.335963 0.773280 1.415385
v -1.318874 0.743680 1.415385
v -1.309231 0.707692 1.461385
v -1.327547 0.707692 1.479077
v 0.866923 -1.592308 1.397692
v 0.884615 -1.574615 1.397692
v 0.866923 -1.574615 1.415385
v 0.530769 -1.592308 1.397692
v 0.530769 -1.574615 1.415385
v -1.339315 0.309927 1.479077
v -1.323453 0.300769 1.461385
v -1.349797 0.274425 1.461385
v -1.371466 0.277777 1.479077
v -1.379397 0.257335 1.461385
v -1.349797 0.274425 1.415385
v -1.379397 0.257335 1.415385
v -1.415385 0.266009 1.479077
v -1.415385 0.247692 1.461385
v -1.451372 0.257335 1.461385
v -1.459303 0.277777 1.479077
v -1.480972 0.274424 1.461385
v -1.451372 0.257335 1.415385
v -1.480972 0.274425 1.415385
v 0.530769 -0.902308 1.415385
v 0.530769 -0.884615 1.397692
v 0.884615 0.866923 1.238462
v 0.866923 0.884615 1.238462
v -1.491454 0.309927 1.479077
v -1.507317 0.300769 1.461385
v -1.516959 0.336757 1.461385
v -1.503222 0.353846 1.479077
v -1.516959 0.370936 1.461385
v -1.516959 0.336757 1.415385
v -1.516959 0.370936 1.415385
v -1.491454 0.397765 1.479077
v -1.507317 0.406923 1.461385
v -1.480972 0.433268 1.461385
v -1.459303 0.429916 1.479077
v -1.451372 0.450357 1.461385
v 0.866923 1.592308 1.238462
v 0.884615 1.574615 1.238462
v 0.866923 1.592308 1.397692
v 0.866923 1.574615 1.415385
v 0.884615 1.574615 1.397692
v -1.480972 0.433268 1.415385
v -1.451372 0.450357 1.415385
v -1.415385 0.441684 1.479077
v -1.415385 0.460000 1.461385
v -1.379397 0.450357 1.461385
v -1.371466 0.429916 1.479077
v -1.349797 0.433268 1.461385
v -1.379397 0.450357 1.415385
v -1.349797 0.433268 1.415385
v -1.339315 0.397765 1.479077
v -1.323453 0.406923 1.461385
v 0.530769 1.574615 1.415385
v 0.530769 1.592308 1.397692
v 1.238462 -1.220769 1.238462
v 1.220769 -1.238462 1.238462
v 1.256154 -0.884615 1.238462
v 1.238462 -0.902308 1.238462
v -1.309231 0.353846 1.461385
v -1.327547 0.353846 1.479077
v 1.220769 -1.238462 1.397692
v 1.238462 -1.220769 1.397692
v 1.220769 -1.220769 1.415385
v -1.339315 -0.043919 1.479077
v -1.323453 -0.053077 1.461385
v 0.902308 -1.238462 1.238462
v 0.884615 -1.256154 1.238462
v -1.349797 -0.079422 1.461385
v -1.371466 -0.076070 1.479077
v -1.379397 -0.096511 1.461385
v -1.349797 -0.079422 1.415385
v -1.379397 -0.096511 1.415385
v -1.415385 -0.087837 1.479077
v -1.415385 -0.106154 1.461385
v -1.451372 -0.096511 1.461385
v -1.459303 -0.076070 1.479077
v -1.480972 -0.079422 1.461385
v 0.902308 -0.530769 1.415385
v 0.884615 -0.530769 1.397692
v -1.451372 -0.096511 1.415385
v -1.480972 -0.079422 1.415385
v 0.866923 -0.884615 1.238462
v 0.884615 -0.866923 1.238462
v 0.902308 -0.902308 1.415385
v 0.884615 -0.866923 1.397692
v 0.866923 -0.884615 1.397692
v -1.491454 -0.043919 1.479077
v -1.507317 -0.053077 1.461385
v -1.516959 -0.017090 1.461385
v -1.503222 -0.000000 1.479077
v -1.516959 0.017089 1.461385
v -1.516959 -0.017090 1.415385
v -1.516959 0.017089 1.415385
v -1.491454 0.043919 1.479077
v -1.507317 0.053077 1.461385
v -1.480972 0.079422 1.461385
v -1.459303 0.076069 1.479077
v -1.451372 0.096511 1.461385
v -1.480972 0.079422 1.415385
v -1.451372 0.096511 1.415385
v 0.902308 -0.176923 1.415385
v 0.884615 -0.176923 1.397692
v -1.415385 0.087837 1.479077
v -1.415385 0.106154 1.461385
v -1.379397 0.096511 1.461385
v -1.371466 0.076069 1.479077
v -1.349797 0.079422 1.461385
v -1.379397 0.096511 1.415385
v -1.349797 0.079422 1.415385
v -1.339315 0.043919 1.479077
v -1.323453 0.053077 1.461385
v 0.902308 0.176923 1.415385
v 0.884615 0.176923 1.397692
v -1.309231 -0.000000 1.461385
v -1.327547 -0.000000 1.479077
v -1.339315 -0.397765 1.479077
v -1.323453 -0.406923 1.461385
v -1.349797 -0.433268 1.461385
v -1.371466 -0.429916 1.479077
v -1.379397 -0.450357 1.461385
v -1.349797 -0.433268 1.415385
v -1.379397 -0.450357 1.415385
v 0.902308 0.530769 1.415385
v 0.884615 0.530769 1.397692
v -1.415385 -0.441684 1.479077
v -1.415385 -0.460000 1.461385
v -1.451372 -0.450357 1.461385
v -1.459303 -0.429916 1.479077
v -1.480972 -0.433268 1.461385
v -1.451372 -0.450357 1.415385
v -1.480972 -0.433268 1.415385
v -1.491454 -0.397765 1.479077
v -1.507317 -0.406923 1.461385
v 0.884615 0.866923 1.397692
v 0.902308 0.902308 1.415385
v 0.866923 0.884615 1.397692
v 1.238462 0.902308 1.238462
v 1.256154 0.884615 1.238462
v -1.516959 -0.370936 1.461385
v -1.503222 -0.353846 1.479077
v -1.516959 -0.336757 1.461385
v -1.516959 -0.370936 1.415385
v -1.516959 -0.336757 1.415385
v -1.491454 -0.309928 1.479077
v -1.507317 -0.300769 1.461385
v 0.884615 1.256154 1.238462
v 0.902308 1.238462 1.238462
v 1.220769 1.238461 1.397692
v 1.220769 1.220769 1.415385
v 1.238462 1.220769 1.397692
v 1.220769 1.238462 1.238462
v 1.238462 1.220769 1.238462
v -1.480972 -0.274425 1.461385
v -1.459303 -0.277777 1.479077
v -1.451372 -0.257335 1.461385
v -1.480972 -0.274425 1.415385
v -1.451372 -0.257335 1.415385
v -1.415385 -0.266009 1.479077
v -1.415385 -0.247692 1.461385
v 0.902308 1.238461 1.397692
v 0.884615 1.256154 1.397692
v 0.866923 1.220769 1.415385
v 1.592308 -0.866923 1.238462
v 1.574615 -0.884615 1.238462
v -1.379397 -0.257335 1.461385
v -1.371466 -0.277777 1.479077
v -1.349797 -0.274425 1.461385
v -1.379397 -0.257335 1.415385
v -1.349797 -0.274425 1.415385
v 1.574615 -0.866923 1.415385
v 1.574615 -0.884615 1.397692
v 1.592308 -0.866923 1.397692
v 1.220769 -0.866923 1.415385
v 1.238462 -0.902308 1.397692
v 1.256154 -0.884615 1.397692
v -1.339315 -0.309928 1.479077
v -1.323453 -0.300769 1.461385
v -1.309231 -0.353846 1.461385
v -1.327547 -0.353846 1.479077
v -1.318874 -0.743680 1.461385
v -1.339315 -0.751611 1.479077
v -1.335963 -0.773280 1.461385
v -1.318874 -0.743680 1.415385
v -1.335963 -0.773280 1.415385
v 1.592308 -0.530769 1.397692
v 1.574615 -0.530769 1.415385
v -1.349797 -0.787114 1.461385
v -1.371466 -0.783762 1.479077
v -1.379397 -0.804203 1.461385
v -1.349797 -0.787114 1.415385
v -1.379397 -0.804203 1.415385
v 1.592308 -0.176923 1.397692
v 1.574615 -0.176923 1.415385
v -1.415385 -0.795530 1.479077
v -1.415385 -0.813846 1.461385
v -1.451372 -0.804203 1.461385
v -1.459303 -0.783762 1.479077
v -1.480972 -0.787114 1.461385
v -1.451372 -0.804203 1.415385
v -1.480972 -0.787114 1.415385
v -1.491454 -0.751611 1.479077
v -1.507317 -0.760769 1.461385
v -1.516959 -0.724782 1.461385
v -1.503222 -0.707692 1.479077
v -1.516959 -0.690603 1.461385
v -1.516959 -0.724782 1.415385
v -1.516959 -0.690603 1.415385
v -1.491454 -0.663774 1.479077
v -1.507317 -0.654615 1.461385
v -1.480972 -0.628271 1.461385
v -1.459303 -0.631623 1.479077
v -1.451372 -0.611181 1.461385
v 1.592308 0.176923 1.397692
v 1.574615 0.176923 1.415385
v -1.480972 -0.628271 1.415385
v -1.451372 -0.611181 1.415385
v 1.592308 0.530769 1.397692
v 1.574615 0.530769 1.415385
v -1.415385 -0.619855 1.479077
v -1.415385 -0.601539 1.461385
v 1.574615 0.884615 1.397692
v 1.574615 0.866923 1.415385
v 1.592308 0.866923 1.397692
v -1.379397 -0.611181 1.461385
v -1.371466 -0.631623 1.479077
v -1.349797 -0.628271 1.461385
v 1.256154 0.884615 1.397692
v 1.238462 0.902308 1.397692
v 1.220769 0.866923 1.415385
v -1.379397 -0.611181 1.415385
v -1.349797 -0.628271 1.415385
v 1.574615 0.884615 1.238462
v 1.592308 0.866923 1.238462
v -1.339315 -0.663774 1.479077
v -1.323453 -0.654615 1.461385
v -1.309231 -0.707692 1.461385
v -1.327547 -0.707692 1.479077
v -0.773280 -1.335963 1.415385
v -0.743680 -1.318874 1.415385
v -0.773280 -1.335963 1.461385
v -0.751611 -1.339315 1.479077
v -0.743680 -1.318874 1.461385
v -0.804203 -1.379397 1.415385
v -0.787114 -1.349797 1.415385
v -0.804203 -1.379397 1.461384
v -0.783762 -1.371466 1.479077
v -0.787114 -1.349797 1.461385
v -0.795530 -1.415385 1.479077
v -0.813846 -1.415385 1.461384
v -0.787114 -1.480972 1.415385
v -0.804203 -1.451372 1.415385
v -0.787114 -1.480972 1.461384
v -0.783762 -1.459303 1.479077
v -0.804203 -1.451372 1.461384
v -0.751611 -1.491454 1.479077
v -0.760769 -1.507317 1.461384
v -0.690603 -1.516960 1.415385
v -0.724782 -1.516960 1.415385
v -0.690603 -1.516960 1.461384
v -0.707692 -1.503222 1.479077
v -0.724782 -1.516960 1.461384
v -0.663774 -1.491454 1.479077
v -0.654615 -1.507317 1.461384
v -0.611181 -1.451372 1.415385
v -0.628271 -1.480972 1.415385
v -0.611181 -1.451372 1.461384
v -0.631623 -1.459303 1.479077
v -0.628271 -1.480972 1.461384
v -0.619855 -1.061539 1.479077
v -0.601538 -1.061539 1.461385
v -0.628271 -0.995951 1.415385
v -0.611181 -1.025551 1.415385
v -0.628271 -0.995951 1.461385
v -0.631623 -1.017620 1.479077
v -0.611181 -1.025551 1.461385
v -0.663774 -0.985469 1.479077
v -0.654615 -0.969607 1.461385
v -0.707692 -0.973701 1.479077
v -0.707692 -0.955385 1.461385
v -0.773280 -0.982117 1.415385
v -0.743680 -0.965028 1.415385
v -0.773280 -0.982117 1.461385
v -0.751611 -0.985469 1.479077
v -0.743680 -0.965028 1.461385
v -0.804203 -1.025551 1.415385
v -0.787114 -0.995951 1.415385
v -0.804203 -1.025551 1.461385
v -0.783762 -1.017620 1.479077
v -0.787114 -0.995951 1.461385
v -0.795530 -1.061539 1.479077
v -0.813846 -1.061539 1.461385
v -0.787114 -1.127126 1.415385
v -0.804203 -1.097526 1.415385
v -0.787114 -1.127126 1.461385
v -0.783762 -1.105457 1.479077
v -0.804203 -1.097526 1.461385
v -0.743680 -1.158050 1.415385
v -0.773280 -1.140960 1.415385
v -0.743680 -1.158050 1.461385
v -0.751611 -1.137608 1.479077
v -0.773280 -1.140960 1.461385
v -0.707692 -1.149376 1.479077
v -0.707692 -1.167692 1.461385
v -0.663774 -1.137608 1.479077
v -0.654615 -1.153471 1.461385
v -0.611181 -1.097526 1.415385
v -0.628271 -1.127126 1.415385
v -0.611181 -1.097526 1.461385
v -0.631623 -1.105457 1.479077
v -0.628271 -1.127126 1.461385
v -0.266009 -1.415385 1.479077
v -0.247692 -1.415385 1.461384
v -0.274425 -1.349797 1.415385
v -0.257335 -1.379397 1.415385
v -0.274425 -1.349797 1.461385
v -0.277777 -1.371466 1.479077
v -0.257335 -1.379397 1.461384
v -0.309927 -1.339315 1.479077
v -0.300769 -1.323453 1.461385
v -0.353846 -1.327547 1.479077
v -0.353846 -1.309231 1.461385
v -0.397765 -1.339315 1.479077
v -0.406923 -1.323453 1.461385
v -0.450357 -1.379397 1.415385
v -0.433268 -1.349797 1.415385
v -0.450357 -1.379397 1.461384
v -0.429916 -1.371466 1.479077
v -0.433268 -1.349797 1.461385
v -0.441684 -1.415385 1.479077
v -0.460000 -1.415385 1.461384
v -0.433268 -1.480972 1.415385
v -0.450357 -1.451372 1.415385
v -0.433268 -1.480972 1.461384
v -0.429916 -1.459303 1.479077
v -0.450357 -1.451372 1.461384
v -0.397765 -1.491454 1.479077
v -0.406923 -1.507317 1.461384
v -0.336757 -1.516960 1.415385
v -0.370936 -1.516960 1.415385
v -0.336757 -1.516960 1.461384
v -0.353846 -1.503222 1.479077
v -0.370936 -1.516960 1.461384
v -0.309927 -1.491454 1.479077
v -0.300769 -1.507317 1.461384
v -0.257335 -1.451372 1.415385
v -0.274425 -1.480972 1.415385
v -0.257335 -1.451372 1.461384
v -0.277777 -1.459303 1.479077
v -0.274425 -1.480972 1.461384
v -0.266009 -1.061539 1.479077
v -0.247692 -1.061539 1.461385
v -0.274425 -0.995951 1.415385
v -0.257335 -1.025551 1.415385
v -0.274425 -0.995951 1.461385
v -0.277777 -1.017620 1.479077
v -0.257335 -1.025551 1.461385
v -0.309927 -0.985469 1.479077
v -0.300769 -0.969607 1.461385
v -0.353846 -0.973701 1.479077
v -0.353846 -0.955385 1.461385
v -0.397765 -0.985469 1.479077
v -0.406923 -0.969607 1.461385
v -0.450357 -1.025551 1.415385
v -0.433268 -0.995951 1.415385
v -0.450357 -1.025551 1.461385
v -0.429916 -1.017620 1.479077
v -0.433268 -0.995951 1.461385
v -0.441684 -1.061539 1.479077
v -0.460000 -1.061539 1.461385
v -0.433268 -1.127126 1.415385
v -0.450357 -1.097526 1.415385
v -0.433268 -1.127126 1.461385
v -0.429916 -1.105457 1.479077
v -0.450357 -1.097526 1.461385
v -0.397765 -1.137608 1.479077
v -0.406923 -1.153471 1.461385
v -0.353846 -1.149376 1.479077
v -0.353846 -1.167692 1.461385
v -0.309927 -1.137608 1.479077
v -0.300769 -1.153471 1.461385
v -0.257335 -1.097526 1.415385
v -0.274425 -1.127126 1.415385
v -0.257335 -1.097526 1.461385
v -0.277777 -1.105457 1.479077
v -0.274425 -1.127126 1.461385
v -0.266009 1.415385 1.479077
v -0.247692 1.415385 1.461385
v -0.274425 1.480972 1.415385
v -0.257335 1.451372 1.415385
v -0.274425 1.480972 1.461385
v -0.277777 1.459303 1.479077
v -0.257335 1.451372 1.461385
v -0.309927 1.491454 1.479077
v -0.300769 1.507316 1.461385
v -0.370936 1.516959 1.415385
v -0.336757 1.516959 1.415385
v -0.370936 1.516959 1.461385
v -0.353846 1.503222 1.479077
v -0.336757 1.516959 1.461385
v -0.397765 1.491454 1.479077
v -0.406923 1.507316 1.461385
v -0.450357 1.451372 1.415385
v -0.433268 1.480972 1.415385
v -0.450357 1.451372 1.461385
v -0.429916 1.459303 1.479077
v -0.433268 1.480972 1.461385
v -0.441684 1.415385 1.479077
v -0.460000 1.415385 1.461385
v -0.433268 1.349797 1.415385
v -0.450357 1.379397 1.415385
v -0.433268 1.349797 1.461385
v -0.429916 1.371466 1.479077
v -0.450357 1.379397 1.461385
v -0.397765 1.339315 1.479077
v -0.406923 1.323453 1.461385
v -0.353846 1.327547 1.479077
v -0.353846 1.309231 1.461385
v -0.309927 1.339315 1.479077
v -0.300769 1.323453 1.461385
v -0.257335 1.379397 1.415385
v -0.274425 1.349797 1.415385
v -0.257335 1.379397 1.461385
v -0.277777 1.371466 1.479077
v -0.274425 1.349797 1.461385
v 0.087837 -1.415385 1.479077
v 0.106154 -1.415385 1.461384
v 0.079422 -1.349797 1.415385
v 0.096511 -1.379397 1.415385
v 0.079422 -1.349797 1.461385
v 0.076069 -1.371466 1.479077
v 0.096511 -1.379397 1.461384
v 0.043919 -1.339315 1.479077
v 0.053077 -1.323453 1.461385
v 0.000000 -1.327547 1.479077
v 0.000000 -1.309231 1.461385
v -0.043919 -1.339315 1.479077
v -0.053077 -1.323453 1.461385
v -0.096511 -1.379397 1.415385
v -0.079422 -1.349797 1.415385
v -0.096511 -1.379397 1.461384
v -0.076069 -1.371466 1.479077
v -0.079422 -1.349797 1.461385
v -0.087837 -1.415385 1.479077
v -0.106154 -1.415385 1.461384
v -0.079422 -1.480972 1.415385
v -0.096511 -1.451372 1.415385
v -0.079422 -1.480972 1.461384
v -0.076069 -1.459303 1.479077
v -0.096511 -1.451372 1.461384
v -0.043919 -1.491454 1.479077
v -0.053077 -1.507317 1.461384
v 0.017089 -1.516960 1.415385
v -0.017089 -1.516960 1.415385
v 0.017089 -1.516960 1.461384
v 0.000000 -1.503222 1.479077
v -0.017089 -1.516960 1.461384
v 0.043919 -1.491454 1.479077
v 0.053077 -1.507317 1.461384
v 0.096511 -1.451372 1.415385
v 0.079422 -1.480972 1.415385
v 0.096511 -1.451372 1.461384
v 0.076069 -1.459303 1.479077
v 0.079422 -1.480972 1.461384
v 0.087837 -1.061539 1.479077
v 0.106154 -1.061539 1.461385
v 0.079422 -0.995951 1.415385
v 0.096511 -1.025551 1.415385
v 0.079422 -0.995951 1.461385
v 0.076069 -1.017620 1.479077
v 0.096511 -1.025551 1.461385
v 0.043919 -0.985469 1.479077
v 0.053077 -0.969607 1.461385
v 0.000000 -0.973701 1.479077
v 0.000000 -0.955385 1.461385
v -0.043919 -0.985469 1.479077
v -0.053077 -0.969607 1.461385
v -0.096511 -1.025551 1.415385
v -0.079422 -0.995951 1.415385
v -0.096511 -1.025551 1.461385
v -0.076069 -1.017620 1.479077
v -0.079422 -0.995951 1.461385
v -0.087837 -1.061539 1.479077
v -0.106154 -1.061539 1.461385
v -0.079422 -1.127126 1.415385
v -0.096511 -1.097526 1.415385
v -0.079422 -1.127126 1.461385
v -0.076069 -1.105457 1.479077
v -0.096511 -1.097526 1.461385
v -0.043919 -1.137608 1.479077
v -0.053077 -1.153471 1.461385
v 0.000000 -1.149376 1.479077
v -0.000000 -1.167692 1.461385
v 0.043919 -1.137608 1.479077
v 0.053077 -1.153471 1.461385
v 0.096511 -1.097526 1.415385
v 0.079422 -1.127126 1.415385
v 0.096511 -1.097526 1.461385
v 0.076069 -1.105457 1.479077
v 0.079422 -1.127126 1.461385
v 0.087837 1.415385 1.479077
v 0.106154 1.415385 1.461385
v 0.079422 1.480972 1.415385
v 0.096511 1.451372 1.415385
v 0.079422 1.480972 1.461385
v 0.076069 1.459303 1.479077
v 0.096511 1.451372 1.461385
v 0.043919 1.491454 1.479077
v 0.053077 1.507316 1.461385
v -0.017089 1.516959 1.415385
v 0.017089 1.516959 1.415385
v -0.017089 1.516959 1.461385
v 0.000000 1.503222 1.479077
v 0.017089 1.516959 1.461385
v -0.043919 1.491454 1.479077
v -0.053077 1.507316 1.461385
v -0.096511 1.451372 1.415385
v -0.079422 1.480972 1.415385
v -0.096511 1.451372 1.461385
v -0.076069 1.459303 1.479077
v -0.079422 1.480972 1.461385
v -0.087837 1.415385 1.479077
v -0.106154 1.415385 1.461385
v -0.079422 1.349797 1.415385
v -0.096511 1.379397 1.415385
v -0.079422 1.349797 1.461385
v -0.076069 1.371466 1.479077
v -0.096511 1.379397 1.461385
v -0.043919 1.339315 1.479077
v -0.053077 1.323453 1.461385
v 0.000000 1.327547 1.479077
v -0.000000 1.309231 1.461385
v 0.043919 1.339315 1.479077
v 0.053077 1.323453 1.461385
v 0.096511 1.379397 1.415385
v 0.079422 1.349797 1.415385
v 0.096511 1.379397 1.461385
v 0.076069 1.371466 1.479077
v 0.079422 1.349797 1.461385
v 0.441684 -1.415385 1.479077
v 0.460000 -1.415385 1.461384
v 0.433268 -1.349797 1.415385
v 0.450357 -1.379397 1.415385
v 0.433268 -1.349797 1.461385
v 0.429916 -1.371466 1.479077
v 0.450357 -1.379397 1.461384
v 0.397765 -1.339315 1.479077
v 0.406923 -1.323453 1.461385
v 0.353846 -1.327547 1.479077
v 0.353846 -1.309231 1.461385
v 0.309927 -1.339315 1.479077
v 0.300769 -1.323453 1.461385
v 0.257335 -1.379397 1.415385
v 0.274425 -1.349797 1.415385
v 0.257335 -1.379397 1.461384
v 0.277777 -1.371466 1.479077
v 0.274425 -1.349797 1.461385
v 0.266009 -1.415385 1.479077
v 0.247692 -1.415385 1.461384
v 0.274425 -1.480972 1.415385
v 0.257335 -1.451372 1.415385
v 0.274425 -1.480972 1.461384
v 0.277777 -1.459303 1.479077
v 0.257335 -1.451372 1.461384
v 0.309927 -1.491454 1.479077
v 0.300769 -1.507317 1.461384
v 0.370936 -1.516960 1.415385
v 0.336757 -1.516960 1.415385
v 0.370936 -1.516960 1.461384
v 0.353846 -1.503222 1.479077
v 0.336757 -1.516960 1.461384
v 0.397765 -1.491454 1.479077
v 0.406923 -1.507317 1.461384
v 0.450357 -1.451372 1.415385
v 0.433268 -1.480972 1.415385
v 0.450357 -1.451372 1.461384
v 0.429916 -1.459303 1.479077
v 0.433268 -1.480972 1.461384
v 0.441684 -1.061539 1.479077
v 0.460000 -1.061539 1.461385
v 0.433268 -0.995951 1.415385
v 0.450357 -1.025551 1.415385
v 0.433268 -0.995951 1.461385
v 0.429916 -1.017620 1.479077
v 0.450357 -1.025551 1.461385
v 0.397765 -0.985469 1.479077
v 0.406923 -0.969607 1.461385
v 0.353846 -0.973701 1.479077
v 0.353846 -0.955385 1.461385
v 0.309927 -0.985469 1.479077
v 0.300769 -0.969607 1.461385
v 0.257335 -1.025551 1.415385
v 0.274425 -0.995951 1.415385
v 0.257335 -1.025551 1.461385
v 0.277777 -1.017620 1.479077
v 0.274425 -0.995951 1.461385
v 0.266009 -1.061539 1.479077
v 0.247692 -1.061539 1.461385
v 0.274425 -1.127126 1.415385
v 0.257335 -1.097526 1.415385
v 0.274425 -1.127126 1.461385
v 0.277777 -1.105457 1.479077
v 0.257335 -1.097526 1.461385
v 0.309927 -1.137608 1.479077
v 0.300769 -1.153471 1.461385
v 0.353846 -1.149376 1.479077
v 0.353846 -1.167692 1.461385
v 0.397765 -1.137608 1.479077
v 0.406923 -1.153471 1.461385
v 0.450357 -1.097526 1.415385
v 0.433268 -1.127126 1.415385
v 0.450357 -1.097526 1.461385
v 0.429916 -1.105457 1.479077
v 0.433268 -1.127126 1.461385
v 0.441684 1.415385 1.479077
v 0.460000 1.415385 1.461385
v 0.433268 1.480972 1.415385
v 0.450357 1.451372 1.415385
v 0.433268 1.480972 1.461385
v 0.429916 1.459303 1.479077
v 0.450357 1.451372 1.461385
v 0.397765 1.491454 1.479077
v 0.406923 1.507316 1.461385
v 0.336757 1.516959 1.415385
v 0.370936 1.516959 1.415385
v 0.336757 1.516959 1.461385
v 0.353846 1.503222 1.479077
v 0.370936 1.516959 1.461385
v 0.309927 1.491454 1.479077
v 0.300769 1.507316 1.461385
v 0.257335 1.451372 1.415385
v 0.274425 1.480972 1.415385
v 0.257335 1.451372 1.461385
v 0.277777 1.459303 1.479077
v 0.274425 1.480972 1.461385
v 0.266009 1.415385 1.479077
v 0.247692 1.415385 1.461385
v 0.274425 1.349797 1.415385
v 0.257335 1.379397 1.415385
v 0.274425 1.349797 1.461385
v 0.277777 1.371466 1.479077
v 0.257335 1.379397 1.461385
v 0.309927 1.339315 1.479077
v 0.300769 1.323453 1.461385
v 0.353846 1.327547 1.479077
v 0.353846 1.309231 1.461385
v 0.397765 1.339315 1.479077
v 0.406923 1.323453 1.461385
v 0.450357 1.379397 1.415385
v 0.433268 1.349797 1.415385
v 0.450357 1.379397 1.461385
v 0.429916 1.371466 1.479077
v 0.433268 1.349797 1.461385
v 0.795530 -1.415385 1.479077
v 0.813846 -1.415385 1.461384
v 0.787114 -1.349797 1.415385
v 0.804203 -1.379397 1.415385
v 0.787114 -1.349797 1.461385
v 0.783762 -1.371466 1.479077
v 0.804203 -1.379397 1.461384
v 0.743680 -1.318874 1.415385
v 0.773280 -1.335963 1.415385
v 0.743680 -1.318874 1.461385
v 0.751611 -1.339315 1.479077
v 0.773280 -1.335963 1.461385
v 0.707692 -1.327547 1.479077
v 0.707692 -1.309231 1.461385
v 0.663774 -1.339315 1.479077
v 0.654615 -1.323453 1.461385
v 0.611181 -1.379397 1.415385
v 0.628271 -1.349797 1.415385
v 0.611181 -1.379397 1.461384
v 0.631623 -1.371466 1.479077
v 0.628271 -1.349797 1.461385
v 0.619855 -1.415385 1.479077
v 0.601538 -1.415385 1.461384
v 0.628271 -1.480972 1.415385
v 0.611181 -1.451372 1.415385
v 0.628271 -1.480972 1.461384
v 0.631623 -1.459303 1.479077
v 0.611181 -1.451372 1.461384
v 0.663774 -1.491454 1.479077
v 0.654615 -1.507317 1.461384
v 0.724782 -1.516960 1.415385
v 0.690603 -1.516960 1.415385
v 0.724782 -1.516960 1.461384
v 0.707692 -1.503222 1.479077
v 0.690603 -1.516960 1.461384
v 0.751611 -1.491454 1.479077
v 0.760769 -1.507317 1.461384
v 0.804203 -1.451372 1.415385
v 0.787114 -1.480972 1.415385
v 0.804203 -1.451372 1.461384
v 0.783762 -1.459303 1.479077
v 0.787114 -1.480972 1.461384
v 0.795530 -1.061539 1.479077
v 0.813846 -1.061539 1.461385
v 0.787114 -0.995951 1.415385
v 0.804203 -1.025551 1.415385
v 0.787114 -0.995951 1.461385
v 0.783762 -1.017620 1.479077
v 0.804203 -1.025551 1.461385
v 0.743680 -0.965028 1.415385
v 0.773280 -0.982117 1.415385
v 0.743680 -0.965028 1.461385
v 0.751611 -0.985469 1.479077
v 0.773280 -0.982117 1.461385
v 0.707692 -0.973701 1.479077
v 0.707692 -0.955385 1.461385
v 0.663774 -0.985469 1.479077
v 0.654615 -0.969607 1.461385
v 0.611181 -1.025551 1.415385
v 0.628271 -0.995951 1.415385
v 0.611181 -1.025551 1.461385
v 0.631623 -1.017620 1.479077
v 0.628271 -0.995951 1.461385
v 0.619855 -1.061539 1.479077
v 0.601538 -1.061539 1.461385
v 0.628271 -1.127126 1.415385
v 0.611181 -1.097526 1.415385
v 0.628271 -1.127126 1.461385
v 0.631623 -1.105457 1.479077
v 0.611181 -1.097526 1.461385
v 0.663774 -1.137608 1.479077
v 0.654615 -1.153471 1.461385
v 0.707692 -1.149376 1.479077
v 0.707692 -1.167692 1.461385
v 0.773280 -1.140960 1.415385
v 0.743680 -1.158050 1.415385
v 0.773280 -1.140960 1.461385
v 0.751611 -1.137608 1.479077
v 0.743680 -1.158050 1.461385
v 0.804203 -1.097526 1.415385
v 0.787114 -1.127126 1.415385
v 0.804203 -1.097526 1.461385
v 0.783762 -1.105457 1.479077
v 0.787114 -1.127126 1.461385
v 1.149376 -1.061539 1.479077
v 1.167692 -1.061539 1.461385
v 1.140960 -0.995951 1.415385
v 1.158049 -1.025551 1.415385
v 1.140960 -0.995951 1.461385
v 1.137608 -1.017620 1.479077
v 1.158049 -1.025551 1.461385
v 1.097526 -0.965028 1.415385
v 1.127126 -0.982117 1.415385
v 1.097526 -0.965028 1.461385
v 1.105457 -0.985469 1.479077
v 1.127126 -0.982117 1.461385
v 1.061538 -0.973701 1.479077
v 1.061538 -0.955385 1.461385
v 0.995951 -0.982117 1.415385
v 1.025551 -0.965028 1.415385
v 0.995951 -0.982117 1.461385
v 1.017620 -0.985469 1.479077
v 1.025551 -0.965028 1.461385
v 0.965028 -1.025551 1.415385
v 0.982117 -0.995951 1.415385
v 0.965028 -1.025551 1.461385
v 0.985469 -1.017620 1.479077
v 0.982117 -0.995951 1.461385
v 0.973701 -1.061539 1.479077
v 0.955385 -1.061539 1.461385
v 0.982117 -1.127126 1.415385
v 0.965028 -1.097526 1.415385
v 0.982117 -1.127126 1.461385
v 0.985469 -1.105457 1.479077
v 0.965028 -1.097526 1.461385
v 1.025551 -1.158050 1.415385
v 0.995951 -1.140960 1.415385
v 1.025551 -1.158050 1.461385
v 1.017620 -1.137608 1.479077
v 0.995951 -1.140960 1.461385
v 1.061538 -1.149376 1.479077
v 1.061538 -1.167692 1.461385
v 1.127126 -1.140960 1.415385
v 1.097526 -1.158050 1.415385
v 1.127126 -1.140960 1.461385
v 1.105457 -1.137608 1.479077
v 1.097526 -1.158050 1.461385
v 1.158049 -1.097526 1.415385
v 1.140960 -1.127126 1.415385
v 1.158049 -1.097526 1.461385
v 1.137608 -1.105457 1.479077
v 1.140960 -1.127126 1.461385
v 1.149376 -0.707692 1.479077
v 1.167692 -0.707692 1.461385
v 1.137608 -0.663774 1.479077
v 1.153470 -0.654615 1.461385
v 1.097526 -0.611181 1.415385
v 1.127126 -0.628271 1.415385
v 1.097526 -0.611181 1.461385
v 1.105457 -0.631623 1.479077
v 1.127126 -0.628271 1.461385
v 1.061538 -0.619855 1.479077
v 1.061538 -0.601539 1.461385
v 0.995951 -0.628271 1.415385
v 1.025551 -0.611181 1.415385
v 0.995951 -0.628271 1.461385
v 1.017620 -0.631623 1.479077
v 1.025551 -0.611181 1.461385
v 0.985469 -0.663774 1.479077
v 0.969607 -0.654615 1.461385
v 0.973701 -0.707692 1.479077
v 0.955385 -0.707692 1.461385
v 0.982117 -0.773280 1.415385
v 0.965028 -0.743680 1.415385
v 0.982117 -0.773280 1.461385
v 0.985469 -0.751611 1.479077
v 0.965028 -0.743680 1.461385
v 1.025551 -0.804203 1.415385
v 0.995951 -0.787114 1.415385
v 1.025551 -0.804203 1.461385
v 1.017620 -0.783762 1.479077
v 0.995951 -0.787114 1.461385
v 1.061538 -0.795530 1.479077
v 1.061538 -0.813846 1.461385
v 1.127126 -0.787114 1.415385
v 1.097526 -0.804203 1.415385
v 1.127126 -0.787114 1.461385
v 1.105457 -0.783762 1.479077
v 1.097526 -0.804203 1.461385
v 1.158049 -0.743680 1.415385
v 1.140960 -0.773280 1.415385
v 1.158049 -0.743680 1.461385
v 1.137608 -0.751611 1.479077
v 1.140960 -0.773280 1.461385
v 1.149376 -0.353846 1.479077
v 1.167692 -0.353846 1.461385
v 1.137608 -0.309928 1.479077
v 1.153470 -0.300769 1.461385
v 1.097526 -0.257335 1.415385
v 1.127126 -0.274425 1.415385
v 1.097526 -0.257335 1.461385
v 1.105457 -0.277777 1.479077
v 1.127126 -0.274425 1.461385
v 1.061538 -0.266009 1.479077
v 1.061538 -0.247692 1.461385
v 0.995951 -0.274425 1.415385
v 1.025551 -0.257335 1.415385
v 0.995951 -0.274425 1.461385
v 1.017620 -0.277777 1.479077
v 1.025551 -0.257335 1.461385
v 0.985469 -0.309928 1.479077
v 0.969607 -0.300769 1.461385
v 0.973701 -0.353846 1.479077
v 0.955385 -0.353846 1.461385
v 0.985469 -0.397765 1.479077
v 0.969607 -0.406923 1.461385
v 1.025551 -0.450357 1.415385
v 0.995951 -0.433268 1.415385
v 1.025551 -0.450357 1.461385
v 1.017620 -0.429916 1.479077
v 0.995951 -0.433268 1.461385
v 1.061538 -0.441684 1.479077
v 1.061538 -0.460000 1.461385
v 1.127126 -0.433268 1.415385
v 1.097526 -0.450357 1.415385
v 1.127126 -0.433268 1.461385
v 1.105457 -0.429916 1.479077
v 1.097526 -0.450357 1.461385
v 1.137608 -0.397765 1.479077
v 1.153470 -0.406923 1.461385
v 1.149376 -0.000000 1.479077
v 1.167692 -0.000000 1.461385
v 1.137608 0.043919 1.479077
v 1.153470 0.053077 1.461385
v 1.097526 0.096511 1.415385
v 1.127126 0.079422 1.415385
v 1.097526 0.096511 1.461385
v 1.105457 0.076069 1.479077
v 1.127126 0.079422 1.461385
v 1.061538 0.087837 1.479077
v 1.061538 0.106154 1.461385
v 0.995951 0.079422 1.415385
v 1.025551 0.096511 1.415385
v 0.995951 0.079422 1.461385
v 1.017620 0.076069 1.479077
v 1.025551 0.096511 1.461385
v 0.985469 0.043919 1.479077
v 0.969607 0.053077 1.461385
v 0.973701 -0.000000 1.479077
v 0.955385 -0.000000 1.461385
v 0.985469 -0.043919 1.479077
v 0.969607 -0.053077 1.461385
v 1.025551 -0.096511 1.415385
v 0.995951 -0.079422 1.415385
v 1.025551 -0.096511 1.461385
v 1.017620 -0.076070 1.479077
v 0.995951 -0.079422 1.461385
v 1.061538 -0.087837 1.479077
v 1.061538 -0.106154 1.461385
v 1.127126 -0.079422 1.415385
v 1.097526 -0.096511 1.415385
v 1.127126 -0.079422 1.461385
v 1.105457 -0.076070 1.479077
v 1.097526 -0.096511 1.461385
v 1.137608 -0.043919 1.479077
v 1.153470 -0.053077 1.461385
v 1.149376 0.353846 1.479077
v 1.167692 0.353846 1.461385
v 1.137608 0.397765 1.479077
v 1.153470 0.406923 1.461385
v 1.097526 0.450357 1.415385
v 1.127126 0.433268 1.415385
v 1.097526 0.450357 1.461385
v 1.105457 0.429916 1.479077
v 1.127126 0.433268 1.461385
v 1.061538 0.441684 1.479077
v 1.061538 0.460000 1.461385
v 0.995951 0.433268 1.415385
v 1.025551 0.450357 1.415385
v 0.995951 0.433268 1.461385
v 1.017620 0.429916 1.479077
v 1.025551 0.450357 1.461385
v 0.985469 0.397765 1.479077
v 0.969607 0.406923 1.461385
v 0.973701 0.353846 1.479077
v 0.955385 0.353846 1.461385
v 0.985469 0.309927 1.479077
v 0.969607 0.300769 1.461385
v 1.025551 0.257335 1.415385
v 0.995951 0.274425 1.415385
v 1.025551 0.257335 1.461385
v 1.017620 0.277777 1.479077
v 0.995951 0.274425 1.461385
v 1.061538 0.266009 1.479077
v 1.061538 0.247692 1.461385
v 1.127126 0.274425 1.415385
v 1.097526 0.257335 1.415385
v 1.127126 0.274425 1.461385
v 1.105457 0.277777 1.479077
v 1.097526 0.257335 1.461385
v 1.137608 0.309927 1.479077
v 1.153470 0.300769 1.461385
v 1.149376 0.707692 1.479077
v 1.167692 0.707692 1.461385
v 1.140960 0.773280 1.415385
v 1.158049 0.743680 1.415385
v 1.140960 0.773280 1.461385
v 1.137608 0.751611 1.479077
v 1.158049 0.743680 1.461385
v 1.097526 0.804203 1.415385
v 1.127126 0.787114 1.415385
v 1.097526 0.804203 1.461385
v 1.105457 0.783762 1.479077
v 1.127126 0.787114 1.461385
v 1.061538 0.795530 1.479077
v 1.061538 0.813846 1.461385
v 0.995951 0.787114 1.415385
v 1.025551 0.804203 1.415385
v 0.995951 0.787114 1.461385
v 1.017620 0.783762 1.479077
v 1.025551 0.804203 1.461385
v 0.965028 0.743680 1.415385
v 0.982117 0.773280 1.415385
v 0.965028 0.743680 1.461385
v 0.985469 0.751611 1.479077
v 0.982117 0.773280 1.461385
v 0.973701 0.707692 1.479077
v 0.955385 0.707692 1.461385
v 0.985469 0.663774 1.479077
v 0.969607 0.654615 1.461385
v 1.025551 0.611181 1.415385
v 0.995951 0.628271 1.415385
v 1.025551 0.611181 1.461385
v 1.017620 0.631623 1.479077
v 0.995951 0.628271 1.461385
v 1.061538 0.619855 1.479077
v 1.061538 0.601538 1.461385
v 1.127126 0.628271 1.415385
v 1.097526 0.611181 1.415385
v 1.127126 0.628271 1.461385
v 1.105457 0.631623 1.479077
v 1.097526 0.611181 1.461385
v 1.137608 0.663774 1.479077
v 1.153470 0.654615 1.461385
v 1.516959 -0.690603 1.415385
v 1.516959 -0.724782 1.415385
v 1.516959 -0.724782 1.461385
v 1.516959 -0.690603 1.461385
v 1.503222 -0.707692 1.479077
v 1.491454 -0.663774 1.479077
v 1.507317 -0.654615 1.461385
v 1.451372 -0.611181 1.415385
v 1.480972 -0.628271 1.415385
v 1.451372 -0.611181 1.461385
v 1.459303 -0.631623 1.479077
v 1.480972 -0.628271 1.461385
v 1.415385 -0.619855 1.479077
v 1.415385 -0.601539 1.461385
v 1.349797 -0.628271 1.415385
v 1.379397 -0.611181 1.415385
v 1.349797 -0.628271 1.461385
v 1.371466 -0.631623 1.479077
v 1.379397 -0.611181 1.461385
v 1.339315 -0.663774 1.479077
v 1.323453 -0.654615 1.461385
v 1.327547 -0.707692 1.479077
v 1.309231 -0.707692 1.461385
v 1.335963 -0.773280 1.415385
v 1.318874 -0.743680 1.415385
v 1.335963 -0.773280 1.461385
v 1.339315 -0.751611 1.479077
v 1.318874 -0.743680 1.461385
v 1.379397 -0.804203 1.415385
v 1.349797 -0.787114 1.415385
v 1.379397 -0.804203 1.461385
v 1.371466 -0.783762 1.479077
v 1.349797 -0.787114 1.461385
v 1.415385 -0.795530 1.479077
v 1.415385 -0.813846 1.461385
v 1.480972 -0.787114 1.415385
v 1.451372 -0.804203 1.415385
v 1.480972 -0.787114 1.461385
v 1.459303 -0.783762 1.479077
v 1.451372 -0.804203 1.461385
v 1.491454 -0.751611 1.479077
v 1.507317 -0.760769 1.461385
v 1.516959 -0.336757 1.415385
v 1.516959 -0.370936 1.415385
v 1.516959 -0.370936 1.461385
v 1.516959 -0.336757 1.461385
v 1.503222 -0.353846 1.479077
v 1.491454 -0.309928 1.479077
v 1.507317 -0.300769 1.461385
v 1.451372 -0.257335 1.415385
v 1.480972 -0.274425 1.415385
v 1.451372 -0.257335 1.461385
v 1.459303 -0.277777 1.479077
v 1.480972 -0.274425 1.461385
v 1.415385 -0.266009 1.479077
v 1.415385 -0.247692 1.461385
v 1.349797 -0.274425 1.415385
v 1.379397 -0.257335 1.415385
v 1.349797 -0.274425 1.461385
v 1.371466 -0.277777 1.479077
v 1.379397 -0.257335 1.461385
v 1.339315 -0.309928 1.479077
v 1.323453 -0.300769 1.461385
v 1.327547 -0.353846 1.479077
v 1.309231 -0.353846 1.461385
v 1.339315 -0.397765 1.479077
v 1.323453 -0.406923 1.461385
v 1.379397 -0.450357 1.415385
v 1.349797 -0.433268 1.415385
v 1.379397 -0.450357 1.461385
v 1.371466 -0.429916 1.479077
v 1.349797 -0.433268 1.461385
v 1.415385 -0.441684 1.479077
v 1.415385 -0.460000 1.461385
v 1.480972 -0.433268 1.415385
v 1.451372 -0.450357 1.415385
v 1.480972 -0.433268 1.461385
v 1.459303 -0.429916 1.479077
v 1.451372 -0.450357 1.461385
v 1.491454 -0.397765 1.479077
v 1.507317 -0.406923 1.461385
v 1.516959 0.017089 1.415385
v 1.516959 -0.017090 1.415385
v 1.516959 -0.017090 1.461385
v 1.516959 0.017089 1.461385
v 1.503222 -0.000000 1.479077
v 1.491454 0.043919 1.479077
v 1.507317 0.053077 1.461385
v 1.451372 0.096511 1.415385
v 1.480972 0.079422 1.415385
v 1.451372 0.096511 1.461385
v 1.459303 0.076069 1.479077
v 1.480972 0.079422 1.461385
v 1.415385 0.087837 1.479077
v 1.415385 0.106154 1.461385
v 1.349797 0.079422 1.415385
v 1.379397 0.096511 1.415385
v 1.349797 0.079422 1.461385
v 1.371466 0.076069 1.479077
v 1.379397 0.096511 1.461385
v 1.339315 0.043919 1.479077
v 1.323453 0.053077 1.461385
v 1.327547 -0.000000 1.479077
v 1.309231 -0.000000 1.461385
v 1.339315 -0.043919 1.479077
v 1.323453 -0.053077 1.461385
v 1.379397 -0.096511 1.415385
v 1.349797 -0.079422 1.415385
v 1.379397 -0.096511 1.461385
v 1.371466 -0.076070 1.479077
v 1.349797 -0.079422 1.461385
v 1.415385 -0.087837 1.479077
v 1.415385 -0.106154 1.461385
v 1.480972 -0.079422 1.415385
v 1.451372 -0.096511 1.415385
v 1.480972 -0.079422 1.461385
v 1.459303 -0.076070 1.479077
v 1.451372 -0.096511 1.461385
v 1.491454 -0.043919 1.479077
v 1.507317 -0.053077 1.461385
v 1.516959 0.370936 1.415385
v 1.516959 0.336757 1.415385
v 1.516959 0.336757 1.461385
v 1.516959 0.370936 1.461385
v 1.503222 0.353846 1.479077
v 1.491454 0.397765 1.479077
v 1.507317 0.406923 1.461385
v 1.451372 0.450357 1.415385
v 1.480972 0.433268 1.415385
v 1.451372 0.450357 1.461385
v 1.459303 0.429916 1.479077
v 1.480972 0.433268 1.461385
v 1.415385 0.441684 1.479077
v 1.415385 0.460000 1.461385
v 1.349797 0.433268 1.415385
v 1.379397 0.450357 1.415385
v 1.349797 0.433268 1.461385
v 1.371466 0.429916 1.479077
v 1.379397 0.450357 1.461385
v 1.339315 0.397765 1.479077
v 1.323453 0.406923 1.461385
v 1.327547 0.353846 1.479077
v 1.309231 0.353846 1.461385
v 1.339315 0.309927 1.479077
v 1.323453 0.300769 1.461385
v 1.379397 0.257335 1.415385
v 1.349797 0.274425 1.415385
v 1.379397 0.257335 1.461385
v 1.371466 0.277777 1.479077
v 1.349797 0.274425 1.461385
v 1.415385 0.266009 1.479077
v 1.415385 0.247692 1.461385
v 1.480972 0.274424 1.415385
v 1.451372 0.257335 1.415385
v 1.480972 0.274425 1.461385
v 1.459303 0.277777 1.479077
v 1.451372 0.257335 1.461385
v 1.491454 0.309927 1.479077
v 1.507317 0.300769 1.461385
v 1.516959 0.724782 1.415385
v 1.516959 0.690603 1.415385
v 1.516959 0.690603 1.461385
v 1.516959 0.724782 1.461385
v 1.503222 0.707692 1.479077
v 1.491454 0.751611 1.479077
v 1.507317 0.760769 1.461385
v 1.451372 0.804203 1.415385
v 1.480972 0.787114 1.415385
v 1.451372 0.804203 1.461385
v 1.459303 0.783762 1.479077
v 1.480972 0.787114 1.461385
v 1.415385 0.795530 1.479077
v 1.415385 0.813846 1.461385
v 1.349797 0.787114 1.415385
v 1.379397 0.804203 1.415385
v 1.349797 0.787114 1.461385
v 1.371466 0.783762 1.479077
v 1.379397 0.804203 1.461385
v 1.318874 0.743680 1.415385
v 1.335963 0.773280 1.415385
v 1.318874 0.743680 1.461385
v 1.339315 0.751611 1.479077
v 1.335963 0.773280 1.461385
v 1.327547 0.707692 1.479077
v 1.309231 0.707692 1.461385
v 1.339315 0.663774 1.479077
v 1.323453 0.654615 1.461385
v 1.379397 0.611181 1.415385
v 1.349797 0.628271 1.415385
v 1.379397 0.611181 1.461385
v 1.371466 0.631623 1.479077
v 1.349797 0.628271 1.461385
v 1.415385 0.619855 1.479077
v 1.415385 0.601538 1.461385
v 1.480972 0.628271 1.415385
v 1.451372 0.611181 1.415385
v 1.480972 0.628271 1.461385
v 1.459303 0.631623 1.479077
v 1.451372 0.611181 1.461385
v 1.491454 0.663774 1.479077
v 1.507317 0.654615 1.461385
vn 0.6840 0.3949 0.6133
vn -0.5773 -0.5774 0.5773
vn 0.3949 -0.6840 0.6133
vn -0.3949 -0.6840 0.6133
vn -0.6840 0.3949 0.6133
vn -0.3949 0.6840 0.6133
vn -0.5773 0.5774 0.5773
vn 0.3949 0.6840 0.6133
vn -0.5774 -0.5774 0.5774
vn -0.3015 -0.3015 0.9045
vn 0.3015 0.3015 0.9045
vn 0.3015 -0.3015 0.9045
vn -0.3015 0.3015 0.9045
vn -0.5774 0.5774 0.5774
vn -0.5773 -0.5773 0.5774
vn -0.5773 0.5773 0.5774
vn 0.6840 -0.3949 0.6133
vn -0.6840 -0.3949 0.6133
vn -0.7899 -0.0000 0.6133
vn 0.5773 -0.5773 0.5774
vn 0.5773 0.5773 0.5774
vn 0.5774 -0.5774 0.5774
vn 0.5774 0.5774 0.5774
vn 0.5773 -0.5774 0.5773
vn 0.5773 0.5774 0.5773
vn -0.0000 -0.7899 0.6133
vn -0.0000 0.7899 0.6133
vn 0.7899 -0.0000 0.6133
vn 0.6830 -0.1830 0.7071
vn 0.5000 -0.5000 0.7071
vn 0.1830 -0.6830 0.7071
vn 0.5000 -0.8660 -0.0000
vn -0.7071 -0.0000 0.7071
vn -0.1830 -0.6830 0.7071
vn -0.5000 -0.5000 0.7071
vn -0.5000 -0.8660 -0.0000
vn -0.6830 -0.1830 0.7071
vn -0.6830 0.1830 0.7071
vn -0.5000 0.5000 0.7071
vn -0.1830 0.6830 0.7071
vn -0.5000 0.8660 -0.0000
vn 0.1830 0.6830 0.7071
vn 0.5000 0.5000 0.7071
vn 0.5000 0.8660 -0.0000
vn 0.6830 0.1830 0.7071
vn -0.7071 0.7071 -0.0000
vn -0.7071 -0.7071 -0.0000
vn 0.7071 -0.0000 0.7071
vn -0.0000 0.7071 0.7071
vn -0.0000 -0.7071 0.7071
vn 0.8660 -0.5000 -0.0000
vn -0.8660 -0.5000 -0.0000
vn -0.8660 0.5000 -0.0000
vn 0.8660 0.5000 -0.0000
vn -1.0000 -0.0000 -0.0000
vn 0.7071 0.7071 -0.0000
vn 0.7071 -0.7071 -0.0000
vn -0.0000 -1.0000 -0.0000
vn -0.0000 1.0000 -0.0000
vn 1.0000 -0.0000 -0.0000
vn -0.2588 0.9659 -0.0000
vn 0.2588 0.9659 -0.0000
vn -0.0000 -0.0000 1.0000
vn 0.9659 0.2588 -0.0000
vn 0.9659 -0.2588 -0.0000
vn 0.2588 -0.9659 -0.0000
vn -0.2588 -0.9659 -0.0000
vn -0.9659 -0.2588 -0.0000
vn -0.9659 0.2588 -0.0000
s 0
usemtl Crown
f 5891//188 5892//188 5893//188
f 5896//189 5897//189 5898//189
f 5905//190 5906//190 5907//190
f 5912//191 5913//191 5914//191
f 5923//192 5924//192 5925//192
f 5930//193 5931//193 5932//193
f 5937//194 5938//194 5939//194
f 5944//195 5945//195 5946//195
f 5949//188 5950//188 5951//188
f 5958//190 5959//190 5960//190
f 5967//196 5968//196 5969//196
f 5972//191 5973//191 5974//191
f 5985//197 5986//197 5987//197
f 5988//198 5989//198 5990//198
f 5993//193 5994//193 5995//193
f 6002//195 6003//195 6004//195
f 6015//190 6016//190 6017//190
f 6022//191 6023//191 6024//191
f 6033//199 6034//199 6035//199
f 6038//193 6039//193 6040//193
f 6049//200 6050//200 6051//200
f 6052//195 6053//195 6054//195
f 6055//200 6056//200 6057//200
f 6058//201 6059//201 6060//201
f 6069//202 6070//202 6071//202
f 6076//190 6077//190 6078//190
f 6079//197 6080//197 6081//197
f 6086//191 6087//191 6088//191
f 6101//193 6102//193 6103//193
f 6112//195 6113//195 6114//195
f 6115//203 6116//203 6117//203
f 6124//204 6125//204 6126//204
f 6129//190 6130//190 6131//190
f 6140//191 6141//191 6142//191
f 6145//205 6146//205 6147//205
f 6154//193 6155//193 6156//193
f 6161//195 6162//195 6163//195
f 6174//204 6175//204 6176//204
f 6179//190 6180//190 6181//190
f 6188//191 6189//191 6190//191
f 6193//205 6194//205 6195//205
f 6200//192 6201//192 6202//192
f 6207//193 6208//193 6209//193
f 6214//195 6215//195 6216//195
f 6219//188 6220//188 6221//188
f 6230//190 6231//190 6232//190
f 6239//191 6240//191 6241//191
f 6246//206 6247//206 6248//206
f 6257//193 6258//193 6259//193
f 6266//195 6267//195 6268//195
f 6273//188 6274//188 6275//188
f 6276//199 6277//199 6278//199
f 6283//207 6284//207 6285//207
f 6290//190 6291//190 6292//190
f 6297//191 6298//191 6299//191
f 6308//206 6309//206 6310//206
f 6315//193 6316//193 6317//193
f 6320//208 6321//208 6322//208
f 6327//195 6328//195 6329//195
f 6342//209 6343//209 6344//209
f 6349//190 6350//190 6351//190
f 6356//191 6357//191 6358//191
f 6365//200 6366//200 6367//200
f 6370//206 6371//206 6372//206
f 6377//193 6378//193 6379//193
f 6386//195 6387//195 6388//195
f 6399//190 6400//190 6401//190
f 6408//191 6409//191 6410//191
f 6415//197 6416//197 6417//197
f 6420//206 6421//206 6422//206
f 6429//210 6430//210 6431//210
f 6434//193 6435//193 6436//193
f 6441//198 6442//198 6443//198
f 6446//195 6447//195 6448//195
f 6451//211 6452//211 6453//211
f 6454//199 6455//199 6456//199
f 6461//204 6462//204 6463//204
f 6468//190 6469//190 6470//190
f 6477//191 6478//191 6479//191
f 6484//206 6485//206 6486//206
f 6491//193 6492//193 6493//193
f 6502//212 6503//212 6504//212
f 6505//195 6506//195 6507//195
f 6508//198 6509//198 6510//198
f 6521//193 6522//193 6523//193
f 6526//192 6527//192 6528//192
f 6533//205 6534//205 6535//205
f 6540//213 6541//213 6542//213
f 6547//204 6548//204 6549//204
f 6554//188 6555//188 6556//188
f 6563//193 6564//193 6565//193
f 6568//192 6569//192 6570//192
f 6575//205 6576//205 6577//205
f 6580//191 6581//191 6582//191
f 6589//204 6590//204 6591//204
f 6596//188 6597//188 6598//188
f 6607//192 6608//192 6609//192
f 6614//205 6615//205 6616//205
f 6621//213 6622//213 6623//213
f 6628//204 6629//204 6630//204
f 6635//188 6636//188 6637//188
f 6646//192 6647//192 6648//192
f 6653//205 6654//205 6655//205
f 6664//204 6665//204 6666//204
f 6671//188 6672//188 6673//188
f 6678//214 6679//214 6680//214
f 6685//192 6686//192 6687//192
f 6692//205 6693//205 6694//205
f 6703//204 6704//204 6705//204
f 6710//188 6711//188 6712//188
f 6721//192 6722//192 6723//192
f 6728//205 6729//205 6730//205
f 6735//213 6736//213 6737//213
f 6742//204 6743//204 6744//204
f 6749//188 6750//188 6751//188
f 6760//192 6761//192 6762//192
f 6767//205 6768//205 6769//205
f 6778//204 6779//204 6780//204
f 6785//188 6786//188 6787//188
f 6792//214 6793//214 6794//214
f 6799//192 6800//192 6801//192
f 6806//205 6807//205 6808//205
f 6817//204 6818//204 6819//204
f 6824//188 6825//188 6826//188
f 6835//192 6836//192 6837//192
f 6842//205 6843//205 6844//205
f 6849//213 6850//213 6851//213
f 6856//204 6857//204 6858//204
f 6863//188 6864//188 6865//188
f 6874//192 6875//192 6876//192
f 6881//205 6882//205 6883//205
f 6892//204 6893//204 6894//204
f 6899//188 6900//188 6901//188
f 6906//214 6907//214 6908//214
f 6913//192 6914//192 6915//192
f 6920//205 6921//205 6922//205
f 6931//204 6932//204 6933//204
f 6938//188 6939//188 6940//188
f 6943//195 6944//195 6945//195
f 6952//192 6953//192 6954//192
f 6959//205 6960//205 6961//205
f 6966//213 6967//213 6968//213
f 6973//204 6974//204 6975//204
f 6980//188 6981//188 6982//188
f 6985//195 6986//195 6987//195
f 6994//192 6995//192 6996//192
f 7001//205 7002//205 7003//205
f 7010//190 7011//190 7012//190
f 7015//204 7016//204 7017//204
f 7022//188 7023//188 7024//188
f 7027//195 7028//195 7029//195
f 7034//193 7035//193 7036//193
f 7039//192 7040//192 7041//192
f 7046//205 7047//205 7048//205
f 7051//191 7052//191 7053//191
f 7058//190 7059//190 7060//190
f 7063//204 7064//204 7065//204
f 7072//195 7073//195 7074//195
f 7079//193 7080//193 7081//193
f 7088//205 7089//205 7090//205
f 7093//191 7094//191 7095//191
f 7100//190 7101//190 7102//190
f 7105//204 7106//204 7107//204
f 7114//195 7115//195 7116//195
f 7121//193 7122//193 7123//193
f 7132//191 7133//191 7134//191
f 7139//190 7140//190 7141//190
f 7150//195 7151//195 7152//195
f 7157//193 7158//193 7159//193
f 7168//191 7169//191 7170//191
f 7175//190 7176//190 7177//190
f 7186//195 7187//195 7188//195
f 7193//193 7194//193 7195//193
f 7204//191 7205//191 7206//191
f 7211//190 7212//190 7213//190
f 7220//188 7221//188 7222//188
f 7225//195 7226//195 7227//195
f 7232//193 7233//193 7234//193
f 7237//192 7238//192 7239//192
f 7246//191 7247//191 7248//191
f 7253//190 7254//190 7255//190
f 7260//215 7261//215 7262//215
f 7267//195 7268//195 7269//195
f 7274//193 7275//193 7276//193
f 7283//205 7284//205 7285//205
f 7288//191 7289//191 7290//191
f 7295//190 7296//190 7297//190
f 7302//215 7303//215 7304//215
f 7309//195 7310//195 7311//195
f 7316//193 7317//193 7318//193
f 7327//191 7328//191 7329//191
f 7334//190 7335//190 7336//190
f 7341//215 7342//215 7343//215
f 7348//195 7349//195 7350//195
f 7355//193 7356//193 7357//193
f 7366//191 7367//191 7368//191
f 7373//190 7374//190 7375//190
f 7380//215 7381//215 7382//215
f 7387//195 7388//195 7389//195
f 7394//193 7395//193 7396//193
f 7405//191 7406//191 7407//191
f 7412//190 7413//190 7414//190
f 7419//215 7420//215 7421//215
f 7426//195 7427//195 7428//195
f 7433//193 7434//193 7435//193
f 7438//192 7439//192 7440//192
f 7447//191 7448//191 7449//191
f 7454//190 7455//190 7456//190
f 6010//216 5956//216 5957//216 6009//216
f 5956//217 5959//217 5958//217 5957//217
f 5959//218 5965//218 5966//218 5960//218
f 5961//219 5958//219 5960//219 5962//219
f 5902//220 5897//220 5896//220 5901//220
f 5965//221 5973//221 5972//221 5966//221
f 5973//222 5977//222 5978//222 5974//222
f 5975//223 5972//223 5974//223 5976//223
f 5977//224 5983//224 5984//224 5978//224
f 5983//225 5991//225 5992//225 5984//225
f 5991//226 5994//226 5993//226 5992//226
f 5994//227 5998//227 5999//227 5995//227
f 5996//228 5993//228 5995//228 5997//228
f 5998//229 6003//229 6002//229 5999//229
f 6003//230 6007//230 6008//230 6004//230
f 6005//231 6002//231 6004//231 6006//231
f 6007//232 6010//232 6009//232 6008//232
f 5936//220 5937//220 5939//220 5935//220
f 5938//233 5941//233 5940//233 5939//233
f 6066//216 6013//216 6014//216 6065//216
f 6013//217 6016//217 6015//217 6014//217
f 6016//218 6020//218 6021//218 6017//218
f 6018//219 6015//219 6017//219 6019//219
f 6020//221 6023//221 6022//221 6021//221
f 5969//234 5971//234 5970//234 5967//234
f 6023//222 6027//222 6028//222 6024//222
f 6025//223 6022//223 6024//223 6026//223
f 6027//224 6029//224 6030//224 6028//224
f 6029//225 6036//225 6037//225 6030//225
f 6036//226 6039//226 6038//226 6037//226
f 6039//227 6047//227 6048//227 6040//227
f 6045//228 6038//228 6040//228 6046//228
f 6047//229 6053//229 6052//229 6048//229
f 6053//230 6063//230 6064//230 6054//230
f 6061//231 6052//231 6054//231 6062//231
f 6063//232 6066//232 6065//232 6064//232
f 6123//216 6074//216 6075//216 6122//216
f 6074//217 6077//217 6076//217 6075//217
f 6077//218 6084//218 6085//218 6078//218
f 6082//219 6076//219 6078//219 6083//219
f 6084//221 6087//221 6086//221 6085//221
f 6087//222 6091//222 6092//222 6088//222
f 6089//223 6086//223 6088//223 6090//223
f 6091//224 6093//224 6094//224 6092//224
f 6032//235 6033//235 6035//235 6031//235
f 6093//225 6099//225 6100//225 6094//225
f 6099//226 6102//226 6101//226 6100//226
f 6102//227 6106//227 6107//227 6103//227
f 6058//220 6049//220 6051//220 6059//220
f 6104//228 6101//228 6103//228 6105//228
f 6057//236 6060//236 6059//236 6055//236
f 6106//229 6113//229 6112//229 6107//229
f 6113//230 6120//230 6121//230 6114//230
f 6118//231 6112//231 6114//231 6119//231
f 6068//237 6069//237 6071//237 6067//237
f 6070//234 6073//234 6072//234 6071//234
f 6120//232 6123//232 6122//232 6121//232
f 6173//216 6125//216 6124//216 6172//216
f 6125//217 6130//217 6129//217 6126//217
f 6127//238 6124//238 6126//238 6128//238
f 6130//218 6136//218 6137//218 6131//218
f 6132//219 6129//219 6131//219 6133//219
f 6136//221 6141//221 6140//221 6137//221
f 6141//222 6146//222 6145//222 6142//222
f 6143//223 6140//223 6142//223 6144//223
f 6146//224 6150//224 6151//224 6147//224
f 6148//239 6145//239 6147//239 6149//239
f 6150//225 6152//225 6153//225 6151//225
f 6152//226 6155//226 6154//226 6153//226
f 6155//227 6159//227 6160//227 6156//227
f 6157//228 6154//228 6156//228 6158//228
f 6159//229 6162//229 6161//229 6160//229
f 6162//230 6168//230 6169//230 6163//230
f 6166//231 6161//231 6163//231 6167//231
f 6168//232 6173//232 6172//232 6169//232
f 6225//216 6175//216 6174//216 6224//216
f 6175//217 6180//217 6179//217 6176//217
f 6177//238 6174//238 6176//238 6178//238
f 6180//218 6186//218 6187//218 6181//218
f 6182//219 6179//219 6181//219 6183//219
f 6186//221 6189//221 6188//221 6187//221
f 6189//222 6194//222 6193//222 6190//222
f 6191//223 6188//223 6190//223 6192//223
f 6194//224 6198//224 6199//224 6195//224
f 6196//239 6193//239 6195//239 6197//239
f 6198//225 6201//225 6200//225 6199//225
f 6201//226 6208//226 6207//226 6202//226
f 6203//240 6200//240 6202//240 6204//240
f 6208//227 6212//227 6213//227 6209//227
f 6210//228 6207//228 6209//228 6211//228
f 6212//229 6215//229 6214//229 6213//229
f 6215//230 6220//230 6219//230 6216//230
f 6217//231 6214//231 6216//231 6218//231
f 6220//232 6225//232 6224//232 6221//232
f 6222//241 6219//241 6221//241 6223//241
f 6282//216 6226//216 6227//216 6281//216
f 6226//217 6231//217 6230//217 6227//217
f 6231//218 6235//218 6236//218 6232//218
f 6233//219 6230//219 6232//219 6234//219
f 6235//221 6240//221 6239//221 6236//221
f 6240//222 6244//222 6245//222 6241//222
f 6242//223 6239//223 6241//223 6243//223
f 6244//224 6247//224 6246//224 6245//224
f 6247//225 6255//225 6256//225 6248//225
f 6249//242 6246//242 6248//242 6250//242
f 6255//226 6258//226 6257//226 6256//226
f 6258//227 6264//227 6265//227 6259//227
f 6262//228 6257//228 6259//228 6263//228
f 6264//229 6267//229 6266//229 6265//229
f 6267//230 6274//230 6273//230 6268//230
f 6252//237 6253//237 6254//237 6251//237
f 6269//231 6266//231 6268//231 6270//231
f 6274//232 6282//232 6281//232 6275//232
f 6279//241 6273//241 6275//241 6280//241
f 6341//216 6288//216 6289//216 6340//216
f 6288//217 6291//217 6290//217 6289//217
f 6291//218 6295//218 6296//218 6292//218
f 6293//219 6290//219 6292//219 6294//219
f 6295//221 6298//221 6297//221 6296//221
f 6298//222 6306//222 6307//222 6299//222
f 6300//223 6297//223 6299//223 6301//223
f 6306//224 6309//224 6308//224 6307//224
f 6309//225 6313//225 6314//225 6310//225
f 6311//242 6308//242 6310//242 6312//242
f 6313//226 6316//226 6315//226 6314//226
f 6316//227 6325//227 6326//227 6317//227
f 6323//228 6315//228 6317//228 6324//228
f 6325//229 6328//229 6327//229 6326//229
f 6328//230 6332//230 6333//230 6329//230
f 6330//231 6327//231 6329//231 6331//231
f 6332//232 6341//232 6340//232 6333//232
f 6318//243 6320//243 6322//243 6319//243
f 6396//216 6345//216 6346//216 6395//216
f 6345//217 6350//217 6349//217 6346//217
f 6350//218 6354//218 6355//218 6351//218
f 6342//244 6337//244 6336//244 6343//244
f 6352//219 6349//219 6351//219 6353//219
f 6354//221 6357//221 6356//221 6355//221
f 6357//222 6368//222 6369//222 6358//222
f 6361//223 6356//223 6358//223 6362//223
f 6368//224 6371//224 6370//224 6369//224
f 6371//225 6375//225 6376//225 6372//225
f 6373//242 6370//242 6372//242 6374//242
f 6375//226 6378//226 6377//226 6376//226
f 6378//227 6384//227 6385//227 6379//227
f 6380//228 6377//228 6379//228 6381//228
f 6384//229 6387//229 6386//229 6385//229
f 6387//230 6391//230 6392//230 6388//230
f 6389//231 6386//231 6388//231 6390//231
f 6391//232 6396//232 6395//232 6392//232
f 6460//216 6397//216 6398//216 6459//216
f 6397//217 6400//217 6399//217 6398//217
f 6400//218 6406//218 6407//218 6401//218
f 6402//219 6399//219 6401//219 6403//219
f 6406//221 6409//221 6408//221 6407//221
f 6409//222 6413//222 6414//222 6410//222
f 6411//223 6408//223 6410//223 6412//223
f 6413//224 6421//224 6420//224 6414//224
f 6421//225 6425//225 6426//225 6422//225
f 6423//242 6420//242 6422//242 6424//242
f 6425//226 6435//226 6434//226 6426//226
f 6435//227 6439//227 6440//227 6436//227
f 6431//243 6433//243 6432//243 6429//243
f 6437//228 6434//228 6436//228 6438//228
f 6439//229 6447//229 6446//229 6440//229
f 6447//230 6457//230 6458//230 6448//230
f 6449//231 6446//231 6448//231 6450//231
f 6457//232 6460//232 6459//232 6458//232
f 6451//237 6454//237 6456//237 6452//237
f 6518//216 6462//216 6461//216 6517//216
f 6462//217 6469//217 6468//217 6463//217
f 6464//238 6461//238 6463//238 6465//238
f 6469//218 6475//218 6476//218 6470//218
f 6471//219 6468//219 6470//219 6472//219
f 6475//221 6478//221 6477//221 6476//221
f 6478//222 6482//222 6483//222 6479//222
f 6480//223 6477//223 6479//223 6481//223
f 6482//224 6485//224 6484//224 6483//224
f 6485//225 6489//225 6490//225 6486//225
f 6487//242 6484//242 6486//242 6488//242
f 6489//226 6492//226 6491//226 6490//226
f 6492//227 6500//227 6501//227 6493//227
f 6496//228 6491//228 6493//228 6497//228
f 6500//229 6506//229 6505//229 6501//229
f 6506//230 6515//230 6516//230 6507//230
f 6511//231 6505//231 6507//231 6512//231
f 6515//232 6518//232 6517//232 6516//232
f 5887//234 5898//234 5897//234 5888//234
f 5889//234 5985//234 5987//234 5890//234
f 5986//237 5896//237 5898//237 5987//237
f 5901//220 5917//220 5918//220 5902//220
f 5917//220 5926//220 5927//220 5918//220
f 5926//220 5936//220 5935//220 5927//220
f 5937//236 6051//236 6050//236 5938//236
f 6049//233 6042//233 6041//233 6050//233
f 5968//220 5986//220 5985//220 5969//220
f 5963//234 6079//234 6081//234 5964//234
f 6080//237 5968//237 5967//237 6081//237
f 5988//243 5980//243 5979//243 5989//243
f 5982//235 5990//235 5989//235 5981//235
f 6001//235 5982//235 5981//235 6000//235
f 6012//235 6001//235 6000//235 6011//235
f 6031//235 6012//235 6011//235 6032//235
f 6097//244 6034//244 6033//244 6098//244
f 6060//233 6044//233 6043//233 6058//233
f 6056//233 6111//233 6110//233 6057//233
f 6069//220 6080//220 6079//220 6070//220
f 5990//236 6138//236 6139//236 5988//236
f 6096//237 6035//237 6034//237 6095//237
f 6055//220 6115//220 6117//220 6056//220
f 6116//233 6109//233 6108//233 6117//233
f 6115//236 6170//236 6171//236 6116//236
f 6135//237 6068//237 6067//237 6134//237
f 6138//236 6184//236 6185//236 6139//236
f 6206//237 6096//237 6095//237 6205//237
f 6170//236 6164//236 6165//236 6171//236
f 6229//237 6135//237 6134//237 6228//237
f 6184//236 6237//236 6238//236 6185//236
f 6253//237 6206//237 6205//237 6254//237
f 6164//236 6260//236 6261//236 6165//236
f 6287//237 6229//237 6228//237 6286//237
f 6237//236 6302//236 6303//236 6238//236
f 6260//236 6334//236 6335//236 6261//236
f 6283//244 6272//244 6271//244 6284//244
f 6347//244 6276//244 6278//244 6348//244
f 6277//235 6285//235 6284//235 6278//235
f 6285//237 6287//237 6286//237 6283//237
f 6302//236 6365//236 6367//236 6303//236
f 6366//233 6364//233 6363//233 6367//233
f 6304//234 6415//234 6417//234 6305//234
f 6416//237 6252//237 6251//237 6417//237
f 6441//243 6428//243 6427//243 6442//243
f 6321//235 6443//235 6442//235 6322//235
f 6334//236 6321//236 6320//236 6335//236
f 6338//244 6456//244 6455//244 6339//244
f 6454//235 6344//235 6343//235 6455//235
f 6344//237 6277//237 6276//237 6342//237
f 6365//220 6359//220 6360//220 6366//220
f 6359//220 6382//220 6383//220 6360//220
f 6382//220 6393//220 6394//220 6383//220
f 6393//220 6404//220 6405//220 6394//220
f 6404//220 6416//220 6415//220 6405//220
f 6508//243 6419//243 6418//243 6509//243
f 6430//235 6510//235 6509//235 6431//235
f 6443//236 6430//236 6429//236 6441//236
f 6452//244 6445//244 6444//244 6453//244
f 6467//235 6451//235 6453//235 6466//235
f 6474//235 6467//235 6466//235 6473//235
f 6495//235 6474//235 6473//235 6494//235
f 6499//235 6495//235 6494//235 6498//235
f 6513//243 6502//243 6504//243 6514//243
f 6503//235 6499//235 6498//235 6504//235
f 6510//236 6503//236 6502//236 6508//236
f 5952//241 5949//241 5951//241 5953//241
f 5950//232 5954//232 5955//232 5951//232
f 5947//231 5944//231 5946//231 5948//231
f 5945//230 5950//230 5949//230 5946//230
f 5942//229 5945//229 5944//229 5943//229
f 5933//228 5930//228 5932//228 5934//228
f 5931//227 5942//227 5943//227 5932//227
f 5928//240 5923//240 5925//240 5929//240
f 5924//226 5931//226 5930//226 5925//226
f 5921//225 5924//225 5923//225 5922//225
f 5919//224 5921//224 5922//224 5920//224
f 5915//223 5912//223 5914//223 5916//223
f 5913//222 5919//222 5920//222 5914//222
f 5910//221 5913//221 5912//221 5911//221
f 5908//219 5905//219 5907//219 5909//219
f 5906//218 5910//218 5911//218 5907//218
f 5903//217 5906//217 5905//217 5904//217
f 5954//216 5903//216 5904//216 5955//216
f 5894//241 5891//241 5893//241 5895//241
f 5892//232 5899//232 5900//232 5893//232
f 5885//230 5892//230 5891//230 5886//230
f 5883//229 5885//229 5886//229 5884//229
f 6519//228 6521//228 6523//228 6520//228
f 6522//227 5883//227 5884//227 6523//227
f 6524//240 6526//240 6528//240 6525//240
f 6527//226 6522//226 6521//226 6528//226
f 6529//225 6527//225 6526//225 6530//225
f 6531//239 6533//239 6535//239 6532//239
f 6534//224 6529//224 6530//224 6535//224
f 6536//222 6534//222 6533//222 6537//222
f 6538//245 6540//245 6542//245 6539//245
f 6541//221 6536//221 6537//221 6542//221
f 6543//218 6541//218 6540//218 6544//218
f 6545//238 6547//238 6549//238 6546//238
f 6548//217 6543//217 6544//217 6549//217
f 5899//216 6548//216 6547//216 5900//216
f 6552//241 6554//241 6556//241 6553//241
f 6555//232 6550//232 6551//232 6556//232
f 6557//230 6555//230 6554//230 6558//230
f 6559//229 6557//229 6558//229 6560//229
f 6561//228 6563//228 6565//228 6562//228
f 6564//227 6559//227 6560//227 6565//227
f 6566//240 6568//240 6570//240 6567//240
f 6569//226 6564//226 6563//226 6570//226
f 6571//225 6569//225 6568//225 6572//225
f 6573//239 6575//239 6577//239 6574//239
f 6576//224 6571//224 6572//224 6577//224
f 6578//223 6580//223 6582//223 6579//223
f 6581//222 6576//222 6575//222 6582//222
f 6583//221 6581//221 6580//221 6584//221
f 6585//218 6583//218 6584//218 6586//218
f 6587//238 6589//238 6591//238 6588//238
f 6590//217 6585//217 6586//217 6591//217
f 6550//216 6590//216 6589//216 6551//216
f 6594//241 6596//241 6598//241 6595//241
f 6597//232 6592//232 6593//232 6598//232
f 6599//230 6597//230 6596//230 6600//230
f 6601//229 6599//229 6600//229 6602//229
f 6603//227 6601//227 6602//227 6604//227
f 6605//240 6607//240 6609//240 6606//240
f 6608//226 6603//226 6604//226 6609//226
f 6610//225 6608//225 6607//225 6611//225
f 6612//239 6614//239 6616//239 6613//239
f 6615//224 6610//224 6611//224 6616//224
f 6617//222 6615//222 6614//222 6618//222
f 6619//245 6621//245 6623//245 6620//245
f 6622//221 6617//221 6618//221 6623//221
f 6624//218 6622//218 6621//218 6625//218
f 6626//238 6628//238 6630//238 6627//238
f 6629//217 6624//217 6625//217 6630//217
f 6592//216 6629//216 6628//216 6593//216
f 6633//241 6635//241 6637//241 6634//241
f 6636//232 6631//232 6632//232 6637//232
f 6638//230 6636//230 6635//230 6639//230
f 6640//229 6638//229 6639//229 6641//229
f 6642//227 6640//227 6641//227 6643//227
f 6644//240 6646//240 6648//240 6645//240
f 6647//226 6642//226 6643//226 6648//226
f 6649//225 6647//225 6646//225 6650//225
f 6651//239 6653//239 6655//239 6652//239
f 6654//224 6649//224 6650//224 6655//224
f 6656//222 6654//222 6653//222 6657//222
f 6658//221 6656//221 6657//221 6659//221
f 6660//218 6658//218 6659//218 6661//218
f 6662//238 6664//238 6666//238 6663//238
f 6665//217 6660//217 6661//217 6666//217
f 6631//216 6665//216 6664//216 6632//216
f 6669//241 6671//241 6673//241 6670//241
f 6672//232 6667//232 6668//232 6673//232
f 6674//230 6672//230 6671//230 6675//230
f 6676//246 6678//246 6680//246 6677//246
f 6679//229 6674//229 6675//229 6680//229
f 6681//227 6679//227 6678//227 6682//227
f 6683//240 6685//240 6687//240 6684//240
f 6686//226 6681//226 6682//226 6687//226
f 6688//225 6686//225 6685//225 6689//225
f 6690//239 6692//239 6694//239 6691//239
f 6693//224 6688//224 6689//224 6694//224
f 6695//222 6693//222 6692//222 6696//222
f 6697//221 6695//221 6696//221 6698//221
f 6699//218 6697//218 6698//218 6700//218
f 6701//238 6703//238 6705//238 6702//238
f 6704//217 6699//217 6700//217 6705//217
f 6667//216 6704//216 6703//216 6668//216
f 6708//241 6710//241 6712//241 6709//241
f 6711//232 6706//232 6707//232 6712//232
f 6713//230 6711//230 6710//230 6714//230
f 6715//229 6713//229 6714//229 6716//229
f 6717//227 6715//227 6716//227 6718//227
f 6719//240 6721//240 6723//240 6720//240
f 6722//226 6717//226 6718//226 6723//226
f 6724//225 6722//225 6721//225 6725//225
f 6726//239 6728//239 6730//239 6727//239
f 6729//224 6724//224 6725//224 6730//224
f 6731//222 6729//222 6728//222 6732//222
f 6733//245 6735//245 6737//245 6734//245
f 6736//221 6731//221 6732//221 6737//221
f 6738//218 6736//218 6735//218 6739//218
f 6740//238 6742//238 6744//238 6741//238
f 6743//217 6738//217 6739//217 6744//217
f 6706//216 6743//216 6742//216 6707//216
f 6747//241 6749//241 6751//241 6748//241
f 6750//232 6745//232 6746//232 6751//232
f 6752//230 6750//230 6749//230 6753//230
f 6754//229 6752//229 6753//229 6755//229
f 6756//227 6754//227 6755//227 6757//227
f 6758//240 6760//240 6762//240 6759//240
f 6761//226 6756//226 6757//226 6762//226
f 6763//225 6761//225 6760//225 6764//225
f 6765//239 6767//239 6769//239 6766//239
f 6768//224 6763//224 6764//224 6769//224
f 6770//222 6768//222 6767//222 6771//222
f 6772//221 6770//221 6771//221 6773//221
f 6774//218 6772//218 6773//218 6775//218
f 6776//238 6778//238 6780//238 6777//238
f 6779//217 6774//217 6775//217 6780//217
f 6745//216 6779//216 6778//216 6746//216
f 6783//241 6785//241 6787//241 6784//241
f 6786//232 6781//232 6782//232 6787//232
f 6788//230 6786//230 6785//230 6789//230
f 6790//246 6792//246 6794//246 6791//246
f 6793//229 6788//229 6789//229 6794//229
f 6795//227 6793//227 6792//227 6796//227
f 6797//240 6799//240 6801//240 6798//240
f 6800//226 6795//226 6796//226 6801//226
f 6802//225 6800//225 6799//225 6803//225
f 6804//239 6806//239 6808//239 6805//239
f 6807//224 6802//224 6803//224 6808//224
f 6809//222 6807//222 6806//222 6810//222
f 6811//221 6809//221 6810//221 6812//221
f 6813//218 6811//218 6812//218 6814//218
f 6815//238 6817//238 6819//238 6816//238
f 6818//217 6813//217 6814//217 6819//217
f 6781//216 6818//216 6817//216 6782//216
f 6822//241 6824//241 6826//241 6823//241
f 6825//232 6820//232 6821//232 6826//232
f 6827//230 6825//230 6824//230 6828//230
f 6829//229 6827//229 6828//229 6830//229
f 6831//227 6829//227 6830//227 6832//227
f 6833//240 6835//240 6837//240 6834//240
f 6836//226 6831//226 6832//226 6837//226
f 6838//225 6836//225 6835//225 6839//225
f 6840//239 6842//239 6844//239 6841//239
f 6843//224 6838//224 6839//224 6844//224
f 6845//222 6843//222 6842//222 6846//222
f 6847//245 6849//245 6851//245 6848//245
f 6850//221 6845//221 6846//221 6851//221
f 6852//218 6850//218 6849//218 6853//218
f 6854//238 6856//238 6858//238 6855//238
f 6857//217 6852//217 6853//217 6858//217
f 6820//216 6857//216 6856//216 6821//216
f 6861//241 6863//241 6865//241 6862//241
f 6864//232 6859//232 6860//232 6865//232
f 6866//230 6864//230 6863//230 6867//230
f 6868//229 6866//229 6867//229 6869//229
f 6870//227 6868//227 6869//227 6871//227
f 6872//240 6874//240 6876//240 6873//240
f 6875//226 6870//226 6871//226 6876//226
f 6877//225 6875//225 6874//225 6878//225
f 6879//239 6881//239 6883//239 6880//239
f 6882//224 6877//224 6878//224 6883//224
f 6884//222 6882//222 6881//222 6885//222
f 6886//221 6884//221 6885//221 6887//221
f 6888//218 6886//218 6887//218 6889//218
f 6890//238 6892//238 6894//238 6891//238
f 6893//217 6888//217 6889//217 6894//217
f 6859//216 6893//216 6892//216 6860//216
f 6897//241 6899//241 6901//241 6898//241
f 6900//232 6895//232 6896//232 6901//232
f 6902//230 6900//230 6899//230 6903//230
f 6904//246 6906//246 6908//246 6905//246
f 6907//229 6902//229 6903//229 6908//229
f 6909//227 6907//227 6906//227 6910//227
f 6911//240 6913//240 6915//240 6912//240
f 6914//226 6909//226 6910//226 6915//226
f 6916//225 6914//225 6913//225 6917//225
f 6918//239 6920//239 6922//239 6919//239
f 6921//224 6916//224 6917//224 6922//224
f 6923//222 6921//222 6920//222 6924//222
f 6925//221 6923//221 6924//221 6926//221
f 6927//218 6925//218 6926//218 6928//218
f 6929//238 6931//238 6933//238 6930//238
f 6932//217 6927//217 6928//217 6933//217
f 6895//216 6932//216 6931//216 6896//216
f 6936//241 6938//241 6940//241 6937//241
f 6939//232 6934//232 6935//232 6940//232
f 6941//231 6943//231 6945//231 6942//231
f 6944//230 6939//230 6938//230 6945//230
f 6946//229 6944//229 6943//229 6947//229
f 6948//227 6946//227 6947//227 6949//227
f 6950//240 6952//240 6954//240 6951//240
f 6953//226 6948//226 6949//226 6954//226
f 6955//225 6953//225 6952//225 6956//225
f 6957//239 6959//239 6961//239 6958//239
f 6960//224 6955//224 6956//224 6961//224
f 6962//222 6960//222 6959//222 6963//222
f 6964//245 6966//245 6968//245 6965//245
f 6967//221 6962//221 6963//221 6968//221
f 6969//218 6967//218 6966//218 6970//218
f 6971//238 6973//238 6975//238 6972//238
f 6974//217 6969//217 6970//217 6975//217
f 6934//216 6974//216 6973//216 6935//216
f 6978//241 6980//241 6982//241 6979//241
f 6981//232 6976//232 6977//232 6982//232
f 6983//231 6985//231 6987//231 6984//231
f 6986//230 6981//230 6980//230 6987//230
f 6988//229 6986//229 6985//229 6989//229
f 6990//227 6988//227 6989//227 6991//227
f 6992//240 6994//240 6996//240 6993//240
f 6995//226 6990//226 6991//226 6996//226
f 6997//225 6995//225 6994//225 6998//225
f 6999//239 7001//239 7003//239 7000//239
f 7002//224 6997//224 6998//224 7003//224
f 7004//222 7002//222 7001//222 7005//222
f 7006//221 7004//221 7005//221 7007//221
f 7008//219 7010//219 7012//219 7009//219
f 7011//218 7006//218 7007//218 7012//218
f 7013//238 7015//238 7017//238 7014//238
f 7016//217 7011//217 7010//217 7017//217
f 6976//216 7016//216 7015//216 6977//216
f 7020//241 7022//241 7024//241 7021//241
f 7023//232 7018//232 7019//232 7024//232
f 7025//231 7027//231 7029//231 7026//231
f 7028//230 7023//230 7022//230 7029//230
f 7030//229 7028//229 7027//229 7031//229
f 7032//228 7034//228 7036//228 7033//228
f 7035//227 7030//227 7031//227 7036//227
f 7037//240 7039//240 7041//240 7038//240
f 7040//226 7035//226 7034//226 7041//226
f 7042//225 7040//225 7039//225 7043//225
f 7044//239 7046//239 7048//239 7045//239
f 7047//224 7042//224 7043//224 7048//224
f 7049//223 7051//223 7053//223 7050//223
f 7052//222 7047//222 7046//222 7053//222
f 7054//221 7052//221 7051//221 7055//221
f 7056//219 7058//219 7060//219 7057//219
f 7059//218 7054//218 7055//218 7060//218
f 7061//238 7063//238 7065//238 7062//238
f 7064//217 7059//217 7058//217 7065//217
f 7018//216 7064//216 7063//216 7019//216
f 7068//232 7066//232 7067//232 7069//232
f 7070//231 7072//231 7074//231 7071//231
f 7073//230 7068//230 7069//230 7074//230
f 7075//229 7073//229 7072//229 7076//229
f 7077//228 7079//228 7081//228 7078//228
f 7080//227 7075//227 7076//227 7081//227
f 7082//226 7080//226 7079//226 7083//226
f 7084//225 7082//225 7083//225 7085//225
f 7086//239 7088//239 7090//239 7087//239
f 7089//224 7084//224 7085//224 7090//224
f 7091//223 7093//223 7095//223 7092//223
f 7094//222 7089//222 7088//222 7095//222
f 7096//221 7094//221 7093//221 7097//221
f 7098//219 7100//219 7102//219 7099//219
f 7101//218 7096//218 7097//218 7102//218
f 7103//238 7105//238 7107//238 7104//238
f 7106//217 7101//217 7100//217 7107//217
f 7066//216 7106//216 7105//216 7067//216
f 7110//232 7108//232 7109//232 7111//232
f 7112//231 7114//231 7116//231 7113//231
f 7115//230 7110//230 7111//230 7116//230
f 7117//229 7115//229 7114//229 7118//229
f 7119//228 7121//228 7123//228 7120//228
f 7122//227 7117//227 7118//227 7123//227
f 7124//226 7122//226 7121//226 7125//226
f 7126//225 7124//225 7125//225 7127//225
f 7128//224 7126//224 7127//224 7129//224
f 7130//223 7132//223 7134//223 7131//223
f 7133//222 7128//222 7129//222 7134//222
f 7135//221 7133//221 7132//221 7136//221
f 7137//219 7139//219 7141//219 7138//219
f 7140//218 7135//218 7136//218 7141//218
f 7142//217 7140//217 7139//217 7143//217
f 7108//216 7142//216 7143//216 7109//216
f 7146//232 7144//232 7145//232 7147//232
f 7148//231 7150//231 7152//231 7149//231
f 7151//230 7146//230 7147//230 7152//230
f 7153//229 7151//229 7150//229 7154//229
f 7155//228 7157//228 7159//228 7156//228
f 7158//227 7153//227 7154//227 7159//227
f 7160//226 7158//226 7157//226 7161//226
f 7162//225 7160//225 7161//225 7163//225
f 7164//224 7162//224 7163//224 7165//224
f 7166//223 7168//223 7170//223 7167//223
f 7169//222 7164//222 7165//222 7170//222
f 7171//221 7169//221 7168//221 7172//221
f 7173//219 7175//219 7177//219 7174//219
f 7176//218 7171//218 7172//218 7177//218
f 7178//217 7176//217 7175//217 7179//217
f 7144//216 7178//216 7179//216 7145//216
f 7182//232 7180//232 7181//232 7183//232
f 7184//231 7186//231 7188//231 7185//231
f 7187//230 7182//230 7183//230 7188//230
f 7189//229 7187//229 7186//229 7190//229
f 7191//228 7193//228 7195//228 7192//228
f 7194//227 7189//227 7190//227 7195//227
f 7196//226 7194//226 7193//226 7197//226
f 7198//225 7196//225 7197//225 7199//225
f 7200//224 7198//224 7199//224 7201//224
f 7202//223 7204//223 7206//223 7203//223
f 7205//222 7200//222 7201//222 7206//222
f 7207//221 7205//221 7204//221 7208//221
f 7209//219 7211//219 7213//219 7210//219
f 7212//218 7207//218 7208//218 7213//218
f 7214//217 7212//217 7211//217 7215//217
f 7180//216 7214//216 7215//216 7181//216
f 7218//241 7220//241 7222//241 7219//241
f 7221//232 7216//232 7217//232 7222//232
f 7223//231 7225//231 7227//231 7224//231
f 7226//230 7221//230 7220//230 7227//230
f 7228//229 7226//229 7225//229 7229//229
f 7230//228 7232//228 7234//228 7231//228
f 7233//227 7228//227 7229//227 7234//227
f 7235//240 7237//240 7239//240 7236//240
f 7238//226 7233//226 7232//226 7239//226
f 7240//225 7238//225 7237//225 7241//225
f 7242//224 7240//224 7241//224 7243//224
f 7244//223 7246//223 7248//223 7245//223
f 7247//222 7242//222 7243//222 7248//222
f 7249//221 7247//221 7246//221 7250//221
f 7251//219 7253//219 7255//219 7252//219
f 7254//218 7249//218 7250//218 7255//218
f 7256//217 7254//217 7253//217 7257//217
f 7216//216 7256//216 7257//216 7217//216
f 7260//247 7259//247 7258//247 7261//247
f 7263//232 7262//232 7261//232 7264//232
f 7265//231 7267//231 7269//231 7266//231
f 7268//230 7263//230 7264//230 7269//230
f 7270//229 7268//229 7267//229 7271//229
f 7272//228 7274//228 7276//228 7273//228
f 7275//227 7270//227 7271//227 7276//227
f 7277//226 7275//226 7274//226 7278//226
f 7279//225 7277//225 7278//225 7280//225
f 7281//239 7283//239 7285//239 7282//239
f 7284//224 7279//224 7280//224 7285//224
f 7286//223 7288//223 7290//223 7287//223
f 7289//222 7284//222 7283//222 7290//222
f 7291//221 7289//221 7288//221 7292//221
f 7293//219 7295//219 7297//219 7294//219
f 7296//218 7291//218 7292//218 7297//218
f 7298//217 7296//217 7295//217 7299//217
f 7262//216 7298//216 7299//216 7260//216
f 7302//247 7301//247 7300//247 7303//247
f 7305//232 7304//232 7303//232 7306//232
f 7307//231 7309//231 7311//231 7308//231
f 7310//230 7305//230 7306//230 7311//230
f 7312//229 7310//229 7309//229 7313//229
f 7314//228 7316//228 7318//228 7315//228
f 7317//227 7312//227 7313//227 7318//227
f 7319//226 7317//226 7316//226 7320//226
f 7321//225 7319//225 7320//225 7322//225
f 7323//224 7321//224 7322//224 7324//224
f 7325//223 7327//223 7329//223 7326//223
f 7328//222 7323//222 7324//222 7329//222
f 7330//221 7328//221 7327//221 7331//221
f 7332//219 7334//219 7336//219 7333//219
f 7335//218 7330//218 7331//218 7336//218
f 7337//217 7335//217 7334//217 7338//217
f 7304//216 7337//216 7338//216 7302//216
f 7341//247 7340//247 7339//247 7342//247
f 7344//232 7343//232 7342//232 7345//232
f 7346//231 7348//231 7350//231 7347//231
f 7349//230 7344//230 7345//230 7350//230
f 7351//229 7349//229 7348//229 7352//229
f 7353//228 7355//228 7357//228 7354//228
f 7356//227 7351//227 7352//227 7357//227
f 7358//226 7356//226 7355//226 7359//226
f 7360//225 7358//225 7359//225 7361//225
f 7362//224 7360//224 7361//224 7363//224
f 7364//223 7366//223 7368//223 7365//223
f 7367//222 7362//222 7363//222 7368//222
f 7369//221 7367//221 7366//221 7370//221
f 7371//219 7373//219 7375//219 7372//219
f 7374//218 7369//218 7370//218 7375//218
f 7376//217 7374//217 7373//217 7377//217
f 7343//216 7376//216 7377//216 7341//216
f 7380//247 7379//247 7378//247 7381//247
f 7383//232 7382//232 7381//232 7384//232
f 7385//231 7387//231 7389//231 7386//231
f 7388//230 7383//230 7384//230 7389//230
f 7390//229 7388//229 7387//229 7391//229
f 7392//228 7394//228 7396//228 7393//228
f 7395//227 7390//227 7391//227 7396//227
f 7397//226 7395//226 7394//226 7398//226
f 7399//225 7397//225 7398//225 7400//225
f 7401//224 7399//224 7400//224 7402//224
f 7403//223 7405//223 7407//223 7404//223
f 7406//222 7401//222 7402//222 7407//222
f 7408//221 7406//221 7405//221 7409//221
f 7410//219 7412//219 7414//219 7411//219
f 7413//218 7408//218 7409//218 7414//218
f 7415//217 7413//217 7412//217 7416//217
f 7382//216 7415//216 7416//216 7380//216
f 7419//247 7418//247 7417//247 7420//247
f 7422//232 7421//232 7420//232 7423//232
f 7424//231 7426//231 7428//231 7425//231
f 7427//230 7422//230 7423//230 7428//230
f 7429//229 7427//229 7426//229 7430//229
f 7431//228 7433//228 7435//228 7432//228
f 7434//227 7429//227 7430//227 7435//227
f 7436//240 7438//240 7440//240 7437//240
f 7439//226 7434//226 7433//226 7440//226
f 7441//225 7439//225 7438//225 7442//225
f 7443//224 7441//224 7442//224 7444//224
f 7445//223 7447//223 7449//223 7446//223
f 7448//222 7443//222 7444//222 7449//222
f 7450//221 7448//221 7447//221 7451//221
f 7452//219 7454//219 7456//219 7453//219
f 7455//218 7450//218 7451//218 7456//218
f 7457//217 7455//217 7454//217 7458//217
f 7421//216 7457//216 7458//216 7419//216
f 5599//248 6520//248 6523//248 5884//248
f 5600//249 5599//249 5884//249 5886//249
f 5899//250 5892//250 5885//250 5883//250 6522//250 6527//250 6529//250 6534//250 6536//250 6541//250 6543//250 6548//250
f 5894//243 5600//243 5886//243 5891//243
f 5890//245 5987//245 5898//245 5887//245
f 5897//242 5902//242 5604//242 5888//242
f 5969//242 5985//242 5889//242 5971//242
f 5601//251 5895//251 5893//251 5900//251
f 5896//250 5986//250 5605//250 5901//250
f 6545//252 5601//252 5900//252 6547//252
f 5901//250 5605//250 5606//250 5917//250
f 5902//242 5918//242 5603//242 5604//242
f 5602//252 5614//252 5955//252 5904//252
f 5908//244 5602//244 5904//244 5905//244
f 5954//250 5950//250 5945//250 5942//250 5931//250 5924//250 5921//250 5919//250 5913//250 5910//250 5906//250 5903//250
f 5607//253 5909//253 5907//253 5911//253
f 5915//254 5607//254 5911//254 5912//254
f 5609//234 5916//234 5914//234 5920//234
f 5917//250 5606//250 5608//250 5926//250
f 5918//242 5927//242 5611//242 5603//242
f 5610//255 5609//255 5920//255 5922//255
f 5928//256 5610//256 5922//256 5923//256
f 5933//233 5929//233 5925//233 5930//233
f 5926//250 5608//250 5629//250 5936//250
f 5927//242 5935//242 5612//242 5611//242
f 5613//248 5934//248 5932//248 5943//248
f 5935//242 5939//242 5940//242 5612//242
f 5936//250 5629//250 6051//250 5937//250
f 5941//246 5938//246 6050//246 6041//246
f 5947//249 5613//249 5943//249 5944//249
f 5952//243 5948//243 5946//243 5949//243
f 5614//251 5953//251 5951//251 5955//251
f 6010//250 6007//250 6003//250 5998//250 5994//250 5991//250 5983//250 5977//250 5973//250 5965//250 5959//250 5956//250
f 5961//244 5615//244 5957//244 5958//244
f 5615//252 5625//252 6009//252 5957//252
f 5616//253 5962//253 5960//253 5966//253
f 5964//245 6081//245 5967//245 5970//245
f 6070//242 6079//242 5963//242 6073//242
f 5975//254 5616//254 5966//254 5972//254
f 5968//250 6080//250 5990//250 5986//250
f 5617//234 5976//234 5974//234 5978//234
f 5618//255 5617//255 5978//255 5984//255
f 5980//246 5988//246 6139//246 5648//246
f 5979//247 5619//247 5981//247 5989//247
f 5619//247 5622//247 6000//247 5981//247
f 5986//250 5990//250 5982//250 5605//250
f 5605//250 5982//250 6001//250 5606//250
f 5620//256 5618//256 5984//256 5992//256
f 6080//250 5649//250 6138//250 5990//250
f 5996//233 5620//233 5992//233 5993//233
f 5621//248 5997//248 5995//248 5999//248
f 6005//249 5621//249 5999//249 6002//249
f 5622//247 5623//247 6011//247 6000//247
f 5606//250 6001//250 6012//250 5608//250
f 5624//243 6006//243 6004//243 6008//243
f 5625//251 5624//251 6008//251 6009//251
f 5623//247 5626//247 6032//247 6011//247
f 5608//250 6012//250 6031//250 5629//250
f 6066//250 6063//250 6053//250 6047//250 6039//250 6036//250 6029//250 6027//250 6023//250 6020//250 6016//250 6013//250
f 6018//244 5627//244 6014//244 6015//244
f 5627//252 5635//252 6065//252 6014//252
f 5628//253 6019//253 6017//253 6021//253
f 6025//254 5628//254 6021//254 6022//254
f 5630//234 6026//234 6024//234 6028//234
f 5631//255 5630//255 6028//255 6030//255
f 5632//256 5631//256 6030//256 6037//256
f 5629//250 6031//250 6035//250 6051//250
f 5626//247 6098//247 6033//247 6032//247
f 6051//250 6035//250 6055//250 6059//250
f 6035//250 6096//250 5655//250 6055//250
f 5639//245 6095//245 6034//245 6097//245
f 6045//233 5632//233 6037//233 6038//233
f 5633//248 6046//248 6040//248 6048//248
f 6049//242 6058//242 6043//242 6042//242
f 6044//246 6060//246 6057//246 6110//246
f 6061//249 5633//249 6048//249 6052//249
f 5634//243 6062//243 6054//243 6064//243
f 6055//250 5655//250 6170//250 6115//250
f 6056//242 6117//242 6108//242 6111//242
f 5635//251 5634//251 6064//251 6065//251
f 6069//250 6068//250 5649//250 6080//250
f 6068//250 6135//250 5659//250 5649//250
f 5646//245 6067//245 6071//245 6072//245
f 5658//245 6134//245 6067//245 5646//245
f 6123//250 6120//250 6113//250 6106//250 6102//250 6099//250 6093//250 6091//250 6087//250 6084//250 6077//250 6074//250
f 6082//244 5636//244 6075//244 6076//244
f 5636//252 5645//252 6122//252 6075//252
f 5637//253 6083//253 6078//253 6085//253
f 6089//254 5637//254 6085//254 6086//254
f 5638//234 6090//234 6088//234 6092//234
f 5640//255 5638//255 6092//255 6094//255
f 5641//256 5640//256 6094//256 6100//256
f 5650//245 6205//245 6095//245 5639//245
f 6096//250 6206//250 5653//250 5655//250
f 6104//233 5641//233 6100//233 6101//233
f 5642//248 6105//248 6103//248 6107//248
f 6118//249 5642//249 6107//249 6112//249
f 6109//246 6116//246 6171//246 5643//246
f 5644//243 6119//243 6114//243 6121//243
f 5645//251 5644//251 6121//251 6122//251
f 6173//250 6168//250 6162//250 6159//250 6155//250 6152//250 6150//250 6146//250 6141//250 6136//250 6130//250 6125//250
f 6132//244 6128//244 6126//244 6129//244
f 6127//252 5657//252 6172//252 6124//252
f 5647//253 6133//253 6131//253 6137//253
f 5667//245 6228//245 6134//245 5658//245
f 6135//250 6229//250 5668//250 5659//250
f 6143//254 5647//254 6137//254 6140//254
f 5648//246 6139//246 6185//246 5660//246
f 5649//250 5659//250 6184//250 6138//250
f 6148//234 6144//234 6142//234 6145//234
f 5651//255 6149//255 6147//255 6151//255
f 5652//256 5651//256 6151//256 6153//256
f 6157//233 5652//233 6153//233 6154//233
f 5654//248 6158//248 6156//248 6160//248
f 6166//249 5654//249 6160//249 6161//249
f 5656//243 6167//243 6163//243 6169//243
f 5655//250 5653//250 6164//250 6170//250
f 5643//246 6171//246 6165//246 5663//246
f 5653//250 5676//250 6260//250 6164//250
f 5663//246 6165//246 6261//246 5675//246
f 5657//251 5656//251 6169//251 6172//251
f 6225//250 6220//250 6215//250 6212//250 6208//250 6201//250 6198//250 6194//250 6189//250 6186//250 6180//250 6175//250
f 6182//244 6178//244 6176//244 6179//244
f 6177//252 5665//252 6224//252 6174//252
f 5661//253 6183//253 6181//253 6187//253
f 5660//246 6185//246 6238//246 5669//246
f 5659//250 5668//250 6237//250 6184//250
f 6191//254 5661//254 6187//254 6188//254
f 6196//234 6192//234 6190//234 6193//234
f 5662//255 6197//255 6195//255 6199//255
f 6203//256 5662//256 6199//256 6200//256
f 6210//233 6204//233 6202//233 6207//233
f 5672//245 6254//245 6205//245 5650//245
f 6206//250 6253//250 5676//250 5653//250
f 5664//248 6211//248 6209//248 6213//248
f 6217//249 5664//249 6213//249 6214//249
f 6222//243 6218//243 6216//243 6219//243
f 5665//251 6223//251 6221//251 6224//251
f 6282//250 6274//250 6267//250 6264//250 6258//250 6255//250 6247//250 6244//250 6240//250 6235//250 6231//250 6226//250
f 6233//244 5666//244 6227//244 6230//244
f 5666//252 5678//252 6281//252 6227//252
f 5679//245 6286//245 6228//245 5667//245
f 6229//250 6287//250 5683//250 5668//250
f 5670//253 6234//253 6232//253 6236//253
f 6242//254 5670//254 6236//254 6239//254
f 5669//246 6238//246 6303//246 5681//246
f 5668//250 5683//250 6302//250 6237//250
f 5671//234 6243//234 6241//234 6245//234
f 6249//255 5671//255 6245//255 6246//255
f 5673//256 6250//256 6248//256 6256//256
f 6253//250 6252//250 5674//250 5676//250
f 6252//250 6416//250 6443//250 5674//250
f 5685//245 6251//245 6254//245 5672//245
f 6305//245 6417//245 6251//245 5685//245
f 6262//233 5673//233 6256//233 6257//233
f 5677//248 6263//248 6259//248 6265//248
f 5675//246 6261//246 6335//246 5687//246
f 5676//250 5674//250 6334//250 6260//250
f 6269//249 5677//249 6265//249 6266//249
f 6279//243 6270//243 6268//243 6273//243
f 6272//245 6283//245 6286//245 5679//245
f 6271//247 6348//247 6278//247 6284//247
f 5678//251 6280//251 6275//251 6281//251
f 6337//245 6342//245 6276//245 6347//245
f 6287//250 6285//250 6277//250 5683//250
f 5683//250 6277//250 6365//250 6302//250
f 6277//250 6344//250 6454//250 6365//250
f 6341//250 6332//250 6328//250 6325//250 6316//250 6313//250 6309//250 6306//250 6298//250 6295//250 6291//250 6288//250
f 6293//244 5680//244 6289//244 6290//244
f 5680//252 5690//252 6340//252 6289//252
f 5682//253 6294//253 6292//253 6296//253
f 6300//254 5682//254 6296//254 6297//254
f 5684//234 6301//234 6299//234 6307//234
f 5681//246 6303//246 6367//246 6363//246
f 6405//242 6415//242 6304//242 5704//242
f 6311//255 5684//255 6307//255 6308//255
f 5686//256 6312//256 6310//256 6314//256
f 6323//233 5686//233 6314//233 6315//233
f 5688//248 6324//248 6317//248 6326//248
f 5687//246 6335//246 6320//246 6318//246
f 6427//247 6319//247 6322//247 6442//247
f 5674//250 6443//250 6321//250 6334//250
f 6330//249 5688//249 6326//249 6327//249
f 5689//243 6331//243 6329//243 6333//243
f 5690//251 5689//251 6333//251 6340//251
f 6336//247 6339//247 6455//247 6343//247
f 6445//245 6452//245 6456//245 6338//245
f 6396//250 6391//250 6387//250 6384//250 6378//250 6375//250 6371//250 6368//250 6357//250 6354//250 6350//250 6345//250
f 6352//244 5691//244 6346//244 6349//244
f 5691//252 5701//252 6395//252 6346//252
f 5692//253 6353//253 6351//253 6355//253
f 6361//254 5692//254 6355//254 6356//254
f 5693//234 6362//234 6358//234 6369//234
f 6365//250 6454//250 5711//250 6359//250
f 6366//242 6360//242 5695//242 6364//242
f 6359//250 5711//250 5696//250 6382//250
f 6360//242 6383//242 5699//242 5695//242
f 6373//255 5693//255 6369//255 6370//255
f 5694//256 6374//256 6372//256 6376//256
f 6380//233 5694//233 6376//233 6377//233
f 5697//248 6381//248 6379//248 6385//248
f 6382//250 5696//250 5717//250 6393//250
f 6383//242 6394//242 5698//242 5699//242
f 6389//249 5697//249 6385//249 6386//249
f 5700//243 6390//243 6388//243 6392//243
f 5701//251 5700//251 6392//251 6395//251
f 6393//250 5717//250 5718//250 6404//250
f 6394//242 6405//242 5704//242 5698//242
f 6460//250 6457//250 6447//250 6439//250 6435//250 6425//250 6421//250 6413//250 6409//250 6406//250 6400//250 6397//250
f 6402//244 5702//244 6398//244 6399//244
f 5702//252 5710//252 6459//252 6398//252
f 5703//253 6403//253 6401//253 6407//253
f 6404//250 5718//250 6510//250 6416//250
f 6411//254 5703//254 6407//254 6408//254
f 5705//234 6412//234 6410//234 6414//234
f 6423//255 5705//255 6414//255 6420//255
f 6416//250 6510//250 6430//250 6443//250
f 6419//246 6508//246 6502//246 6513//246
f 6418//247 6433//247 6431//247 6509//247
f 5706//256 6424//256 6422//256 6426//256
f 6437//233 5706//233 6426//233 6434//233
f 6428//246 6441//246 6429//246 6432//246
f 5708//248 6438//248 6436//248 6440//248
f 6449//249 5708//249 6440//249 6446//249
f 6444//247 5707//247 6466//247 6453//247
f 5709//243 6450//243 6448//243 6458//243
f 6454//250 6451//250 6467//250 5711//250
f 5710//251 5709//251 6458//251 6459//251
f 6518//250 6515//250 6506//250 6500//250 6492//250 6489//250 6485//250 6482//250 6478//250 6475//250 6469//250 6462//250
f 6471//244 6465//244 6463//244 6468//244
f 6464//252 5722//252 6517//252 6461//252
f 5707//247 5712//247 6473//247 6466//247
f 5711//250 6467//250 6474//250 5696//250
f 5713//253 6472//253 6470//253 6476//253
f 5712//247 5714//247 6494//247 6473//247
f 5696//250 6474//250 6495//250 5717//250
f 6480//254 5713//254 6476//254 6477//254
f 5715//234 6481//234 6479//234 6483//234
f 6487//255 5715//255 6483//255 6484//255
f 5716//256 6488//256 6486//256 6490//256
f 6496//233 5716//233 6490//233 6491//233
f 5720//248 6497//248 6493//248 6501//248
f 5714//247 5719//247 6498//247 6494//247
f 5717//250 6495//250 6499//250 5718//250
f 5718//250 6499//250 6503//250 6510//250
f 5719//247 6514//247 6504//247 6498//247
f 6511//249 5720//249 6501//249 6505//249
f 5721//243 6512//243 6507//243 6516//243
f 5722//251 5721//251 6516//251 6517//251
f 6519//233 6525//233 6528//233 6521//233
f 6524//256 5723//256 6530//256 6526//256
f 5723//255 6532//255 6535//255 6530//255
f 6531//234 5724//234 6537//234 6533//234
f 5724//254 6539//254 6542//254 6537//254
f 6538//253 5725//253 6544//253 6540//253
f 5725//244 6546//244 6549//244 6544//244
f 6587//252 5726//252 6551//252 6589//252
f 5726//251 6553//251 6556//251 6551//251
f 6550//250 6555//250 6557//250 6559//250 6564//250 6569//250 6571//250 6576//250 6581//250 6583//250 6585//250 6590//250
f 6552//243 5727//243 6558//243 6554//243
f 5727//249 5728//249 6560//249 6558//249
f 5728//248 6562//248 6565//248 6560//248
f 6561//233 6567//233 6570//233 6563//233
f 6566//256 5729//256 6572//256 6568//256
f 5729//255 6574//255 6577//255 6572//255
f 6573//234 6579//234 6582//234 6575//234
f 6578//254 5730//254 6584//254 6580//254
f 5730//253 5731//253 6586//253 6584//253
f 5731//244 6588//244 6591//244 6586//244
f 6626//252 5732//252 6593//252 6628//252
f 5732//251 6595//251 6598//251 6593//251
f 6592//250 6597//250 6599//250 6601//250 6603//250 6608//250 6610//250 6615//250 6617//250 6622//250 6624//250 6629//250
f 6594//243 5733//243 6600//243 6596//243
f 5733//249 5734//249 6602//249 6600//249
f 5734//248 5735//248 6604//248 6602//248
f 5735//233 6606//233 6609//233 6604//233
f 6605//256 5736//256 6611//256 6607//256
f 5736//255 6613//255 6616//255 6611//255
f 6612//234 5737//234 6618//234 6614//234
f 5737//254 6620//254 6623//254 6618//254
f 6619//253 5738//253 6625//253 6621//253
f 5738//244 6627//244 6630//244 6625//244
f 6662//252 5739//252 6632//252 6664//252
f 5739//251 6634//251 6637//251 6632//251
f 6631//250 6636//250 6638//250 6640//250 6642//250 6647//250 6649//250 6654//250 6656//250 6658//250 6660//250 6665//250
f 6633//243 5740//243 6639//243 6635//243
f 5740//249 5741//249 6641//249 6639//249
f 5741//248 5742//248 6643//248 6641//248
f 5742//233 6645//233 6648//233 6643//233
f 6644//256 5743//256 6650//256 6646//256
f 5743//255 6652//255 6655//255 6650//255
f 6651//234 5744//234 6657//234 6653//234
f 5744//254 5745//254 6659//254 6657//254
f 5745//253 5746//253 6661//253 6659//253
f 5746//244 6663//244 6666//244 6661//244
f 6701//252 5747//252 6668//252 6703//252
f 5747//251 6670//251 6673//251 6668//251
f 6667//250 6672//250 6674//250 6679//250 6681//250 6686//250 6688//250 6693//250 6695//250 6697//250 6699//250 6704//250
f 6669//243 5748//243 6675//243 6671//243
f 5748//249 6677//249 6680//249 6675//249
f 6676//248 5749//248 6682//248 6678//248
f 5749//233 6684//233 6687//233 6682//233
f 6683//256 5750//256 6689//256 6685//256
f 5750//255 6691//255 6694//255 6689//255
f 6690//234 5751//234 6696//234 6692//234
f 5751//254 5752//254 6698//254 6696//254
f 5752//253 5753//253 6700//253 6698//253
f 5753//244 6702//244 6705//244 6700//244
f 6740//252 5754//252 6707//252 6742//252
f 5754//251 6709//251 6712//251 6707//251
f 6706//250 6711//250 6713//250 6715//250 6717//250 6722//250 6724//250 6729//250 6731//250 6736//250 6738//250 6743//250
f 6708//243 5755//243 6714//243 6710//243
f 5755//249 5756//249 6716//249 6714//249
f 5756//248 5757//248 6718//248 6716//248
f 5757//233 6720//233 6723//233 6718//233
f 6719//256 5758//256 6725//256 6721//256
f 5758//255 6727//255 6730//255 6725//255
f 6726//234 5759//234 6732//234 6728//234
f 5759//254 6734//254 6737//254 6732//254
f 6733//253 5760//253 6739//253 6735//253
f 5760//244 6741//244 6744//244 6739//244
f 6776//252 5761//252 6746//252 6778//252
f 5761//251 6748//251 6751//251 6746//251
f 6745//250 6750//250 6752//250 6754//250 6756//250 6761//250 6763//250 6768//250 6770//250 6772//250 6774//250 6779//250
f 6747//243 5762//243 6753//243 6749//243
f 5762//249 5763//249 6755//249 6753//249
f 5763//248 5764//248 6757//248 6755//248
f 5764//233 6759//233 6762//233 6757//233
f 6758//256 5765//256 6764//256 6760//256
f 5765//255 6766//255 6769//255 6764//255
f 6765//234 5766//234 6771//234 6767//234
f 5766//254 5767//254 6773//254 6771//254
f 5767//253 5768//253 6775//253 6773//253
f 5768//244 6777//244 6780//244 6775//244
f 6815//252 5769//252 6782//252 6817//252
f 5769//251 6784//251 6787//251 6782//251
f 6781//250 6786//250 6788//250 6793//250 6795//250 6800//250 6802//250 6807//250 6809//250 6811//250 6813//250 6818//250
f 6783//243 5770//243 6789//243 6785//243
f 5770//249 6791//249 6794//249 6789//249
f 6790//248 5771//248 6796//248 6792//248
f 5771//233 6798//233 6801//233 6796//233
f 6797//256 5772//256 6803//256 6799//256
f 5772//255 6805//255 6808//255 6803//255
f 6804//234 5773//234 6810//234 6806//234
f 5773//254 5774//254 6812//254 6810//254
f 5774//253 5775//253 6814//253 6812//253
f 5775//244 6816//244 6819//244 6814//244
f 6854//252 5776//252 6821//252 6856//252
f 5776//251 6823//251 6826//251 6821//251
f 6820//250 6825//250 6827//250 6829//250 6831//250 6836//250 6838//250 6843//250 6845//250 6850//250 6852//250 6857//250
f 6822//243 5777//243 6828//243 6824//243
f 5777//249 5778//249 6830//249 6828//249
f 5778//248 5779//248 6832//248 6830//248
f 5779//233 6834//233 6837//233 6832//233
f 6833//256 5780//256 6839//256 6835//256
f 5780//255 6841//255 6844//255 6839//255
f 6840//234 5781//234 6846//234 6842//234
f 5781//254 6848//254 6851//254 6846//254
f 6847//253 5782//253 6853//253 6849//253
f 5782//244 6855//244 6858//244 6853//244
f 6890//252 5783//252 6860//252 6892//252
f 5783//251 6862//251 6865//251 6860//251
f 6859//250 6864//250 6866//250 6868//250 6870//250 6875//250 6877//250 6882//250 6884//250 6886//250 6888//250 6893//250
f 6861//243 5784//243 6867//243 6863//243
f 5784//249 5785//249 6869//249 6867//249
f 5785//248 5786//248 6871//248 6869//248
f 5786//233 6873//233 6876//233 6871//233
f 6872//256 5787//256 6878//256 6874//256
f 5787//255 6880//255 6883//255 6878//255
f 6879//234 5788//234 6885//234 6881//234
f 5788//254 5789//254 6887//254 6885//254
f 5789//253 5790//253 6889//253 6887//253
f 5790//244 6891//244 6894//244 6889//244
f 6929//252 5791//252 6896//252 6931//252
f 5791//251 6898//251 6901//251 6896//251
f 6895//250 6900//250 6902//250 6907//250 6909//250 6914//250 6916//250 6921//250 6923//250 6925//250 6927//250 6932//250
f 6897//243 5792//243 6903//243 6899//243
f 5792//249 6905//249 6908//249 6903//249
f 6904//248 5793//248 6910//248 6906//248
f 5793//233 6912//233 6915//233 6910//233
f 6911//256 5794//256 6917//256 6913//256
f 5794//255 6919//255 6922//255 6917//255
f 6918//234 5795//234 6924//234 6920//234
f 5795//254 5796//254 6926//254 6924//254
f 5796//253 5797//253 6928//253 6926//253
f 5797//244 6930//244 6933//244 6928//244
f 6971//252 5798//252 6935//252 6973//252
f 5798//251 6937//251 6940//251 6935//251
f 6934//250 6939//250 6944//250 6946//250 6948//250 6953//250 6955//250 6960//250 6962//250 6967//250 6969//250 6974//250
f 6936//243 6942//243 6945//243 6938//243
f 6941//249 5799//249 6947//249 6943//249
f 5799//248 5800//248 6949//248 6947//248
f 5800//233 6951//233 6954//233 6949//233
f 6950//256 5801//256 6956//256 6952//256
f 5801//255 6958//255 6961//255 6956//255
f 6957//234 5802//234 6963//234 6959//234
f 5802//254 6965//254 6968//254 6963//254
f 6964//253 5803//253 6970//253 6966//253
f 5803//244 6972//244 6975//244 6970//244
f 7013//252 5804//252 6977//252 7015//252
f 5804//251 6979//251 6982//251 6977//251
f 6976//250 6981//250 6986//250 6988//250 6990//250 6995//250 6997//250 7002//250 7004//250 7006//250 7011//250 7016//250
f 6978//243 6984//243 6987//243 6980//243
f 6983//249 5805//249 6989//249 6985//249
f 5805//248 5806//248 6991//248 6989//248
f 5806//233 6993//233 6996//233 6991//233
f 6992//256 5807//256 6998//256 6994//256
f 5807//255 7000//255 7003//255 6998//255
f 6999//234 5808//234 7005//234 7001//234
f 5808//254 5809//254 7007//254 7005//254
f 5809//253 7009//253 7012//253 7007//253
f 7008//244 7014//244 7017//244 7010//244
f 7061//252 5810//252 7019//252 7063//252
f 5810//251 7021//251 7024//251 7019//251
f 7018//250 7023//250 7028//250 7030//250 7035//250 7040//250 7042//250 7047//250 7052//250 7054//250 7059//250 7064//250
f 7020//243 7026//243 7029//243 7022//243
f 7025//249 5811//249 7031//249 7027//249
f 5811//248 7033//248 7036//248 7031//248
f 7032//233 7038//233 7041//233 7034//233
f 7037//256 5812//256 7043//256 7039//256
f 5812//255 7045//255 7048//255 7043//255
f 7044//234 7050//234 7053//234 7046//234
f 7049//254 5813//254 7055//254 7051//254
f 5813//253 7057//253 7060//253 7055//253
f 7056//244 7062//244 7065//244 7058//244
f 7103//252 5814//252 7067//252 7105//252
f 5814//251 5815//251 7069//251 7067//251
f 7066//250 7068//250 7073//250 7075//250 7080//250 7082//250 7084//250 7089//250 7094//250 7096//250 7101//250 7106//250
f 5815//243 7071//243 7074//243 7069//243
f 7070//249 5816//249 7076//249 7072//249
f 5816//248 7078//248 7081//248 7076//248
f 7077//233 5817//233 7083//233 7079//233
f 5817//256 5818//256 7085//256 7083//256
f 5818//255 7087//255 7090//255 7085//255
f 7086//234 7092//234 7095//234 7088//234
f 7091//254 5819//254 7097//254 7093//254
f 5819//253 7099//253 7102//253 7097//253
f 7098//244 7104//244 7107//244 7100//244
f 5827//252 5820//252 7109//252 7143//252
f 5820//251 5821//251 7111//251 7109//251
f 7108//250 7110//250 7115//250 7117//250 7122//250 7124//250 7126//250 7128//250 7133//250 7135//250 7140//250 7142//250
f 5821//243 7113//243 7116//243 7111//243
f 7112//249 5822//249 7118//249 7114//249
f 5822//248 7120//248 7123//248 7118//248
f 7119//233 5823//233 7125//233 7121//233
f 5823//256 5824//256 7127//256 7125//256
f 5824//255 5825//255 7129//255 7127//255
f 5825//234 7131//234 7134//234 7129//234
f 7130//254 5826//254 7136//254 7132//254
f 5826//253 7138//253 7141//253 7136//253
f 7137//244 5827//244 7143//244 7139//244
f 5835//252 5828//252 7145//252 7179//252
f 5828//251 5829//251 7147//251 7145//251
f 7144//250 7146//250 7151//250 7153//250 7158//250 7160//250 7162//250 7164//250 7169//250 7171//250 7176//250 7178//250
f 5829//243 7149//243 7152//243 7147//243
f 7148//249 5830//249 7154//249 7150//249
f 5830//248 7156//248 7159//248 7154//248
f 7155//233 5831//233 7161//233 7157//233
f 5831//256 5832//256 7163//256 7161//256
f 5832//255 5833//255 7165//255 7163//255
f 5833//234 7167//234 7170//234 7165//234
f 7166//254 5834//254 7172//254 7168//254
f 5834//253 7174//253 7177//253 7172//253
f 7173//244 5835//244 7179//244 7175//244
f 5843//252 5836//252 7181//252 7215//252
f 5836//251 5837//251 7183//251 7181//251
f 7180//250 7182//250 7187//250 7189//250 7194//250 7196//250 7198//250 7200//250 7205//250 7207//250 7212//250 7214//250
f 5837//243 7185//243 7188//243 7183//243
f 7184//249 5838//249 7190//249 7186//249
f 5838//248 7192//248 7195//248 7190//248
f 7191//233 5839//233 7197//233 7193//233
f 5839//256 5840//256 7199//256 7197//256
f 5840//255 5841//255 7201//255 7199//255
f 5841//234 7203//234 7206//234 7201//234
f 7202//254 5842//254 7208//254 7204//254
f 5842//253 7210//253 7213//253 7208//253
f 7209//244 5843//244 7215//244 7211//244
f 5849//252 5844//252 7217//252 7257//252
f 5844//251 7219//251 7222//251 7217//251
f 7216//250 7221//250 7226//250 7228//250 7233//250 7238//250 7240//250 7242//250 7247//250 7249//250 7254//250 7256//250
f 7218//243 7224//243 7227//243 7220//243
f 7223//249 5845//249 7229//249 7225//249
f 5845//248 7231//248 7234//248 7229//248
f 7230//233 7236//233 7239//233 7232//233
f 7235//256 5846//256 7241//256 7237//256
f 5846//255 5847//255 7243//255 7241//255
f 5847//234 7245//234 7248//234 7243//234
f 7244//254 5848//254 7250//254 7246//254
f 5848//253 7252//253 7255//253 7250//253
f 7251//244 5849//244 7257//244 7253//244
f 5855//252 7259//252 7260//252 7299//252
f 7258//251 5850//251 7264//251 7261//251
f 7262//250 7263//250 7268//250 7270//250 7275//250 7277//250 7279//250 7284//250 7289//250 7291//250 7296//250 7298//250
f 5850//243 7266//243 7269//243 7264//243
f 7265//249 5851//249 7271//249 7267//249
f 5851//248 7273//248 7276//248 7271//248
f 7272//233 5852//233 7278//233 7274//233
f 5852//256 5853//256 7280//256 7278//256
f 5853//255 7282//255 7285//255 7280//255
f 7281//234 7287//234 7290//234 7283//234
f 7286//254 5854//254 7292//254 7288//254
f 5854//253 7294//253 7297//253 7292//253
f 7293//244 5855//244 7299//244 7295//244
f 5862//252 7301//252 7302//252 7338//252
f 7300//251 5856//251 7306//251 7303//251
f 7304//250 7305//250 7310//250 7312//250 7317//250 7319//250 7321//250 7323//250 7328//250 7330//250 7335//250 7337//250
f 5856//243 7308//243 7311//243 7306//243
f 7307//249 5857//249 7313//249 7309//249
f 5857//248 7315//248 7318//248 7313//248
f 7314//233 5858//233 7320//233 7316//233
f 5858//256 5859//256 7322//256 7320//256
f 5859//255 5860//255 7324//255 7322//255
f 5860//234 7326//234 7329//234 7324//234
f 7325//254 5861//254 7331//254 7327//254
f 5861//253 7333//253 7336//253 7331//253
f 7332//244 5862//244 7338//244 7334//244
f 5869//252 7340//252 7341//252 7377//252
f 7339//251 5863//251 7345//251 7342//251
f 7343//250 7344//250 7349//250 7351//250 7356//250 7358//250 7360//250 7362//250 7367//250 7369//250 7374//250 7376//250
f 5863//243 7347//243 7350//243 7345//243
f 7346//249 5864//249 7352//249 7348//249
f 5864//248 7354//248 7357//248 7352//248
f 7353//233 5865//233 7359//233 7355//233
f 5865//256 5866//256 7361//256 7359//256
f 5866//255 5867//255 7363//255 7361//255
f 5867//234 7365//234 7368//234 7363//234
f 7364//254 5868//254 7370//254 7366//254
f 5868//253 7372//253 7375//253 7370//253
f 7371//244 5869//244 7377//244 7373//244
f 5876//252 7379//252 7380//252 7416//252
f 7378//251 5870//251 7384//251 7381//251
f 7382//250 7383//250 7388//250 7390//250 7395//250 7397//250 7399//250 7401//250 7406//250 7408//250 7413//250 7415//250
f 5870//243 7386//243 7389//243 7384//243
f 7385//249 5871//249 7391//249 7387//249
f 5871//248 7393//248 7396//248 7391//248
f 7392//233 5872//233 7398//233 7394//233
f 5872//256 5873//256 7400//256 7398//256
f 5873//255 5874//255 7402//255 7400//255
f 5874//234 7404//234 7407//234 7402//234
f 7403//254 5875//254 7409//254 7405//254
f 5875//253 7411//253 7414//253 7409//253
f 7410//244 5876//244 7416//244 7412//244
f 5882//252 7418//252 7419//252 7458//252
f 7417//251 5877//251 7423//251 7420//251
f 7421//250 7422//250 7427//250 7429//250 7434//250 7439//250 7441//250 7443//250 7448//250 7450//250 7455//250 7457//250
f 5877//243 7425//243 7428//243 7423//243
f 7424//249 5878//249 7430//249 7426//249
f 5878//248 7432//248 7435//248 7430//248
f 7431//233 7437//233 7440//233 7433//233
f 7436//256 5879//256 7442//256 7438//256
f 5879//255 5880//255 7444//255 7442//255
f 5880//234 7446//234 7449//234 7444//234
f 7445//254 5881//254 7451//254 7447//254
f 5881//253 7453//253 7456//253 7451//253
f 7452//244 5882//244 7458//244 7454//244
o Shoe
v -0.884615 -3.715385 -0.000000
v -0.530769 -3.715385 0.176923
v -0.530769 -3.361539 0.353846
v -0.530769 -3.715385 0.353846
v -0.530769 -3.361539 0.530769
v -0.530769 -3.715385 0.530769
v -0.530769 -3.715385 0.707692
v -0.530769 -3.715385 0.884615
v -1.238462 -3.715385 0.176923
v 1.153470 -3.591538 1.061538
v -1.238462 -3.715385 0.353846
v 0.969607 -3.591538 1.061538
v -0.884615 -3.361539 0.353846
v -0.884615 -3.361539 0.176923
v -1.238462 -3.715385 0.530769
v 0.969607 -3.485385 1.061538
v -0.884615 -3.361539 0.530769
v 1.153470 -3.485385 1.061538
v -1.238462 -3.715385 0.707692
v 0.799624 -3.591538 1.061538
v -0.884615 -3.361539 0.884615
v -0.884615 -3.361539 0.707692
v -1.238462 -3.715385 0.884615
v 0.654615 -3.630394 1.061538
v -0.884615 -3.715385 1.061538
v 0.530769 -3.715385 0.176923
v 0.615760 -3.591538 1.061538
v 0.884615 -3.361539 0.176923
v 0.615760 -3.485385 1.061538
v 0.530769 -3.715385 0.353846
v 0.530769 -3.361539 0.353846
v 0.654615 -3.446530 1.061538
v 0.530769 -3.361539 0.530769
v 0.799624 -3.485385 1.061538
v 0.530769 -3.715385 0.530769
v 0.530769 -3.715385 0.884615
v 0.530769 -3.715385 0.707692
v 0.884615 -3.361539 0.884615
v -0.615760 -3.591538 1.061538
v -0.654615 -3.630394 1.061538
v -0.799624 -3.591538 1.061538
v -0.799624 -3.485385 1.061538
v 1.238462 -3.715385 0.176923
v 0.884615 -3.715385 -0.000000
v -0.654615 -3.446530 1.061538
v -0.615760 -3.485385 1.061538
v 1.238462 -3.715385 0.353846
v -0.969607 -3.591538 1.061538
v 0.884615 -3.361539 0.353846
v 1.238462 -3.715385 0.530769
v 1.238462 -3.715385 0.707692
v 0.884615 -3.361539 0.530769
v 0.884615 -3.361539 0.707692
v -1.153470 -3.591538 1.061538
v -1.153470 -3.485385 1.061538
v 1.238462 -3.715385 0.884615
v 0.884615 -3.715385 1.061538
v -0.969607 -3.485385 1.061538
v -0.548462 -3.379231 -0.000000
v -0.548462 -3.361539 0.017692
v -0.530769 -3.379231 0.017692
v -0.548462 -3.715385 -0.000000
v -0.530769 -3.715385 0.017692
v -0.530769 -3.379231 0.176923
v -0.548462 -3.361539 0.176923
v -0.530769 -3.361539 0.194615
v -0.548462 -3.361539 0.707692
v -0.530769 -3.379231 0.707692
v -0.530769 -3.361539 0.690000
v -0.530769 -3.715385 1.043846
v -0.548462 -3.715385 1.061538
v -0.548462 -3.361539 1.043846
v -0.548462 -3.379231 1.061538
v -0.530769 -3.379231 1.043846
v -0.530769 -3.379231 0.884615
v -0.548462 -3.361539 0.884615
v -1.238462 -3.379231 0.176923
v -1.220769 -3.361539 0.176923
v -1.220769 -3.361539 0.017692
v -1.220769 -3.379231 -0.000000
v -1.238462 -3.379231 0.017692
v -1.238462 -3.715385 0.017692
v -1.220769 -3.715385 -0.000000
v 1.137608 -3.582380 1.125231
v 1.153470 -3.591538 1.107538
v -0.884615 -3.379231 -0.000000
v -0.884615 -3.361539 0.017692
v 1.127126 -3.617883 1.107538
v 1.105457 -3.614531 1.125231
v 1.097526 -3.634973 1.107538
v 1.127126 -3.617883 1.061538
v 1.097526 -3.634973 1.061538
v 1.078628 -3.640036 1.107538
v 1.061538 -3.626299 1.125231
v 1.044449 -3.640036 1.107538
v 1.078628 -3.640036 1.061538
v 1.044449 -3.640036 1.061538
v 1.025551 -3.634973 1.107538
v 1.017620 -3.614531 1.125231
v 0.995951 -3.617883 1.107538
v 1.025551 -3.634973 1.061538
v 0.995951 -3.617883 1.061538
v 0.985469 -3.582380 1.125231
v 0.969607 -3.591538 1.107538
v 0.959964 -3.555551 1.107538
v 0.973701 -3.538462 1.125231
v 0.959964 -3.521372 1.107538
v 0.959964 -3.555551 1.061538
v 0.959964 -3.521372 1.061538
v 0.985469 -3.494543 1.125231
v 0.969607 -3.485385 1.107538
v -1.220769 -3.361539 0.353846
v -1.238462 -3.379231 0.353846
v -1.238462 -3.379231 0.530769
v -1.220769 -3.361539 0.530769
v 0.995951 -3.459040 1.107538
v 1.017620 -3.462392 1.125231
v 1.025551 -3.441951 1.107538
v 0.995951 -3.459040 1.061538
v 1.025551 -3.441951 1.061538
v 1.044449 -3.436887 1.107538
v 1.061538 -3.450624 1.125231
v 1.078628 -3.436887 1.107538
v 1.044449 -3.436887 1.061538
v 1.078628 -3.436887 1.061538
v 1.097526 -3.441951 1.107538
v 1.105457 -3.462392 1.125231
v 1.127126 -3.459040 1.107538
v 1.097526 -3.441951 1.061538
v 1.127126 -3.459040 1.061538
v -1.238462 -3.379231 0.707692
v -1.220769 -3.361539 0.707692
v 1.137608 -3.494543 1.125231
v 1.153470 -3.485385 1.107538
v 1.163113 -3.555551 1.107538
v 1.163113 -3.521372 1.107538
v 1.149376 -3.538462 1.125231
v -1.238462 -3.379231 0.884615
v -1.220769 -3.361539 0.884615
v 1.163113 -3.521372 1.061538
v 1.163113 -3.555551 1.061538
v 0.783762 -3.582380 1.125231
v 0.799624 -3.591538 1.107538
v -1.220769 -3.715385 1.061538
v -1.238462 -3.715385 1.043846
v -1.220769 -3.379231 1.061538
v -1.220769 -3.361539 1.043846
v -1.238462 -3.379231 1.043846
v 0.773280 -3.617883 1.107538
v 0.751611 -3.614531 1.125231
v 0.743680 -3.634973 1.107538
v 0.773280 -3.617883 1.061538
v 0.743680 -3.634973 1.061538
v 0.724782 -3.640036 1.107538
v 0.707692 -3.626299 1.125231
v 0.690603 -3.640036 1.107538
v 0.724782 -3.640036 1.061538
v 0.690603 -3.640036 1.061538
v 0.663774 -3.614531 1.125231
v 0.654615 -3.630394 1.107538
v -0.884615 -3.361539 1.043846
v -0.884615 -3.379231 1.061538
v 0.631623 -3.582380 1.125231
v 0.615760 -3.591538 1.107538
v 0.548462 -3.361539 0.176923
v 0.530769 -3.379231 0.176923
v 0.530769 -3.361539 0.194615
v 0.548462 -3.361539 0.017692
v 0.548462 -3.379231 -0.000000
v 0.530769 -3.379231 0.017692
v 0.606118 -3.555551 1.107538
v 0.619855 -3.538462 1.125231
v 0.606118 -3.521372 1.107538
v 0.606118 -3.555551 1.061538
v 0.606118 -3.521372 1.061538
v 0.884615 -3.361539 0.017692
v 0.884615 -3.379231 -0.000000
v 0.631623 -3.494543 1.125231
v 0.615760 -3.485385 1.107538
v 0.663774 -3.462392 1.125231
v 0.654615 -3.446530 1.107538
v 0.530769 -3.715385 0.017692
v 0.548462 -3.715385 -0.000000
v 0.690603 -3.436887 1.107538
v 0.707692 -3.450624 1.125231
v 0.724782 -3.436887 1.107538
v 0.690603 -3.436887 1.061538
v 0.724782 -3.436887 1.061538
v 0.743680 -3.441951 1.107538
v 0.751611 -3.462392 1.125231
v 0.773280 -3.459040 1.107538
v 0.743680 -3.441951 1.061538
v 0.773280 -3.459040 1.061538
v 0.783762 -3.494543 1.125231
v 0.799624 -3.485385 1.107538
v 0.530769 -3.379231 0.707692
v 0.548462 -3.361539 0.707692
v 0.530769 -3.361539 0.690000
v 0.530769 -3.379231 0.884615
v 0.548462 -3.361539 0.884615
v 0.809267 -3.555551 1.107538
v 0.809267 -3.521372 1.107538
v 0.795530 -3.538462 1.125231
v 0.809267 -3.521372 1.061538
v 0.809267 -3.555551 1.061538
v -0.631623 -3.582380 1.125231
v -0.615760 -3.591538 1.107538
v 0.548462 -3.715385 1.061538
v 0.530769 -3.715385 1.043846
v -0.663774 -3.614531 1.125231
v -0.654615 -3.630394 1.107538
v -0.690603 -3.640036 1.107538
v -0.707692 -3.626299 1.125231
v -0.724782 -3.640036 1.107538
v -0.690603 -3.640036 1.061538
v -0.724782 -3.640036 1.061538
v 0.548462 -3.379231 1.061538
v 0.548462 -3.361539 1.043846
v 0.530769 -3.379231 1.043846
v -0.743680 -3.634973 1.107538
v -0.751611 -3.614531 1.125231
v -0.773280 -3.617883 1.107538
v -0.743680 -3.634973 1.061538
v -0.773280 -3.617883 1.061538
v -0.783762 -3.582380 1.125231
v -0.799624 -3.591538 1.107538
v 0.884615 -3.379231 1.061538
v 0.884615 -3.361539 1.043846
v -0.809267 -3.555551 1.107538
v -0.795530 -3.538462 1.125231
v -0.809267 -3.521372 1.107538
v -0.809267 -3.555551 1.061538
v -0.809267 -3.521372 1.061538
v -0.783762 -3.494543 1.125231
v -0.799624 -3.485385 1.107538
v -0.773280 -3.459040 1.107538
v -0.751611 -3.462392 1.125231
v -0.743680 -3.441951 1.107538
v -0.773280 -3.459040 1.061538
v -0.743680 -3.441951 1.061538
v -0.724782 -3.436887 1.107538
v -0.707692 -3.450624 1.125231
v -0.690603 -3.436887 1.107538
v 1.220769 -3.379231 -0.000000
v 1.220769 -3.361539 0.017692
v 1.238462 -3.379231 0.017692
v -0.724782 -3.436887 1.061538
v -0.690603 -3.436887 1.061538
v -0.663774 -3.462392 1.125231
v -0.654615 -3.446530 1.107538
v 1.220769 -3.715385 -0.000000
v 1.238462 -3.715385 0.017692
v -0.631623 -3.494543 1.125231
v -0.615760 -3.485385 1.107538
v -0.606118 -3.555551 1.107538
v -0.606118 -3.521372 1.107538
v -0.619855 -3.538462 1.125231
v -0.606118 -3.521372 1.061538
v -0.606118 -3.555551 1.061538
v 1.220769 -3.361539 0.353846
v 1.238462 -3.379231 0.353846
v 1.238462 -3.379231 0.176923
v 1.220769 -3.361539 0.176923
v -0.985469 -3.582380 1.125231
v -0.969607 -3.591538 1.107538
v 1.220769 -3.361539 0.530769
v 1.238462 -3.379231 0.530769
v -0.995951 -3.617883 1.107538
v -1.017620 -3.614531 1.125231
v -1.025551 -3.634973 1.107538
v -0.995951 -3.617883 1.061538
v -1.025551 -3.634973 1.061538
v -1.044449 -3.640036 1.107538
v -1.061538 -3.626299 1.125231
v -1.078628 -3.640036 1.107538
v -1.044449 -3.640036 1.061538
v -1.078628 -3.640036 1.061538
v -1.097526 -3.634973 1.107538
v -1.105457 -3.614531 1.125231
v -1.127126 -3.617883 1.107538
v -1.097526 -3.634973 1.061538
v -1.127126 -3.617883 1.061538
v -1.137608 -3.582380 1.125231
v -1.153470 -3.591538 1.107538
v -1.163113 -3.555551 1.107538
v -1.149376 -3.538462 1.125231
v -1.163113 -3.521372 1.107538
v -1.163113 -3.555551 1.061538
v -1.163113 -3.521372 1.061538
v -1.137608 -3.494543 1.125231
v -1.153470 -3.485385 1.107538
v -1.127126 -3.459040 1.107538
v -1.105457 -3.462392 1.125231
v -1.097526 -3.441951 1.107538
v -1.127126 -3.459040 1.061538
v -1.097526 -3.441951 1.061538
v 1.220769 -3.361539 0.884615
v 1.238462 -3.379231 0.884615
v 1.238462 -3.379231 0.707692
v 1.220769 -3.361539 0.707692
v -1.078628 -3.436887 1.107538
v -1.061538 -3.450624 1.125231
v -1.044449 -3.436887 1.107538
v 1.220769 -3.379231 1.061538
v 1.238462 -3.379231 1.043846
v 1.220769 -3.361539 1.043846
v 1.238462 -3.715385 1.043846
v 1.220769 -3.715385 1.061538
v -1.078628 -3.436887 1.061538
v -1.044449 -3.436887 1.061538
v -1.025551 -3.441951 1.107538
v -1.017620 -3.462392 1.125231
v -0.995951 -3.459040 1.107538
v -1.025551 -3.441951 1.061538
v -0.995951 -3.459040 1.061538
v -0.985469 -3.494543 1.125231
v -0.969607 -3.485385 1.107538
v -0.959964 -3.555551 1.107538
v -0.959964 -3.521372 1.107538
v -0.973701 -3.538462 1.125231
v -0.959964 -3.521372 1.061538
v -0.959964 -3.555551 1.061538
vn 1.0000 -0.0000 -0.0000
vn -1.0000 -0.0000 -0.0000
vn 0.5773 0.5773 -0.5774
vn 0.5774 0.5774 -0.5773
vn 0.5774 0.5774 0.5773
vn 0.5773 0.5773 0.5774
vn -0.5773 0.5773 -0.5774
vn 0.3949 -0.6840 0.6133
vn -0.0000 -0.7899 0.6133
vn -0.3949 -0.6840 0.6133
vn -0.7899 -0.0000 0.6133
vn -0.3949 0.6840 0.6133
vn -0.0000 0.7899 0.6133
vn 0.3949 0.6840 0.6133
vn 0.7899 -0.0000 0.6133
vn -0.5773 0.5773 0.5774
vn -0.5774 0.5774 -0.5773
vn -0.5774 0.5774 0.5773
vn 0.6830 -0.1830 0.7071
vn 0.5000 -0.5000 0.7071
vn 0.1830 -0.6830 0.7071
vn 0.5000 -0.8660 -0.0000
vn 0.7071 0.7071 -0.0000
vn -0.1830 -0.6830 0.7071
vn -0.0000 -1.0000 -0.0000
vn -0.5000 -0.5000 0.7071
vn -0.7071 0.7071 -0.0000
vn -0.7071 -0.0000 -0.7071
vn -0.5000 -0.8660 -0.0000
vn -0.6830 -0.1830 0.7071
vn -0.6830 0.1830 0.7071
vn -0.5000 0.5000 0.7071
vn -0.1830 0.6830 0.7071
vn -0.5000 0.8660 -0.0000
vn 0.1830 0.6830 0.7071
vn -0.0000 1.0000 -0.0000
vn 0.5000 0.5000 0.7071
vn 0.5000 0.8660 -0.0000
vn 0.6830 0.1830 0.7071
vn -0.7071 -0.0000 0.7071
vn 0.7071 -0.0000 0.7071
vn 0.7071 -0.0000 -0.7071
vn -0.0000 0.7071 -0.7071
vn -0.0000 0.7071 0.7071
vn -0.0000 -0.0000 -1.0000
vn -0.0000 -0.0000 1.0000
vn 0.7071 -0.7071 -0.0000
vn 0.9659 -0.2588 -0.0000
vn 0.2588 -0.9659 -0.0000
vn -0.2588 -0.9659 -0.0000
vn -0.7071 -0.7071 -0.0000
vn -0.9659 -0.2588 -0.0000
vn -0.9659 0.2588 -0.0000
vn -0.2588 0.9659 -0.0000
vn 0.2588 0.9659 -0.0000
vn 0.9659 0.2588 -0.0000
s 0
usemtl Shoe
f 7462//257 7461//257 7463//257 7464//257
f 7493//258 7491//258 7489//258 7488//258
f 7517//259 7518//259 7519//259
f 7522//260 7523//260 7524//260
f 7525//261 7526//261 7527//261
f 7530//262 7531//262 7532//262
f 7537//263 7538//263 7539//263
f 7546//264 7547//264 7548//264
f 7551//265 7552//265 7553//265
f 7556//266 7557//266 7558//266
f 7563//267 7564//267 7565//267
f 7574//268 7575//268 7576//268
f 7579//269 7580//269 7581//269
f 7584//270 7585//270 7586//270
f 7593//271 7594//271 7595//271
f 7604//272 7605//272 7606//272
f 7607//264 7608//264 7609//264
f 7612//265 7613//265 7614//265
f 7623//273 7624//273 7625//273
f 7626//263 7627//263 7628//263
f 7629//267 7630//267 7631//267
f 7642//269 7643//269 7644//269
f 7647//270 7648//270 7649//270
f 7654//274 7655//274 7656//274
f 7659//271 7660//271 7661//271
f 7670//265 7671//265 7672//265
f 7675//272 7676//272 7677//272
f 7678//266 7679//266 7680//266
f 7687//267 7688//267 7689//267
f 7694//268 7695//268 7696//268
f 7699//269 7700//269 7701//269
f 7702//259 7703//259 7704//259
f 7713//271 7714//271 7715//271
f 7726//264 7727//264 7728//264
f 7731//265 7732//265 7733//265
f 7736//266 7737//266 7738//266
f 7743//267 7744//267 7745//267
f 7750//268 7751//268 7752//268
f 7759//269 7760//269 7761//269
f 7762//262 7763//262 7764//262
f 7769//270 7770//270 7771//270
f 7776//271 7777//271 7778//271
f 7595//275 7542//275 7543//275 7593//275
f 7542//276 7547//276 7546//276 7543//276
f 7547//277 7552//277 7551//277 7548//277
f 7549//278 7546//278 7548//278 7550//278
f 7532//279 7533//279 7534//279 7530//279
f 7552//280 7557//280 7556//280 7553//280
f 7554//281 7551//281 7553//281 7555//281
f 7557//282 7561//282 7562//282 7558//282
f 7536//283 7537//283 7539//283 7535//283
f 7538//284 7541//284 7540//284 7539//284
f 7559//285 7556//285 7558//285 7560//285
f 7561//286 7564//286 7563//286 7562//286
f 7564//287 7568//287 7569//287 7565//287
f 7566//258 7563//258 7565//258 7567//258
f 7568//288 7575//288 7574//288 7569//288
f 7575//289 7580//289 7579//289 7576//289
f 7577//290 7574//290 7576//290 7578//290
f 7580//291 7585//291 7584//291 7581//291
f 7582//292 7579//292 7581//292 7583//292
f 7585//293 7591//293 7592//293 7586//293
f 7587//294 7584//294 7586//294 7588//294
f 7571//283 7572//283 7573//283 7570//283
f 7591//295 7595//295 7594//295 7592//295
f 7593//257 7599//257 7598//257 7594//257
f 7661//275 7600//275 7601//275 7659//275
f 7600//276 7608//276 7607//276 7601//276
f 7608//277 7613//277 7612//277 7609//277
f 7610//278 7607//278 7609//278 7611//278
f 7613//280 7617//280 7618//280 7614//280
f 7615//281 7612//281 7614//281 7616//281
f 7617//282 7621//282 7622//282 7618//282
f 7602//296 7604//296 7606//296 7603//296
f 7621//286 7630//286 7629//286 7622//286
f 7630//287 7636//287 7637//287 7631//287
f 7632//258 7629//258 7631//258 7633//258
f 7636//288 7638//288 7639//288 7637//288
f 7623//283 7626//283 7628//283 7624//283
f 7638//289 7643//289 7642//289 7639//289
f 7643//291 7648//291 7647//291 7644//291
f 7645//292 7642//292 7644//292 7646//292
f 7648//293 7652//293 7653//293 7649//293
f 7650//294 7647//294 7649//294 7651//294
f 7652//295 7661//295 7660//295 7653//295
f 7659//257 7663//257 7662//257 7660//257
f 7715//275 7664//275 7665//275 7713//275
f 7664//276 7668//276 7669//276 7665//276
f 7668//277 7671//277 7670//277 7669//277
f 7671//280 7679//280 7678//280 7672//280
f 7673//281 7670//281 7672//281 7674//281
f 7679//282 7683//282 7684//282 7680//282
f 7681//285 7678//285 7680//285 7682//285
f 7683//286 7688//286 7687//286 7684//286
f 7688//287 7692//287 7693//287 7689//287
f 7690//258 7687//258 7689//258 7691//258
f 7692//288 7695//288 7694//288 7693//288
f 7695//289 7700//289 7699//289 7696//289
f 7697//290 7694//290 7696//290 7698//290
f 7700//291 7707//291 7708//291 7701//291
f 7705//292 7699//292 7701//292 7706//292
f 7707//293 7711//293 7712//293 7708//293
f 7711//295 7715//295 7714//295 7712//295
f 7713//257 7717//257 7716//257 7714//257
f 7778//275 7722//275 7723//275 7776//275
f 7722//276 7727//276 7726//276 7723//276
f 7719//279 7720//279 7721//279 7718//279
f 7727//277 7732//277 7731//277 7728//277
f 7729//278 7726//278 7728//278 7730//278
f 7732//280 7737//280 7736//280 7733//280
f 7734//281 7731//281 7733//281 7735//281
f 7737//282 7741//282 7742//282 7738//282
f 7739//285 7736//285 7738//285 7740//285
f 7741//286 7744//286 7743//286 7742//286
f 7744//287 7748//287 7749//287 7745//287
f 7746//258 7743//258 7745//258 7747//258
f 7748//288 7751//288 7750//288 7749//288
f 7751//289 7760//289 7759//289 7752//289
f 7753//290 7750//290 7752//290 7754//290
f 7756//279 7757//279 7758//279 7755//279
f 7760//291 7770//291 7769//291 7761//291
f 7767//292 7759//292 7761//292 7768//292
f 7762//297 7766//297 7765//297 7763//297
f 7770//293 7774//293 7775//293 7771//293
f 7772//294 7769//294 7771//294 7773//294
f 7774//295 7778//295 7777//295 7775//295
f 7776//257 7780//257 7779//257 7777//257
f 7520//298 7517//298 7519//298 7521//298
f 7518//279 7523//279 7522//279 7519//279
f 7517//299 7544//299 7545//299 7518//299
f 7525//279 7534//279 7533//279 7526//279
f 7531//297 7529//297 7528//297 7532//297
f 7620//300 7531//300 7530//300 7619//300
f 7544//299 7538//299 7537//299 7545//299
f 7570//283 7536//283 7535//283 7571//283
f 7590//283 7573//283 7572//283 7589//283
f 7597//283 7590//283 7589//283 7596//283
f 7605//283 7597//283 7596//283 7606//283
f 7604//300 7620//300 7619//300 7605//300
f 7627//284 7641//284 7640//284 7628//284
f 7635//299 7627//299 7626//299 7634//299
f 7658//283 7655//283 7654//283 7657//283
f 7666//296 7675//296 7677//296 7667//296
f 7676//283 7658//283 7657//283 7677//283
f 7675//300 7685//300 7686//300 7676//300
f 7709//298 7702//298 7704//298 7710//298
f 7703//279 7721//279 7720//279 7704//279
f 7702//299 7635//299 7634//299 7703//299
f 7718//279 7724//279 7725//279 7719//279
f 7724//279 7758//279 7757//279 7725//279
f 7755//279 7764//279 7763//279 7756//279
f 7685//300 7762//300 7764//300 7686//300
f 7544//301 7517//301 7520//301 7459//301
f 7521//257 7519//257 7522//257 7460//257
f 7545//292 7472//292 7523//292 7518//292
f 7460//257 7522//257 7524//257 7461//257 7462//257
f 7464//257 7463//257 7527//257 7526//257 7465//257
f 7465//257 7526//257 7533//257 7466//257
f 7480//292 7479//292 7534//292 7525//292
f 7466//257 7533//257 7532//257 7528//257
f 7483//302 7529//302 7531//302 7620//302
f 7479//292 7619//292 7530//292 7534//292
f 7469//258 7571//258 7535//258 7467//258
f 7467//258 7535//258 7539//258 7540//258
f 7537//292 7536//292 7472//292 7545//292
f 7536//292 7570//292 7471//292 7472//292
f 7538//301 7544//301 7459//301 7541//301
f 7595//302 7591//302 7585//302 7580//302 7575//302 7568//302 7564//302 7561//302 7557//302 7552//302 7547//302 7542//302
f 7549//303 7468//303 7543//303 7546//303
f 7468//304 7599//304 7593//304 7543//304
f 7554//305 7550//305 7548//305 7551//305
f 7559//306 7555//306 7553//306 7556//306
f 7470//307 7560//307 7558//307 7562//307
f 7566//308 7470//308 7562//308 7563//308
f 7474//309 7567//309 7565//309 7569//309
f 7577//283 7474//283 7569//283 7574//283
f 7570//292 7573//292 7475//292 7471//292
f 7473//258 7572//258 7571//258 7469//258
f 7477//258 7589//258 7572//258 7473//258
f 7573//292 7590//292 7480//292 7475//292
f 7582//310 7578//310 7576//310 7579//310
f 7587//311 7583//311 7581//311 7584//311
f 7476//279 7588//279 7586//279 7592//279
f 7481//258 7596//258 7589//258 7477//258
f 7590//292 7597//292 7479//292 7480//292
f 7598//312 7476//312 7592//312 7594//312
f 7603//258 7606//258 7596//258 7481//258
f 7597//292 7605//292 7619//292 7479//292
f 7661//302 7652//302 7648//302 7643//302 7638//302 7636//302 7630//302 7621//302 7617//302 7613//302 7608//302 7600//302
f 7610//303 7478//303 7601//303 7607//303
f 7478//304 7663//304 7659//304 7601//304
f 7602//302 7483//302 7620//302 7604//302
f 7615//305 7611//305 7609//305 7612//305
f 7482//306 7616//306 7614//306 7618//306
f 7485//307 7482//307 7618//307 7622//307
f 7632//308 7485//308 7622//308 7629//308
f 7488//258 7489//258 7625//258 7624//258 7484//258
f 7484//258 7624//258 7628//258 7640//258
f 7626//292 7623//292 7486//292 7634//292
f 7627//301 7635//301 7502//301 7641//301
f 7487//309 7633//309 7631//309 7637//309
f 7634//292 7486//292 7721//292 7703//292
f 7635//301 7702//301 7709//301 7502//301
f 7490//283 7487//283 7637//283 7639//283
f 7645//310 7490//310 7639//310 7642//310
f 7650//311 7646//311 7644//311 7647//311
f 7492//279 7651//279 7649//279 7653//279
f 7662//312 7492//312 7653//312 7660//312
f 7494//258 7657//258 7654//258 7495//258
f 7495//258 7654//258 7656//258 7491//258 7493//258
f 7655//292 7658//292 7496//292 7511//292
f 7667//258 7677//258 7657//258 7494//258
f 7658//292 7676//292 7686//292 7496//292
f 7715//302 7711//302 7707//302 7700//302 7695//302 7692//302 7688//302 7683//302 7679//302 7671//302 7668//302 7664//302
f 7498//303 7497//303 7665//303 7669//303
f 7497//304 7717//304 7713//304 7665//304
f 7666//302 7515//302 7685//302 7675//302
f 7673//305 7498//305 7669//305 7670//305
f 7681//306 7674//306 7672//306 7678//306
f 7499//307 7682//307 7680//307 7684//307
f 7690//308 7499//308 7684//308 7687//308
f 7515//302 7766//302 7762//302 7685//302
f 7496//292 7686//292 7764//292 7755//292
f 7500//309 7691//309 7689//309 7693//309
f 7697//283 7500//283 7693//283 7694//283
f 7705//310 7698//310 7696//310 7699//310
f 7503//311 7706//311 7701//311 7708//311
f 7710//257 7704//257 7720//257 7501//257
f 7504//279 7503//279 7708//279 7712//279
f 7716//312 7504//312 7712//312 7714//312
f 7486//292 7507//292 7718//292 7721//292
f 7501//257 7720//257 7719//257 7505//257
f 7507//292 7510//292 7724//292 7718//292
f 7505//257 7719//257 7725//257 7508//257
f 7778//302 7774//302 7770//302 7760//302 7751//302 7748//302 7744//302 7741//302 7737//302 7732//302 7727//302 7722//302
f 7729//303 7506//303 7723//303 7726//303
f 7506//304 7780//304 7776//304 7723//304
f 7510//292 7511//292 7758//292 7724//292
f 7508//257 7725//257 7757//257 7509//257
f 7734//305 7730//305 7728//305 7731//305
f 7739//306 7735//306 7733//306 7736//306
f 7512//307 7740//307 7738//307 7742//307
f 7746//308 7512//308 7742//308 7743//308
f 7513//309 7747//309 7745//309 7749//309
f 7753//283 7513//283 7749//283 7750//283
f 7767//310 7754//310 7752//310 7759//310
f 7511//292 7496//292 7755//292 7758//292
f 7509//257 7757//257 7756//257 7514//257
f 7514//257 7756//257 7763//257 7765//257
f 7772//311 7768//311 7761//311 7769//311
f 7516//279 7773//279 7771//279 7775//279
f 7779//312 7516//312 7775//312 7777//312
o Sole
v -0.530769 -3.715385 0.176923
v -0.884615 -4.069231 0.353846
v -0.530769 -3.715385 0.353846
v -0.530769 -3.715385 0.530769
v -0.530769 -3.715385 0.707692
v -0.530769 -3.715385 0.884615
v -0.884615 -4.069231 0.884615
v -0.884615 -4.069231 0.176923
v -0.884615 -3.715385 -0.000000
v -1.238462 -3.715385 0.353846
v -1.238462 -3.715385 0.176923
v -1.238462 -3.715385 0.530769
v -0.884615 -4.069231 0.530769
v -1.238462 -3.715385 0.707692
v -1.238462 -3.715385 0.884615
v -0.884615 -4.069231 0.707692
v -0.884615 -3.715385 1.061538
v 0.884615 -4.069231 0.176923
v 0.530769 -3.715385 0.353846
v 0.530769 -3.715385 0.176923
v 0.884615 -4.069231 0.353846
v 0.884615 -4.069231 0.530769
v 0.530769 -3.715385 0.530769
v 0.884615 -4.069231 0.707692
v 0.530769 -3.715385 0.707692
v 0.530769 -3.715385 0.884615
v 0.884615 -3.715385 -0.000000
v 1.238462 -3.715385 0.176923
v 1.238462 -3.715385 0.353846
v 1.238462 -3.715385 0.530769
v 1.238462 -3.715385 0.707692
v 1.238462 -3.715385 0.884615
v 0.884615 -4.069231 0.884615
v 0.884615 -3.715385 1.061538
v -0.548462 -4.069231 0.017692
v -0.548462 -4.051538 -0.000000
v -0.530769 -4.051538 0.017692
v -0.530769 -3.715385 0.017692
v -0.548462 -3.715385 -0.000000
v -0.530769 -4.051538 0.176923
v -0.548462 -4.069231 0.176923
v -0.530769 -4.051538 0.353846
v -0.548462 -4.069231 0.353846
v -0.530769 -4.051538 0.530769
v -0.548462 -4.069231 0.530769
v -0.530769 -4.051538 0.707692
v -0.548462 -4.069231 0.707692
v -0.548462 -3.715385 1.061538
v -0.530769 -3.715385 1.043846
v -0.548462 -4.069231 0.884615
v -0.530769 -4.051538 0.884615
v -0.548462 -4.069231 1.043846
v -0.530769 -4.051538 1.043846
v -0.548462 -4.051538 1.061538
v -0.884615 -4.051538 1.061538
v -0.884615 -4.069231 1.043846
v -1.220769 -3.715385 -0.000000
v -1.238462 -3.715385 0.017692
v -1.220769 -4.051538 -0.000000
v -1.220769 -4.069231 0.017692
v -1.238462 -4.051538 0.017692
v -0.884615 -4.069231 0.017692
v -0.884615 -4.051538 -0.000000
v -1.220769 -4.069231 0.353846
v -1.238462 -4.051538 0.353846
v -1.238462 -4.051538 0.176923
v -1.220769 -4.069231 0.176923
v -1.220769 -4.069231 0.707692
v -1.238462 -4.051538 0.707692
v -1.220769 -4.069231 0.530769
v -1.238462 -4.051538 0.530769
v -1.220769 -4.069231 0.884615
v -1.238462 -4.051538 0.884615
v -1.220769 -4.051538 1.061538
v -1.238462 -4.051538 1.043846
v -1.220769 -4.069231 1.043846
v -1.238462 -3.715385 1.043846
v -1.220769 -3.715385 1.061538
v 0.548462 -4.069231 0.176923
v 0.530769 -4.051538 0.176923
v 0.548462 -4.069231 0.017692
v 0.530769 -4.051538 0.017692
v 0.548462 -4.051538 -0.000000
v 0.548462 -3.715385 -0.000000
v 0.530769 -3.715385 0.017692
v 0.548462 -4.069231 0.353846
v 0.530769 -4.051538 0.353846
v 0.548462 -4.069231 0.707692
v 0.530769 -4.051538 0.707692
v 0.530769 -4.051538 0.530769
v 0.548462 -4.069231 0.530769
v 0.530769 -3.715385 1.043846
v 0.548462 -3.715385 1.061538
v 0.548462 -4.069231 0.884615
v 0.530769 -4.051538 0.884615
v 0.548462 -4.069231 1.043846
v 0.548462 -4.051538 1.061538
v 0.530769 -4.051538 1.043846
v 1.220769 -4.051538 -0.000000
v 1.238462 -4.051538 0.017692
v 1.220769 -4.069231 0.017692
v 0.884615 -4.069231 0.017692
v 0.884615 -4.051538 -0.000000
v 1.238462 -3.715385 0.017692
v 1.220769 -3.715385 -0.000000
v 1.238462 -4.051538 0.176923
v 1.220769 -4.069231 0.176923
v 1.238462 -4.051538 0.353846
v 1.220769 -4.069231 0.353846
v 1.238462 -4.051538 0.530769
v 1.220769 -4.069231 0.530769
v 1.238462 -4.051538 0.707692
v 1.220769 -4.069231 0.707692
v 1.220769 -3.715385 1.061538
v 1.238462 -3.715385 1.043846
v 1.238462 -4.051538 0.884615
v 1.220769 -4.069231 0.884615
v 0.884615 -4.051538 1.061538
v 0.884615 -4.069231 1.043846
v 1.220769 -4.051538 1.061538
v 1.220769 -4.069231 1.043846
v 1.238462 -4.051538 1.043846
vn 0.5773 -0.5773 -0.5774
vn 0.5773 -0.5773 0.5774
vn -0.5773 -0.5773 -0.5774
vn -0.5773 -0.5773 0.5774
vn 0.7071 -0.7071 -0.0000
vn -0.7071 -0.0000 -0.7071
vn -0.7071 -0.7071 -0.0000
vn -0.7071 -0.0000 0.7071
vn -0.0000 -0.7071 -0.7071
vn -0.0000 -0.7071 0.7071
vn 0.7071 -0.0000 -0.7071
vn 0.7071 -0.0000 0.7071
vn -0.0000 -1.0000 -0.0000
vn 1.0000 -0.0000 -0.0000
vn -0.0000 -0.0000 -1.0000
vn -0.0000 -0.0000 1.0000
vn -1.0000 -0.0000 -0.0000
s 0
usemtl Sole
f 7815//313 7816//313 7817//313
f 7832//314 7833//314 7834//314
f 7839//315 7840//315 7841//315
f 7854//316 7855//316 7856//316
f 7861//315 7862//315 7863//315
f 7876//316 7877//316 7878//316
f 7879//313 7880//313 7881//313
f 7900//314 7901//314 7902//314
f 7831//317 7833//317 7832//317 7830//317
f 7837//318 7839//318 7841//318 7838//318
f 7845//319 7846//319 7847//319 7844//319
f 7857//320 7855//320 7854//320 7858//320
f 7860//319 7862//319 7861//319 7859//319
f 7869//319 7870//319 7871//319 7868//319
f 7883//321 7879//321 7881//321 7882//321
f 7899//322 7901//322 7900//322 7898//322
f 7821//317 7815//317 7817//317 7820//317
f 7816//323 7819//323 7818//323 7817//323
f 7843//321 7816//321 7815//321 7842//321
f 7823//317 7821//317 7820//317 7822//317
f 7825//317 7823//317 7822//317 7824//317
f 7827//317 7825//317 7824//317 7826//317
f 7830//317 7827//317 7826//317 7831//317
f 7828//324 7834//324 7833//324 7829//324
f 7834//322 7835//322 7836//322 7832//322
f 7840//319 7847//319 7846//319 7841//319
f 7839//321 7843//321 7842//321 7840//321
f 7844//319 7850//319 7851//319 7845//319
f 7850//319 7848//319 7849//319 7851//319
f 7848//319 7852//319 7853//319 7849//319
f 7852//319 7856//319 7855//319 7853//319
f 7835//322 7854//322 7856//322 7836//322
f 7864//318 7863//318 7862//318 7865//318
f 7863//321 7883//321 7882//321 7861//321
f 7859//319 7866//319 7867//319 7860//319
f 7866//319 7871//319 7870//319 7867//319
f 7868//319 7874//319 7875//319 7869//319
f 7874//319 7876//319 7878//319 7875//319
f 7877//320 7873//320 7872//320 7878//320
f 7898//322 7877//322 7876//322 7899//322
f 7887//317 7881//317 7880//317 7886//317
f 7879//323 7885//323 7884//323 7880//323
f 7889//317 7887//317 7886//317 7888//317
f 7891//317 7889//317 7888//317 7890//317
f 7893//317 7891//317 7890//317 7892//317
f 7897//317 7893//317 7892//317 7896//317
f 7901//317 7897//317 7896//317 7902//317
f 7894//324 7900//324 7902//324 7895//324
f 7815//325 7821//325 7788//325 7842//325
f 7817//326 7818//326 7781//326 7820//326
f 7789//327 7819//327 7816//327 7843//327
f 7821//325 7823//325 7782//325 7788//325
f 7820//326 7781//326 7783//326 7822//326
f 7823//325 7825//325 7793//325 7782//325
f 7822//326 7783//326 7784//326 7824//326
f 7825//325 7827//325 7796//325 7793//325
f 7824//326 7784//326 7785//326 7826//326
f 7827//325 7830//325 7787//325 7796//325
f 7826//326 7785//326 7786//326 7831//326
f 7831//326 7786//326 7829//326 7833//326
f 7835//328 7834//328 7828//328 7797//328
f 7830//325 7832//325 7836//325 7787//325
f 7854//328 7835//328 7797//328 7858//328
f 7787//325 7836//325 7856//325 7852//325
f 7837//327 7789//327 7843//327 7839//327
f 7846//329 7791//329 7838//329 7841//329
f 7842//325 7788//325 7847//325 7840//325
f 7788//325 7782//325 7844//325 7847//325
f 7845//329 7790//329 7791//329 7846//329
f 7782//325 7793//325 7850//325 7844//325
f 7851//329 7792//329 7790//329 7845//329
f 7853//329 7795//329 7794//329 7849//329
f 7849//329 7794//329 7792//329 7851//329
f 7793//325 7796//325 7848//325 7850//325
f 7796//325 7787//325 7852//325 7848//325
f 7855//329 7857//329 7795//329 7853//329
f 7798//325 7801//325 7866//325 7859//325
f 7882//325 7798//325 7859//325 7861//325
f 7860//329 7800//329 7865//329 7862//329
f 7867//329 7799//329 7800//329 7860//329
f 7864//327 7807//327 7883//327 7863//327
f 7870//329 7803//329 7799//329 7867//329
f 7801//325 7802//325 7871//325 7866//325
f 7804//325 7813//325 7874//325 7868//325
f 7802//325 7804//325 7868//325 7871//325
f 7869//329 7805//329 7803//329 7870//329
f 7875//329 7806//329 7805//329 7869//329
f 7878//329 7872//329 7806//329 7875//329
f 7877//328 7898//328 7814//328 7873//328
f 7813//325 7899//325 7876//325 7874//325
f 7807//327 7885//327 7879//327 7883//327
f 7881//325 7887//325 7798//325 7882//325
f 7880//326 7884//326 7808//326 7886//326
f 7886//326 7808//326 7809//326 7888//326
f 7887//325 7889//325 7801//325 7798//325
f 7889//325 7891//325 7802//325 7801//325
f 7888//326 7809//326 7810//326 7890//326
f 7891//325 7893//325 7804//325 7802//325
f 7890//326 7810//326 7811//326 7892//326
f 7893//325 7897//325 7813//325 7804//325
f 7892//326 7811//326 7812//326 7896//326
f 7896//326 7812//326 7895//326 7902//326
f 7898//328 7900//328 7894//328 7814//328
f 7897//325 7901//325 7899//325 7813//325
o Sprinkles0
v -1.677299 0.760769 1.238462
v -1.769231 0.813846 1.238462
v -1.861163 0.760769 1.238462
v -1.861163 0.654615 1.238462
v -1.769231 0.601538 1.238462
v -1.677299 0.654615 1.238462
v -0.955385 -1.415385 1.238461
v -1.061538 -1.309231 1.238462
v -1.167692 -1.415385 1.238461
v -1.114615 -1.507317 1.238461
v -1.008461 -1.507317 1.238461
v 1.167692 -1.415385 1.238461
v 1.061538 -1.309231 1.238462
v 0.955385 -1.415385 1.238461
v 1.008461 -1.507317 1.238461
v 1.114615 -1.507317 1.238461
v -1.667656 0.724782 1.238462
v -1.667656 0.690603 1.238462
v -1.667656 0.690603 1.284462
v -1.667656 0.724782 1.284462
v -1.681393 0.707692 1.302154
v -1.693161 0.751611 1.302154
v -1.677299 0.760769 1.284462
v -1.733243 0.804203 1.238462
v -1.703643 0.787114 1.238462
v -1.733243 0.804203 1.284462
v -1.725312 0.783762 1.302154
v -1.703643 0.787114 1.284462
v -1.769231 0.795530 1.302154
v -1.769231 0.813846 1.284462
v -1.834818 0.787114 1.238462
v -1.805218 0.804203 1.238462
v -1.834818 0.787114 1.284462
v -1.813149 0.783762 1.302154
v -1.805218 0.804203 1.284462
v -1.845300 0.751611 1.302154
v -1.861163 0.760769 1.284462
v -1.870806 0.690603 1.238462
v -1.870806 0.724782 1.238462
v -1.870806 0.690603 1.284462
v -1.857068 0.707692 1.302154
v -1.870806 0.724782 1.284462
v -1.845300 0.663774 1.302154
v -1.861163 0.654615 1.284462
v -1.805218 0.611181 1.238462
v -1.834818 0.628271 1.238462
v -1.805218 0.611181 1.284462
v -1.813149 0.631623 1.302154
v -1.834818 0.628271 1.284462
v -1.769231 0.619855 1.302154
v -1.769231 0.601538 1.284462
v -1.703644 0.628271 1.238462
v -1.733243 0.611181 1.238462
v -1.703644 0.628271 1.284462
v -1.725312 0.631623 1.302154
v -1.733243 0.611181 1.284462
v -1.693161 0.663774 1.302154
v -1.677299 0.654615 1.284462
v -0.973701 -1.415385 1.302154
v -0.955385 -1.415385 1.284461
v -0.982117 -1.349797 1.238462
v -0.965028 -1.379397 1.238461
v -0.982117 -1.349797 1.284462
v -0.985469 -1.371466 1.302154
v -0.965028 -1.379397 1.284461
v -1.025551 -1.318874 1.238462
v -0.995951 -1.335963 1.238462
v -1.025551 -1.318874 1.284462
v -1.017620 -1.339315 1.302154
v -0.995951 -1.335963 1.284462
v -1.061538 -1.327547 1.302154
v -1.061538 -1.309231 1.284462
v -1.127126 -1.335963 1.238462
v -1.097526 -1.318874 1.238462
v -1.127126 -1.335963 1.284462
v -1.105457 -1.339315 1.302154
v -1.097526 -1.318874 1.284462
v -1.158049 -1.379397 1.238461
v -1.140960 -1.349797 1.238462
v -1.158049 -1.379397 1.284461
v -1.137608 -1.371466 1.302154
v -1.140960 -1.349797 1.284462
v -1.149376 -1.415385 1.302154
v -1.167692 -1.415385 1.284461
v -1.140960 -1.480972 1.238461
v -1.158049 -1.451372 1.238461
v -1.140960 -1.480972 1.284461
v -1.137608 -1.459303 1.302154
v -1.158049 -1.451372 1.284461
v -1.105457 -1.491454 1.302154
v -1.114615 -1.507317 1.284461
v -1.044449 -1.516959 1.238461
v -1.078628 -1.516959 1.238461
v -1.044449 -1.516959 1.284461
v -1.061538 -1.503222 1.302154
v -1.078628 -1.516959 1.284461
v -1.017620 -1.491454 1.302154
v -1.008461 -1.507317 1.284461
v -0.965028 -1.451372 1.238461
v -0.982117 -1.480972 1.238461
v -0.965028 -1.451372 1.284461
v -0.985469 -1.459303 1.302154
v -0.982117 -1.480972 1.284461
v 1.149376 -1.415385 1.302154
v 1.167692 -1.415385 1.284461
v 1.140960 -1.349797 1.238462
v 1.158049 -1.379397 1.238461
v 1.140960 -1.349797 1.284462
v 1.137608 -1.371466 1.302154
v 1.158049 -1.379397 1.284461
v 1.097526 -1.318874 1.238462
v 1.127126 -1.335963 1.238462
v 1.097526 -1.318874 1.284462
v 1.105457 -1.339315 1.302154
v 1.127126 -1.335963 1.284462
v 1.061538 -1.327547 1.302154
v 1.061538 -1.309231 1.284462
v 0.995951 -1.335963 1.238462
v 1.025551 -1.318874 1.238462
v 0.995951 -1.335963 1.284462
v 1.017620 -1.339315 1.302154
v 1.025551 -1.318874 1.284462
v 0.965028 -1.379397 1.238461
v 0.982117 -1.349797 1.238462
v 0.965028 -1.379397 1.284461
v 0.985469 -1.371466 1.302154
v 0.982117 -1.349797 1.284462
v 0.973701 -1.415385 1.302154
v 0.955385 -1.415385 1.284461
v 0.982117 -1.480972 1.238461
v 0.965028 -1.451372 1.238461
v 0.982117 -1.480972 1.284461
v 0.985469 -1.459303 1.302154
v 0.965028 -1.451372 1.284461
v 1.017620 -1.491454 1.302154
v 1.008461 -1.507317 1.284461
v 1.078628 -1.516959 1.238461
v 1.044449 -1.516959 1.238461
v 1.078628 -1.516959 1.284461
v 1.061538 -1.503222 1.302154
v 1.044449 -1.516959 1.284461
v 1.105457 -1.491454 1.302154
v 1.114615 -1.507317 1.284461
v 1.158049 -1.451372 1.238461
v 1.140960 -1.480972 1.238461
v 1.158049 -1.451372 1.284461
v 1.137608 -1.459303 1.302154
v 1.140960 -1.480972 1.284461
vn 0.7899 -0.0000 0.6133
vn 0.3949 0.6840 0.6133
vn -0.3949 0.6840 0.6133
vn -0.7899 -0.0000 0.6133
vn -0.3949 -0.6840 0.6133
vn 0.3949 -0.6840 0.6133
vn 0.6840 0.3949 0.6133
vn -0.6840 0.3949 0.6133
vn -0.6840 -0.3949 0.6133
vn -0.0000 -0.7899 0.6133
vn 0.6840 -0.3949 0.6133
vn 1.0000 -0.0000 -0.0000
vn 0.6830 0.1830 0.7071
vn 0.5000 0.8660 -0.0000
vn 0.5000 0.5000 0.7071
vn 0.1830 0.6830 0.7071
vn -0.5000 0.8660 -0.0000
vn -0.1830 0.6830 0.7071
vn -0.5000 0.5000 0.7071
vn -1.0000 -0.0000 -0.0000
vn -0.6830 0.1830 0.7071
vn -0.6830 -0.1830 0.7071
vn -0.5000 -0.8660 -0.0000
vn -0.5000 -0.5000 0.7071
vn -0.1830 -0.6830 0.7071
vn 0.5000 -0.8660 -0.0000
vn 0.1830 -0.6830 0.7071
vn 0.5000 -0.5000 0.7071
vn 0.6830 -0.1830 0.7071
vn 0.8660 0.5000 -0.0000
vn -0.8660 0.5000 -0.0000
vn -0.8660 -0.5000 -0.0000
vn -0.0000 -1.0000 -0.0000
vn 0.8660 -0.5000 -0.0000
vn 0.9659 -0.2588 -0.0000
vn 0.9659 0.2588 -0.0000
vn -0.0000 -0.0000 1.0000
vn 0.7071 0.7071 -0.0000
vn 0.2588 0.9659 -0.0000
vn -0.2588 0.9659 -0.0000
vn -0.7071 0.7071 -0.0000
vn -0.9659 0.2588 -0.0000
vn -0.9659 -0.2588 -0.0000
vn -0.7071 -0.7071 -0.0000
vn -0.2588 -0.9659 -0.0000
vn 0.2588 -0.9659 -0.0000
vn 0.7071 -0.7071 -0.0000
s 0
usemtl Sprinkle0
f 7921//330 7922//330 7923//330
f 7928//331 7929//331 7930//331
f 7935//332 7936//332 7937//332
f 7942//333 7943//333 7944//333
f 7949//334 7950//334 7951//334
f 7956//335 7957//335 7958//335
f 7965//336 7966//336 7967//336
f 7970//331 7971//331 7972//331
f 7977//332 7978//332 7979//332
f 7982//337 7983//337 7984//337
f 7989//338 7990//338 7991//338
f 7996//339 7997//339 7998//339
f 8003//340 8004//340 8005//340
f 8010//336 8011//336 8012//336
f 8015//331 8016//331 8017//331
f 8022//332 8023//332 8024//332
f 8027//337 8028//337 8029//337
f 8034//338 8035//338 8036//338
f 8041//339 8042//339 8043//339
f 8048//340 8049//340 8050//340
f 7921//341 7920//341 7919//341 7922//341
f 7924//342 7923//342 7922//342 7925//342
f 7926//343 7928//343 7930//343 7927//343
f 7929//344 7924//344 7925//344 7930//344
f 7931//345 7929//345 7928//345 7932//345
f 7933//346 7935//346 7937//346 7934//346
f 7936//347 7931//347 7932//347 7937//347
f 7938//348 7936//348 7935//348 7939//348
f 7940//349 7942//349 7944//349 7941//349
f 7943//350 7938//350 7939//350 7944//350
f 7945//351 7943//351 7942//351 7946//351
f 7947//352 7949//352 7951//352 7948//352
f 7950//353 7945//353 7946//353 7951//353
f 7952//354 7950//354 7949//354 7953//354
f 7954//355 7956//355 7958//355 7955//355
f 7957//356 7952//356 7953//356 7958//356
f 7959//357 7957//357 7956//357 7960//357
f 7923//358 7959//358 7960//358 7921//358
f 7963//359 7965//359 7967//359 7964//359
f 7966//342 7961//342 7962//342 7967//342
f 7968//343 7970//343 7972//343 7969//343
f 7971//344 7966//344 7965//344 7972//344
f 7973//345 7971//345 7970//345 7974//345
f 7975//346 7977//346 7979//346 7976//346
f 7978//347 7973//347 7974//347 7979//347
f 7980//360 7982//360 7984//360 7981//360
f 7983//348 7978//348 7977//348 7984//348
f 7985//350 7983//350 7982//350 7986//350
f 7987//361 7989//361 7991//361 7988//361
f 7990//351 7985//351 7986//351 7991//351
f 7992//353 7990//353 7989//353 7993//353
f 7994//362 7996//362 7998//362 7995//362
f 7997//354 7992//354 7993//354 7998//354
f 7999//356 7997//356 7996//356 8000//356
f 8001//363 8003//363 8005//363 8002//363
f 8004//357 7999//357 8000//357 8005//357
f 7961//358 8004//358 8003//358 7962//358
f 8008//359 8010//359 8012//359 8009//359
f 8011//342 8006//342 8007//342 8012//342
f 8013//343 8015//343 8017//343 8014//343
f 8016//344 8011//344 8010//344 8017//344
f 8018//345 8016//345 8015//345 8019//345
f 8020//346 8022//346 8024//346 8021//346
f 8023//347 8018//347 8019//347 8024//347
f 8025//360 8027//360 8029//360 8026//360
f 8028//348 8023//348 8022//348 8029//348
f 8030//350 8028//350 8027//350 8031//350
f 8032//361 8034//361 8036//361 8033//361
f 8035//351 8030//351 8031//351 8036//351
f 8037//353 8035//353 8034//353 8038//353
f 8039//362 8041//362 8043//362 8040//362
f 8042//354 8037//354 8038//354 8043//354
f 8044//356 8042//356 8041//356 8045//356
f 8046//363 8048//363 8050//363 8047//363
f 8049//357 8044//357 8045//357 8050//357
f 8006//358 8049//358 8048//358 8007//358
f 7908//364 7920//364 7921//364 7960//364
f 7919//365 7903//365 7925//365 7922//365
f 7923//366 7924//366 7929//366 7931//366 7936//366 7938//366 7943//366 7945//366 7950//366 7952//366 7957//366 7959//366
f 7903//367 7927//367 7930//367 7925//367
f 7926//368 7904//368 7932//368 7928//368
f 7904//369 7934//369 7937//369 7932//369
f 7933//370 7905//370 7939//370 7935//370
f 7905//371 7941//371 7944//371 7939//371
f 7940//372 7906//372 7946//372 7942//372
f 7906//373 7948//373 7951//373 7946//373
f 7947//374 7907//374 7953//374 7949//374
f 7907//375 7955//375 7958//375 7953//375
f 7954//376 7908//376 7960//376 7956//376
f 8001//364 7909//364 7962//364 8003//364
f 7909//365 7964//365 7967//365 7962//365
f 7961//366 7966//366 7971//366 7973//366 7978//366 7983//366 7985//366 7990//366 7992//366 7997//366 7999//366 8004//366
f 7963//367 7969//367 7972//367 7965//367
f 7968//368 7910//368 7974//368 7970//368
f 7910//369 7976//369 7979//369 7974//369
f 7975//370 7981//370 7984//370 7977//370
f 7980//371 7911//371 7986//371 7982//371
f 7911//372 7988//372 7991//372 7986//372
f 7987//373 7912//373 7993//373 7989//373
f 7912//374 7995//374 7998//374 7993//374
f 7994//375 7913//375 8000//375 7996//375
f 7913//376 8002//376 8005//376 8000//376
f 8046//364 7914//364 8007//364 8048//364
f 7914//365 8009//365 8012//365 8007//365
f 8006//366 8011//366 8016//366 8018//366 8023//366 8028//366 8030//366 8035//366 8037//366 8042//366 8044//366 8049//366
f 8008//367 8014//367 8017//367 8010//367
f 8013//368 7915//368 8019//368 8015//368
f 7915//369 8021//369 8024//369 8019//369
f 8020//370 8026//370 8029//370 8022//370
f 8025//371 7916//371 8031//371 8027//371
f 7916//372 8033//372 8036//372 8031//372
f 8032//373 7917//373 8038//373 8034//373
f 7917//374 8040//374 8043//374 8038//374
f 8039//375 7918//375 8045//375 8041//375
f 7918//376 8047//376 8050//376 8045//376
o Sprinkles1
v -0.955385 1.769231 1.238462
v -1.008461 1.861163 1.238462
v -1.114615 1.861163 1.238462
v -1.167692 1.769231 1.238462
v -1.114615 1.677299 1.238462
v -1.008461 1.677299 1.238462
v -0.601538 0.353846 1.238462
v -0.615760 0.406923 1.238462
v -0.654615 0.445778 1.238462
v -0.707692 0.460000 1.238462
v -0.799624 0.406923 1.238462
v -0.813846 0.353846 1.238462
v -0.799624 0.300769 1.238462
v -0.707692 0.247692 1.238462
v -0.654615 0.261914 1.238462
v -0.615760 0.300769 1.238462
v 0.813846 -0.707692 1.238462
v 0.799624 -0.654615 1.238462
v 0.707692 -0.601539 1.238462
v 0.654615 -0.615760 1.238462
v 0.615760 -0.654615 1.238462
v 0.601538 -0.707692 1.238462
v 0.654615 -0.799624 1.238462
v 0.707692 -0.813846 1.238462
v 0.813846 1.769231 1.238462
v 0.760769 1.861163 1.238462
v 0.654615 1.861163 1.238462
v 0.601538 1.769231 1.238462
v 0.654615 1.677299 1.238462
v 0.760769 1.677299 1.238462
v 1.507317 -1.362308 1.238462
v 1.415385 -1.309231 1.238462
v 1.309231 -1.415385 1.238461
v 1.362308 -1.507317 1.238461
v 1.468462 -1.507317 1.238461
v 1.507317 -1.468462 1.238461
v 1.861163 0.053077 1.238462
v 1.769231 0.106154 1.238462
v 1.677299 0.053077 1.238462
v 1.677299 -0.053077 1.238462
v 1.769231 -0.106154 1.238462
v 1.861163 -0.053077 1.238462
v -0.973701 1.769231 1.302154
v -0.955385 1.769231 1.284462
v -0.982117 1.834818 1.238462
v -0.965028 1.805218 1.238462
v -0.982117 1.834818 1.284462
v -0.985469 1.813149 1.302154
v -0.965028 1.805218 1.284462
v -1.017620 1.845300 1.302154
v -1.008461 1.861163 1.284462
v -1.078628 1.870806 1.238462
v -1.044449 1.870806 1.238462
v -1.078628 1.870806 1.284462
v -1.061538 1.857068 1.302154
v -1.044449 1.870806 1.284462
v -1.105457 1.845300 1.302154
v -1.114615 1.861163 1.284462
v -1.158049 1.805218 1.238462
v -1.140960 1.834818 1.238462
v -1.158049 1.805218 1.284462
v -1.137608 1.813149 1.302154
v -1.140960 1.834818 1.284462
v -1.149376 1.769231 1.302154
v -1.167692 1.769231 1.284462
v -1.140960 1.703643 1.238462
v -1.158049 1.733243 1.238462
v -1.140960 1.703643 1.284462
v -1.137608 1.725312 1.302154
v -1.158049 1.733243 1.284462
v -1.105457 1.693161 1.302154
v -1.114615 1.677299 1.284462
v -1.044449 1.667656 1.238462
v -1.078628 1.667656 1.238462
v -1.044449 1.667656 1.284462
v -1.061538 1.681393 1.302154
v -1.078628 1.667656 1.284462
v -1.017620 1.693161 1.302154
v -1.008461 1.677299 1.284462
v -0.965028 1.733243 1.238462
v -0.982117 1.703643 1.238462
v -0.965028 1.733243 1.284462
v -0.985469 1.725312 1.302154
v -0.982117 1.703643 1.284462
v -0.619855 0.353846 1.302154
v -0.601538 0.353846 1.284462
v -0.631623 0.397765 1.302154
v -0.615760 0.406923 1.284462
v -0.663774 0.429915 1.302154
v -0.654615 0.445778 1.284462
v -0.707692 0.441684 1.302154
v -0.707692 0.460000 1.284462
v -0.773280 0.433268 1.238462
v -0.743680 0.450357 1.238462
v -0.773280 0.433268 1.284462
v -0.751611 0.429916 1.302154
v -0.743680 0.450357 1.284462
v -0.783762 0.397765 1.302154
v -0.799624 0.406923 1.284462
v -0.795530 0.353846 1.302154
v -0.813846 0.353846 1.284462
v -0.783762 0.309927 1.302154
v -0.799624 0.300769 1.284462
v -0.743680 0.257335 1.238462
v -0.773280 0.274425 1.238462
v -0.743680 0.257335 1.284462
v -0.751611 0.277777 1.302154
v -0.773280 0.274425 1.284462
v -0.707692 0.266009 1.302154
v -0.707692 0.247692 1.284462
v -0.663774 0.277777 1.302154
v -0.654615 0.261914 1.284462
v -0.631623 0.309927 1.302154
v -0.615760 0.300769 1.284462
v 0.795530 -0.707692 1.302154
v 0.813846 -0.707692 1.284462
v 0.783762 -0.663774 1.302154
v 0.799624 -0.654615 1.284462
v 0.743680 -0.611181 1.238462
v 0.773280 -0.628271 1.238462
v 0.743680 -0.611181 1.284462
v 0.751611 -0.631623 1.302154
v 0.773280 -0.628271 1.284462
v 0.707692 -0.619855 1.302154
v 0.707692 -0.601539 1.284462
v 0.663774 -0.631623 1.302154
v 0.654615 -0.615760 1.284462
v 0.631623 -0.663774 1.302154
v 0.615760 -0.654615 1.284462
v 0.619855 -0.707692 1.302154
v 0.601538 -0.707692 1.284462
v 0.628271 -0.773280 1.238462
v 0.611181 -0.743680 1.238462
v 0.628271 -0.773280 1.284462
v 0.631623 -0.751611 1.302154
v 0.611181 -0.743680 1.284462
v 0.663774 -0.783762 1.302154
v 0.654615 -0.799624 1.284462
v 0.707692 -0.795530 1.302154
v 0.707692 -0.813846 1.284462
v 0.773280 -0.787114 1.238462
v 0.743680 -0.804203 1.238462
v 0.773280 -0.787114 1.284462
v 0.751611 -0.783762 1.302154
v 0.743680 -0.804203 1.284462
v 0.804203 -0.743680 1.238462
v 0.787114 -0.773280 1.238462
v 0.804203 -0.743680 1.284462
v 0.783762 -0.751611 1.302154
v 0.787114 -0.773280 1.284462
v 0.795530 1.769231 1.302154
v 0.813846 1.769231 1.284462
v 0.787114 1.834818 1.238462
v 0.804203 1.805218 1.238462
v 0.787114 1.834818 1.284462
v 0.783762 1.813149 1.302154
v 0.804203 1.805218 1.284462
v 0.751611 1.845300 1.302154
v 0.760769 1.861163 1.284462
v 0.690603 1.870806 1.238462
v 0.724782 1.870806 1.238462
v 0.690603 1.870806 1.284462
v 0.707692 1.857068 1.302154
v 0.724782 1.870806 1.284462
v 0.663774 1.845300 1.302154
v 0.654615 1.861163 1.284462
v 0.611181 1.805218 1.238462
v 0.628271 1.834818 1.238462
v 0.611181 1.805218 1.284462
v 0.631623 1.813149 1.302154
v 0.628271 1.834818 1.284462
v 0.619855 1.769231 1.302154
v 0.601538 1.769231 1.284462
v 0.628271 1.703644 1.238462
v 0.611181 1.733243 1.238462
v 0.628271 1.703644 1.284462
v 0.631623 1.725312 1.302154
v 0.611181 1.733243 1.284462
v 0.663774 1.693161 1.302154
v 0.654615 1.677299 1.284462
v 0.724782 1.667656 1.238462
v 0.690603 1.667656 1.238462
v 0.724782 1.667656 1.284462
v 0.707692 1.681393 1.302154
v 0.690603 1.667656 1.284462
v 0.751611 1.693161 1.302154
v 0.760769 1.677299 1.284462
v 0.804203 1.733243 1.238462
v 0.787114 1.703643 1.238462
v 0.804203 1.733243 1.284462
v 0.783762 1.725312 1.302154
v 0.787114 1.703643 1.284462
v 1.516959 -1.398295 1.238461
v 1.516959 -1.432474 1.238461
v 1.516959 -1.432474 1.284461
v 1.516959 -1.398295 1.284461
v 1.503222 -1.415385 1.302154
v 1.491454 -1.371466 1.302154
v 1.507317 -1.362308 1.284462
v 1.451372 -1.318874 1.238462
v 1.480972 -1.335963 1.238462
v 1.451372 -1.318874 1.284462
v 1.459303 -1.339315 1.302154
v 1.480972 -1.335963 1.284462
v 1.415385 -1.327547 1.302154
v 1.415385 -1.309231 1.284462
v 1.349797 -1.335963 1.238462
v 1.379397 -1.318874 1.238462
v 1.349797 -1.335963 1.284462
v 1.371466 -1.339315 1.302154
v 1.379397 -1.318874 1.284462
v 1.318874 -1.379397 1.238461
v 1.335963 -1.349797 1.238462
v 1.318874 -1.379397 1.284461
v 1.339315 -1.371466 1.302154
v 1.335963 -1.349797 1.284462
v 1.327547 -1.415385 1.302154
v 1.309231 -1.415385 1.284461
v 1.335963 -1.480972 1.238461
v 1.318874 -1.451372 1.238461
v 1.335963 -1.480972 1.284461
v 1.339315 -1.459303 1.302154
v 1.318874 -1.451372 1.284461
v 1.371466 -1.491454 1.302154
v 1.362308 -1.507317 1.284461
v 1.432474 -1.516959 1.238461
v 1.398295 -1.516959 1.238461
v 1.432474 -1.516959 1.284461
v 1.415385 -1.503222 1.302154
v 1.398295 -1.516959 1.284461
v 1.459303 -1.491454 1.302154
v 1.468462 -1.507317 1.284461
v 1.491454 -1.459303 1.302154
v 1.507317 -1.468462 1.284461
v 1.870806 0.017089 1.238462
v 1.870806 -0.017090 1.238462
v 1.870806 -0.017089 1.284462
v 1.870806 0.017089 1.284462
v 1.857068 -0.000000 1.302154
v 1.845300 0.043919 1.302154
v 1.861163 0.053077 1.284462
v 1.805218 0.096511 1.238462
v 1.834818 0.079422 1.238462
v 1.805218 0.096511 1.284462
v 1.813149 0.076069 1.302154
v 1.834818 0.079422 1.284462
v 1.769231 0.087837 1.302154
v 1.769231 0.106154 1.284462
v 1.703644 0.079422 1.238462
v 1.733243 0.096511 1.238462
v 1.703644 0.079422 1.284462
v 1.725312 0.076069 1.302154
v 1.733243 0.096511 1.284462
v 1.693161 0.043919 1.302154
v 1.677299 0.053077 1.284462
v 1.667656 -0.017089 1.238462
v 1.667656 0.017089 1.238462
v 1.667656 -0.017090 1.284462
v 1.681393 -0.000000 1.302154
v 1.667656 0.017089 1.284462
v 1.693161 -0.043919 1.302154
v 1.677299 -0.053077 1.284462
v 1.733243 -0.096511 1.238462
v 1.703644 -0.079422 1.238462
v 1.733243 -0.096511 1.284462
v 1.725312 -0.076070 1.302154
v 1.703644 -0.079422 1.284462
v 1.769231 -0.087837 1.302154
v 1.769231 -0.106154 1.284462
v 1.834818 -0.079422 1.238462
v 1.805218 -0.096511 1.238462
v 1.834818 -0.079422 1.284462
v 1.813149 -0.076070 1.302154
v 1.805218 -0.096511 1.284462
v 1.845300 -0.043919 1.302154
v 1.861163 -0.053077 1.284462
vn 0.6840 0.3949 0.6133
vn -0.0000 0.7898 0.6133
vn -0.6840 0.3949 0.6133
vn -0.6840 -0.3949 0.6133
vn -0.0000 -0.7899 0.6133
vn 0.6840 -0.3949 0.6133
vn -0.3949 0.6840 0.6133
vn -0.3949 -0.6840 0.6133
vn 0.3949 0.6840 0.6133
vn 0.3949 -0.6840 0.6133
vn 0.7899 -0.0000 0.6133
vn -0.7899 -0.0000 0.6133
vn 0.8660 0.5000 -0.0000
vn 0.6830 0.1830 0.7071
vn 0.5000 0.5000 0.7071
vn -0.0000 1.0000 -0.0000
vn 0.1830 0.6830 0.7071
vn -0.1830 0.6830 0.7071
vn -0.8660 0.5000 -0.0000
vn -0.5000 0.5000 0.7071
vn -0.6830 0.1830 0.7071
vn -0.8660 -0.5000 -0.0000
vn -0.6830 -0.1830 0.7071
vn -0.5000 -0.5000 0.7071
vn -0.0000 -1.0000 -0.0000
vn -0.1830 -0.6830 0.7071
vn 0.1830 -0.6830 0.7071
vn 0.8660 -0.5000 -0.0000
vn 0.5000 -0.5000 0.7071
vn 0.6830 -0.1830 0.7071
vn -0.5000 0.8660 -0.0000
vn -0.5000 -0.8660 -0.0000
vn 0.5000 0.8660 -0.0000
vn 0.5000 -0.8660 -0.0000
vn 1.0000 -0.0000 -0.0000
vn -1.0000 -0.0000 -0.0000
vn 0.9659 -0.2588 -0.0000
vn 0.9659 0.2588 -0.0000
vn -0.0000 -0.0000 1.0000
vn 0.7071 0.7071 -0.0000
vn 0.2588 0.9659 -0.0000
vn -0.2588 0.9659 -0.0000
vn -0.7071 0.7071 -0.0000
vn -0.9659 0.2588 -0.0000
vn -0.9659 -0.2588 -0.0000
vn -0.7071 -0.7071 -0.0000
vn -0.2588 -0.9659 -0.0000
vn 0.2588 -0.9659 -0.0000
vn 0.7071 -0.7071 -0.0000
s 0
usemtl Sprinkle1
f 8097//377 8098//377 8099//377
f 8104//378 8105//378 8106//378
f 8111//379 8112//379 8113//379
f 8118//380 8119//380 8120//380
f 8125//381 8126//381 8127//381
f 8132//382 8133//382 8134//382
f 8145//383 8146//383 8147//383
f 8156//384 8157//384 8158//384
f 8171//385 8172//385 8173//385
f 8184//380 8185//380 8186//380
f 8193//386 8194//386 8195//386
f 8198//382 8199//382 8200//382
f 8205//377 8206//377 8207//377
f 8212//378 8213//378 8214//378
f 8219//379 8220//379 8221//379
f 8226//380 8227//380 8228//380
f 8233//381 8234//381 8235//381
f 8240//382 8241//382 8242//382
f 8245//387 8246//387 8247//387
f 8252//385 8253//385 8254//385
f 8259//383 8260//383 8261//383
f 8264//379 8265//379 8266//379
f 8271//380 8272//380 8273//380
f 8278//381 8279//381 8280//381
f 8287//387 8288//387 8289//387
f 8294//385 8295//385 8296//385
f 8301//383 8302//383 8303//383
f 8308//388 8309//388 8310//388
f 8315//384 8316//384 8317//384
f 8322//386 8323//386 8324//386
f 8095//389 8097//389 8099//389 8096//389
f 8098//390 8093//390 8094//390 8099//390
f 8100//391 8098//391 8097//391 8101//391
f 8102//392 8104//392 8106//392 8103//392
f 8105//393 8100//393 8101//393 8106//393
f 8107//394 8105//394 8104//394 8108//394
f 8109//395 8111//395 8113//395 8110//395
f 8112//396 8107//396 8108//396 8113//396
f 8114//397 8112//397 8111//397 8115//397
f 8116//398 8118//398 8120//398 8117//398
f 8119//399 8114//399 8115//399 8120//399
f 8121//400 8119//400 8118//400 8122//400
f 8123//401 8125//401 8127//401 8124//401
f 8126//402 8121//402 8122//402 8127//402
f 8128//403 8126//403 8125//403 8129//403
f 8130//404 8132//404 8134//404 8131//404
f 8133//405 8128//405 8129//405 8134//405
f 8093//406 8133//406 8132//406 8094//406
f 8137//390 8135//390 8136//390 8138//390
f 8139//391 8137//391 8138//391 8140//391
f 8141//393 8139//393 8140//393 8142//393
f 8143//407 8145//407 8147//407 8144//407
f 8146//394 8141//394 8142//394 8147//394
f 8148//396 8146//396 8145//396 8149//396
f 8150//397 8148//397 8149//397 8151//397
f 8152//399 8150//399 8151//399 8153//399
f 8154//408 8156//408 8158//408 8155//408
f 8157//400 8152//400 8153//400 8158//400
f 8159//402 8157//402 8156//402 8160//402
f 8161//403 8159//403 8160//403 8162//403
f 8163//405 8161//405 8162//405 8164//405
f 8135//406 8163//406 8164//406 8136//406
f 8167//390 8165//390 8166//390 8168//390
f 8169//409 8171//409 8173//409 8170//409
f 8172//391 8167//391 8168//391 8173//391
f 8174//393 8172//393 8171//393 8175//393
f 8176//394 8174//394 8175//394 8177//394
f 8178//396 8176//396 8177//396 8179//396
f 8180//397 8178//397 8179//397 8181//397
f 8182//398 8184//398 8186//398 8183//398
f 8185//399 8180//399 8181//399 8186//399
f 8187//400 8185//400 8184//400 8188//400
f 8189//402 8187//402 8188//402 8190//402
f 8191//410 8193//410 8195//410 8192//410
f 8194//403 8189//403 8190//403 8195//403
f 8196//404 8198//404 8200//404 8197//404
f 8199//405 8194//405 8193//405 8200//405
f 8165//406 8199//406 8198//406 8166//406
f 8203//389 8205//389 8207//389 8204//389
f 8206//390 8201//390 8202//390 8207//390
f 8208//391 8206//391 8205//391 8209//391
f 8210//392 8212//392 8214//392 8211//392
f 8213//393 8208//393 8209//393 8214//393
f 8215//394 8213//394 8212//394 8216//394
f 8217//395 8219//395 8221//395 8218//395
f 8220//396 8215//396 8216//396 8221//396
f 8222//397 8220//397 8219//397 8223//397
f 8224//398 8226//398 8228//398 8225//398
f 8227//399 8222//399 8223//399 8228//399
f 8229//400 8227//400 8226//400 8230//400
f 8231//401 8233//401 8235//401 8232//401
f 8234//402 8229//402 8230//402 8235//402
f 8236//403 8234//403 8233//403 8237//403
f 8238//404 8240//404 8242//404 8239//404
f 8241//405 8236//405 8237//405 8242//405
f 8201//406 8241//406 8240//406 8202//406
f 8245//411 8244//411 8243//411 8246//411
f 8248//390 8247//390 8246//390 8249//390
f 8250//409 8252//409 8254//409 8251//409
f 8253//391 8248//391 8249//391 8254//391
f 8255//393 8253//393 8252//393 8256//393
f 8257//407 8259//407 8261//407 8258//407
f 8260//394 8255//394 8256//394 8261//394
f 8262//395 8264//395 8266//395 8263//395
f 8265//396 8260//396 8259//396 8266//396
f 8267//397 8265//397 8264//397 8268//397
f 8269//398 8271//398 8273//398 8270//398
f 8272//399 8267//399 8268//399 8273//399
f 8274//400 8272//400 8271//400 8275//400
f 8276//401 8278//401 8280//401 8277//401
f 8279//402 8274//402 8275//402 8280//402
f 8281//403 8279//403 8278//403 8282//403
f 8283//405 8281//405 8282//405 8284//405
f 8247//406 8283//406 8284//406 8245//406
f 8287//411 8286//411 8285//411 8288//411
f 8290//390 8289//390 8288//390 8291//390
f 8292//409 8294//409 8296//409 8293//409
f 8295//391 8290//391 8291//391 8296//391
f 8297//393 8295//393 8294//393 8298//393
f 8299//407 8301//407 8303//407 8300//407
f 8302//394 8297//394 8298//394 8303//394
f 8304//396 8302//396 8301//396 8305//396
f 8306//412 8308//412 8310//412 8307//412
f 8309//397 8304//397 8305//397 8310//397
f 8311//399 8309//399 8308//399 8312//399
f 8313//408 8315//408 8317//408 8314//408
f 8316//400 8311//400 8312//400 8317//400
f 8318//402 8316//402 8315//402 8319//402
f 8320//410 8322//410 8324//410 8321//410
f 8323//403 8318//403 8319//403 8324//403
f 8325//405 8323//405 8322//405 8326//405
f 8289//406 8325//406 8326//406 8287//406
f 8130//413 8051//413 8094//413 8132//413
f 8051//414 8096//414 8099//414 8094//414
f 8093//415 8098//415 8100//415 8105//415 8107//415 8112//415 8114//415 8119//415 8121//415 8126//415 8128//415 8133//415
f 8095//416 8052//416 8101//416 8097//416
f 8052//417 8103//417 8106//417 8101//417
f 8102//418 8053//418 8108//418 8104//418
f 8053//419 8110//419 8113//419 8108//419
f 8109//420 8054//420 8115//420 8111//420
f 8054//421 8117//421 8120//421 8115//421
f 8116//422 8055//422 8122//422 8118//422
f 8055//423 8124//423 8127//423 8122//423
f 8123//424 8056//424 8129//424 8125//424
f 8056//425 8131//425 8134//425 8129//425
f 8066//413 8057//413 8136//413 8164//413
f 8057//414 8058//414 8138//414 8136//414
f 8135//415 8137//415 8139//415 8141//415 8146//415 8148//415 8150//415 8152//415 8157//415 8159//415 8161//415 8163//415
f 8058//416 8059//416 8140//416 8138//416
f 8059//417 8060//417 8142//417 8140//417
f 8060//418 8144//418 8147//418 8142//418
f 8143//419 8061//419 8149//419 8145//419
f 8061//420 8062//420 8151//420 8149//420
f 8062//421 8063//421 8153//421 8151//421
f 8063//422 8155//422 8158//422 8153//422
f 8154//423 8064//423 8160//423 8156//423
f 8064//424 8065//424 8162//424 8160//424
f 8065//425 8066//425 8164//425 8162//425
f 8196//413 8067//413 8166//413 8198//413
f 8067//414 8068//414 8168//414 8166//414
f 8165//415 8167//415 8172//415 8174//415 8176//415 8178//415 8180//415 8185//415 8187//415 8189//415 8194//415 8199//415
f 8068//416 8170//416 8173//416 8168//416
f 8169//417 8069//417 8175//417 8171//417
f 8069//418 8070//418 8177//418 8175//418
f 8070//419 8071//419 8179//419 8177//419
f 8071//420 8072//420 8181//420 8179//420
f 8072//421 8183//421 8186//421 8181//421
f 8182//422 8073//422 8188//422 8184//422
f 8073//423 8074//423 8190//423 8188//423
f 8074//424 8192//424 8195//424 8190//424
f 8191//425 8197//425 8200//425 8193//425
f 8238//413 8075//413 8202//413 8240//413
f 8075//414 8204//414 8207//414 8202//414
f 8201//415 8206//415 8208//415 8213//415 8215//415 8220//415 8222//415 8227//415 8229//415 8234//415 8236//415 8241//415
f 8203//416 8076//416 8209//416 8205//416
f 8076//417 8211//417 8214//417 8209//417
f 8210//418 8077//418 8216//418 8212//418
f 8077//419 8218//419 8221//419 8216//419
f 8217//420 8078//420 8223//420 8219//420
f 8078//421 8225//421 8228//421 8223//421
f 8224//422 8079//422 8230//422 8226//422
f 8079//423 8232//423 8235//423 8230//423
f 8231//424 8080//424 8237//424 8233//424
f 8080//425 8239//425 8242//425 8237//425
f 8086//413 8244//413 8245//413 8284//413
f 8243//414 8081//414 8249//414 8246//414
f 8247//415 8248//415 8253//415 8255//415 8260//415 8265//415 8267//415 8272//415 8274//415 8279//415 8281//415 8283//415
f 8081//416 8251//416 8254//416 8249//416
f 8250//417 8082//417 8256//417 8252//417
f 8082//418 8258//418 8261//418 8256//418
f 8257//419 8263//419 8266//419 8259//419
f 8262//420 8083//420 8268//420 8264//420
f 8083//421 8270//421 8273//421 8268//421
f 8269//422 8084//422 8275//422 8271//422
f 8084//423 8277//423 8280//423 8275//423
f 8276//424 8085//424 8282//424 8278//424
f 8085//425 8086//425 8284//425 8282//425
f 8092//413 8286//413 8287//413 8326//413
f 8285//414 8087//414 8291//414 8288//414
f 8289//415 8290//415 8295//415 8297//415 8302//415 8304//415 8309//415 8311//415 8316//415 8318//415 8323//415 8325//415
f 8087//416 8293//416 8296//416 8291//416
f 8292//417 8088//417 8298//417 8294//417
f 8088//418 8300//418 8303//418 8298//418
f 8299//419 8089//419 8305//419 8301//419
f 8089//420 8307//420 8310//420 8305//420
f 8306//421 8090//421 8312//421 8308//421
f 8090//422 8314//422 8317//422 8312//422
f 8313//423 8091//423 8319//423 8315//423
f 8091//424 8321//424 8324//424 8319//424
f 8320//425 8092//425 8326//425 8322//425
o Sprinkles2
v 0.106154 -0.707692 1.238462
v 0.091932 -0.654615 1.238462
v 0.000000 -0.601539 1.238462
v -0.091932 -0.654615 1.238462
v -0.106154 -0.707692 1.238462
v -0.053077 -0.799624 1.238462
v -0.000000 -0.813846 1.238462
v 0.053077 -0.799624 1.238462
v 0.087837 -0.707692 1.302154
v 0.106154 -0.707692 1.284462
v 0.076069 -0.663774 1.302154
v 0.091932 -0.654615 1.284462
v 0.035987 -0.611181 1.238462
v 0.065587 -0.628271 1.238462
v 0.035987 -0.611181 1.284462
v 0.043919 -0.631623 1.302154
v 0.065587 -0.628271 1.284462
v 0.000000 -0.619855 1.302154
v 0.000000 -0.601539 1.284462
v -0.065587 -0.628271 1.238462
v -0.035987 -0.611181 1.238462
v -0.065587 -0.628271 1.284462
v -0.043919 -0.631623 1.302154
v -0.035987 -0.611181 1.284462
v -0.076069 -0.663774 1.302154
v -0.091932 -0.654615 1.284462
v -0.087837 -0.707692 1.302154
v -0.106154 -0.707692 1.284462
v -0.079422 -0.773280 1.238462
v -0.096511 -0.743680 1.238462
v -0.079422 -0.773280 1.284462
v -0.076069 -0.751611 1.302154
v -0.096511 -0.743680 1.284462
v -0.043919 -0.783762 1.302154
v -0.053077 -0.799624 1.284462
v 0.000000 -0.795530 1.302154
v -0.000000 -0.813846 1.284462
v 0.043919 -0.783762 1.302154
v 0.053077 -0.799624 1.284462
v 0.096511 -0.743680 1.238462
v 0.079422 -0.773280 1.238462
v 0.096511 -0.743680 1.284462
v 0.076069 -0.751611 1.302154
v 0.079422 -0.773280 1.284462
vn 0.3949 0.6840 0.6133
vn -0.3949 0.6840 0.6133
vn -0.6840 -0.3949 0.6133
vn 0.6840 -0.3949 0.6133
vn 0.6830 0.1830 0.7071
vn 0.5000 0.8660 -0.0000
vn 0.5000 0.5000 0.7071
vn 0.1830 0.6830 0.7071
vn -0.5000 0.8660 -0.0000
vn -0.1830 0.6830 0.7071
vn -0.5000 0.5000 0.7071
vn -0.6830 0.1830 0.7071
vn -0.8660 -0.5000 -0.0000
vn -0.6830 -0.1830 0.7071
vn -0.5000 -0.5000 0.7071
vn -0.1830 -0.6830 0.7071
vn 0.1830 -0.6830 0.7071
vn 0.8660 -0.5000 -0.0000
vn 0.5000 -0.5000 0.7071
vn 0.6830 -0.1830 0.7071
vn 0.9659 -0.2588 -0.0000
vn 0.9659 0.2588 -0.0000
vn -0.0000 -0.0000 1.0000
vn 0.7071 0.7071 -0.0000
vn 0.2588 0.9659 -0.0000
vn -0.2588 0.9659 -0.0000
vn -0.7071 0.7071 -0.0000
vn -0.9659 0.2588 -0.0000
vn -0.9659 -0.2588 -0.0000
vn -0.7071 -0.7071 -0.0000
vn -0.2588 -0.9659 -0.0000
vn 0.2588 -0.9659 -0.0000
vn 0.7071 -0.7071 -0.0000
s 0
usemtl Sprinkle2
f 8341//426 8342//426 8343//426
f 8348//427 8349//427 8350//427
f 8357//428 8358//428 8359//428
f 8368//429 8369//429 8370//429
f 8337//430 8335//430 8336//430 8338//430
f 8339//431 8341//431 8343//431 8340//431
f 8342//432 8337//432 8338//432 8343//432
f 8344//433 8342//433 8341//433 8345//433
f 8346//434 8348//434 8350//434 8347//434
f 8349//435 8344//435 8345//435 8350//435
f 8351//436 8349//436 8348//436 8352//436
f 8353//437 8351//437 8352//437 8354//437
f 8355//438 8357//438 8359//438 8356//438
f 8358//439 8353//439 8354//439 8359//439
f 8360//440 8358//440 8357//440 8361//440
f 8362//441 8360//441 8361//441 8363//441
f 8364//442 8362//442 8363//442 8365//442
f 8366//443 8368//443 8370//443 8367//443
f 8369//444 8364//444 8365//444 8370//444
f 8335//445 8369//445 8368//445 8336//445
f 8366//446 8327//446 8336//446 8368//446
f 8327//447 8328//447 8338//447 8336//447
f 8335//448 8337//448 8342//448 8344//448 8349//448 8351//448 8353//448 8358//448 8360//448 8362//448 8364//448 8369//448
f 8328//449 8340//449 8343//449 8338//449
f 8339//450 8329//450 8345//450 8341//450
f 8329//451 8347//451 8350//451 8345//451
f 8346//452 8330//452 8352//452 8348//452
f 8330//453 8331//453 8354//453 8352//453
f 8331//454 8356//454 8359//454 8354//454
f 8355//455 8332//455 8361//455 8357//455
f 8332//456 8333//456 8363//456 8361//456
f 8333//457 8334//457 8365//457 8363//457
f 8334//458 8367//458 8370//458 8365//458
o Sprinkles3
v -1.677299 0.053077 1.238462
v -1.769231 0.106154 1.238462
v -1.861163 0.053077 1.238462
v -1.861163 -0.053077 1.238462
v -1.769231 -0.106154 1.238462
v -1.677299 -0.053077 1.238462
v 0.813846 -0.000000 1.238462
v 0.799624 0.053077 1.238462
v 0.707692 0.106154 1.238462
v 0.654615 0.091932 1.238462
v 0.601538 -0.000000 1.238462
v 0.654615 -0.091932 1.238462
v 0.707692 -0.106154 1.238462
v 0.799624 -0.053077 1.238462
v 1.507317 -2.070000 1.061538
v 1.468462 -2.031145 1.061538
v 1.362308 -2.031145 1.061538
v 1.309231 -2.123077 1.061538
v 1.362308 -2.215009 1.061538
v 1.468462 -2.215009 1.061538
v 1.507317 -2.176154 1.061538
v 1.507317 1.468462 1.238462
v 1.468462 1.507317 1.238462
v 1.362308 1.507317 1.238462
v 1.309231 1.415385 1.238462
v 1.415385 1.309231 1.238462
v 1.507317 1.362308 1.238462
v -1.667656 0.017089 1.238462
v -1.667656 -0.017090 1.238462
v -1.667656 -0.017089 1.284462
v -1.667656 0.017089 1.284462
v -1.681393 -0.000000 1.302154
v -1.693161 0.043919 1.302154
v -1.677299 0.053077 1.284462
v -1.733243 0.096511 1.238462
v -1.703644 0.079422 1.238462
v -1.733243 0.096511 1.284462
v -1.725312 0.076069 1.302154
v -1.703644 0.079422 1.284462
v -1.769231 0.087837 1.302154
v -1.769231 0.106154 1.284462
v -1.834818 0.079422 1.238462
v -1.805218 0.096511 1.238462
v -1.834818 0.079422 1.284462
v -1.813149 0.076069 1.302154
v -1.805218 0.096511 1.284462
v -1.845300 0.043919 1.302154
v -1.861163 0.053077 1.284462
v -1.870806 -0.017089 1.238462
v -1.870806 0.017089 1.238462
v -1.870806 -0.017090 1.284462
v -1.857068 -0.000000 1.302154
v -1.870806 0.017089 1.284462
v -1.845300 -0.043919 1.302154
v -1.861163 -0.053077 1.284462
v -1.805218 -0.096511 1.238462
v -1.834818 -0.079422 1.238462
v -1.805218 -0.096511 1.284462
v -1.813149 -0.076070 1.302154
v -1.834818 -0.079422 1.284462
v -1.769231 -0.087837 1.302154
v -1.769231 -0.106154 1.284462
v -1.703644 -0.079422 1.238462
v -1.733243 -0.096511 1.238462
v -1.703644 -0.079422 1.284462
v -1.725312 -0.076070 1.302154
v -1.733243 -0.096511 1.284462
v -1.693161 -0.043919 1.302154
v -1.677299 -0.053077 1.284462
v 0.795530 -0.000000 1.302154
v 0.813846 -0.000000 1.284462
v 0.783762 0.043919 1.302154
v 0.799624 0.053077 1.284462
v 0.743680 0.096511 1.238462
v 0.773280 0.079422 1.238462
v 0.743680 0.096511 1.284462
v 0.751611 0.076069 1.302154
v 0.773280 0.079422 1.284462
v 0.707692 0.087837 1.302154
v 0.707692 0.106154 1.284462
v 0.663774 0.076069 1.302154
v 0.654615 0.091932 1.284462
v 0.611181 0.035987 1.238462
v 0.628271 0.065587 1.238462
v 0.611181 0.035987 1.284462
v 0.631623 0.043919 1.302154
v 0.628271 0.065587 1.284462
v 0.619855 -0.000000 1.302154
v 0.601538 -0.000000 1.284462
v 0.628271 -0.065587 1.238462
v 0.611181 -0.035988 1.238462
v 0.628271 -0.065587 1.284462
v 0.631623 -0.043919 1.302154
v 0.611181 -0.035988 1.284462
v 0.663774 -0.076069 1.302154
v 0.654615 -0.091932 1.284462
v 0.707692 -0.087837 1.302154
v 0.707692 -0.106154 1.284462
v 0.773280 -0.079422 1.238462
v 0.743680 -0.096511 1.238462
v 0.773280 -0.079422 1.284462
v 0.751611 -0.076070 1.302154
v 0.743680 -0.096511 1.284462
v 0.783762 -0.043919 1.302154
v 0.799624 -0.053077 1.284462
v 1.516959 -2.105988 1.061538
v 1.516959 -2.140167 1.061538
v 1.516959 -2.140167 1.107538
v 1.516959 -2.105988 1.107538
v 1.503222 -2.123077 1.125231
v 1.491454 -2.079158 1.125231
v 1.507317 -2.070000 1.107538
v 1.459303 -2.047008 1.125231
v 1.468462 -2.031145 1.107538
v 1.398295 -2.021502 1.061538
v 1.432474 -2.021502 1.061538
v 1.398295 -2.021502 1.107538
v 1.415385 -2.035239 1.125231
v 1.432474 -2.021502 1.107538
v 1.371466 -2.047008 1.125231
v 1.362308 -2.031145 1.107538
v 1.318874 -2.087090 1.061538
v 1.335963 -2.057490 1.061538
v 1.318874 -2.087090 1.107538
v 1.339315 -2.079158 1.125231
v 1.335963 -2.057490 1.107538
v 1.327547 -2.123077 1.125231
v 1.309231 -2.123077 1.107538
v 1.335963 -2.188664 1.061538
v 1.318874 -2.159065 1.061538
v 1.335963 -2.188664 1.107538
v 1.339315 -2.166996 1.125231
v 1.318874 -2.159065 1.107538
v 1.371466 -2.199146 1.125231
v 1.362308 -2.215009 1.107538
v 1.432474 -2.224652 1.061538
v 1.398295 -2.224652 1.061538
v 1.432474 -2.224652 1.107538
v 1.415385 -2.210914 1.125231
v 1.398295 -2.224652 1.107538
v 1.459303 -2.199146 1.125231
v 1.468462 -2.215009 1.107538
v 1.491454 -2.166996 1.125231
v 1.507317 -2.176154 1.107538
v 1.516959 1.432474 1.238462
v 1.516959 1.398295 1.238462
v 1.516959 1.398295 1.284462
v 1.516959 1.432474 1.284462
v 1.503222 1.415385 1.302154
v 1.491454 1.459303 1.302154
v 1.507317 1.468462 1.284462
v 1.459303 1.491454 1.302154
v 1.468462 1.507317 1.284462
v 1.398295 1.516959 1.238462
v 1.432474 1.516959 1.238462
v 1.398295 1.516959 1.284462
v 1.415385 1.503222 1.302154
v 1.432474 1.516959 1.284462
v 1.371466 1.491454 1.302154
v 1.362308 1.507317 1.284462
v 1.318874 1.451372 1.238462
v 1.335963 1.480972 1.238462
v 1.318874 1.451372 1.284462
v 1.339315 1.459303 1.302154
v 1.335963 1.480972 1.284462
v 1.327547 1.415385 1.302154
v 1.309231 1.415385 1.284462
v 1.335963 1.349797 1.238462
v 1.318874 1.379397 1.238462
v 1.335963 1.349797 1.284462
v 1.339315 1.371466 1.302154
v 1.318874 1.379397 1.284462
v 1.379397 1.318874 1.238462
v 1.349797 1.335963 1.238462
v 1.379397 1.318874 1.284462
v 1.371466 1.339315 1.302154
v 1.349797 1.335963 1.284462
v 1.415385 1.327547 1.302154
v 1.415385 1.309231 1.284462
v 1.480972 1.335963 1.238462
v 1.451372 1.318874 1.238462
v 1.480972 1.335963 1.284462
v 1.459303 1.339315 1.302154
v 1.451372 1.318874 1.284462
v 1.491454 1.371466 1.302154
v 1.507317 1.362308 1.284462
vn 0.7899 -0.0000 0.6133
vn 0.3949 0.6840 0.6133
vn -0.3949 0.6840 0.6133
vn -0.7899 -0.0000 0.6133
vn -0.3949 -0.6840 0.6133
vn 0.3949 -0.6840 0.6133
vn -0.6840 0.3949 0.6133
vn -0.6840 -0.3949 0.6133
vn -0.0000 0.7898 0.6133
vn -0.0000 -0.7898 0.6133
vn -0.0000 0.7899 0.6133
vn 1.0000 -0.0000 -0.0000
vn 0.6830 0.1830 0.7071
vn 0.5000 0.8660 -0.0000
vn 0.5000 0.5000 0.7071
vn 0.1830 0.6830 0.7071
vn -0.5000 0.8660 -0.0000
vn -0.1830 0.6830 0.7071
vn -0.5000 0.5000 0.7071
vn -1.0000 -0.0000 -0.0000
vn -0.6830 0.1830 0.7071
vn -0.6830 -0.1830 0.7071
vn -0.5000 -0.8660 -0.0000
vn -0.5000 -0.5000 0.7071
vn -0.1830 -0.6830 0.7071
vn 0.5000 -0.8660 -0.0000
vn 0.1830 -0.6830 0.7071
vn 0.5000 -0.5000 0.7071
vn 0.6830 -0.1830 0.7071
vn -0.8660 0.5000 -0.0000
vn -0.8660 -0.5000 -0.0000
vn -0.0000 1.0000 -0.0000
vn -0.0000 -1.0000 -0.0000
vn 0.9659 -0.2588 -0.0000
vn 0.9659 0.2588 -0.0000
vn -0.0000 -0.0000 1.0000
vn 0.7071 0.7071 -0.0000
vn 0.2588 0.9659 -0.0000
vn -0.2588 0.9659 -0.0000
vn -0.7071 0.7071 -0.0000
vn -0.9659 0.2588 -0.0000
vn -0.9659 -0.2588 -0.0000
vn -0.7071 -0.7071 -0.0000
vn -0.2588 -0.9659 -0.0000
vn 0.2588 -0.9659 -0.0000
vn 0.7071 -0.7071 -0.0000
s 0
usemtl Sprinkle3
f 8400//459 8401//459 8402//459
f 8407//460 8408//460 8409//460
f 8414//461 8415//461 8416//461
f 8421//462 8422//462 8423//462
f 8428//463 8429//463 8430//463
f 8435//464 8436//464 8437//464
f 8446//460 8447//460 8448//460
f 8455//465 8456//465 8457//465
f 8462//466 8463//466 8464//466
f 8471//464 8472//464 8473//464
f 8478//459 8479//459 8480//459
f 8487//467 8488//467 8489//467
f 8494//465 8495//465 8496//465
f 8501//466 8502//466 8503//466
f 8508//468 8509//468 8510//468
f 8517//459 8518//459 8519//459
f 8526//469 8527//469 8528//469
f 8533//465 8534//465 8535//465
f 8540//466 8541//466 8542//466
f 8545//463 8546//463 8547//463
f 8552//464 8553//464 8554//464
f 8400//470 8399//470 8398//470 8401//470
f 8403//471 8402//471 8401//471 8404//471
f 8405//472 8407//472 8409//472 8406//472
f 8408//473 8403//473 8404//473 8409//473
f 8410//474 8408//474 8407//474 8411//474
f 8412//475 8414//475 8416//475 8413//475
f 8415//476 8410//476 8411//476 8416//476
f 8417//477 8415//477 8414//477 8418//477
f 8419//478 8421//478 8423//478 8420//478
f 8422//479 8417//479 8418//479 8423//479
f 8424//480 8422//480 8421//480 8425//480
f 8426//481 8428//481 8430//481 8427//481
f 8429//482 8424//482 8425//482 8430//482
f 8431//483 8429//483 8428//483 8432//483
f 8433//484 8435//484 8437//484 8434//484
f 8436//485 8431//485 8432//485 8437//485
f 8438//486 8436//486 8435//486 8439//486
f 8402//487 8438//487 8439//487 8400//487
f 8442//471 8440//471 8441//471 8443//471
f 8444//472 8446//472 8448//472 8445//472
f 8447//473 8442//473 8443//473 8448//473
f 8449//474 8447//474 8446//474 8450//474
f 8451//476 8449//476 8450//476 8452//476
f 8453//488 8455//488 8457//488 8454//488
f 8456//477 8451//477 8452//477 8457//477
f 8458//479 8456//479 8455//479 8459//479
f 8460//489 8462//489 8464//489 8461//489
f 8463//480 8458//480 8459//480 8464//480
f 8465//482 8463//482 8462//482 8466//482
f 8467//483 8465//483 8466//483 8468//483
f 8469//484 8471//484 8473//484 8470//484
f 8472//485 8467//485 8468//485 8473//485
f 8474//486 8472//486 8471//486 8475//486
f 8440//487 8474//487 8475//487 8441//487
f 8478//470 8477//470 8476//470 8479//470
f 8481//471 8480//471 8479//471 8482//471
f 8483//473 8481//473 8482//473 8484//473
f 8485//490 8487//490 8489//490 8486//490
f 8488//474 8483//474 8484//474 8489//474
f 8490//476 8488//476 8487//476 8491//476
f 8492//488 8494//488 8496//488 8493//488
f 8495//477 8490//477 8491//477 8496//477
f 8497//479 8495//479 8494//479 8498//479
f 8499//489 8501//489 8503//489 8500//489
f 8502//480 8497//480 8498//480 8503//480
f 8504//482 8502//482 8501//482 8505//482
f 8506//491 8508//491 8510//491 8507//491
f 8509//483 8504//483 8505//483 8510//483
f 8511//485 8509//485 8508//485 8512//485
f 8513//486 8511//486 8512//486 8514//486
f 8480//487 8513//487 8514//487 8478//487
f 8517//470 8516//470 8515//470 8518//470
f 8520//471 8519//471 8518//471 8521//471
f 8522//473 8520//473 8521//473 8523//473
f 8524//490 8526//490 8528//490 8525//490
f 8527//474 8522//474 8523//474 8528//474
f 8529//476 8527//476 8526//476 8530//476
f 8531//488 8533//488 8535//488 8532//488
f 8534//477 8529//477 8530//477 8535//477
f 8536//479 8534//479 8533//479 8537//479
f 8538//489 8540//489 8542//489 8539//489
f 8541//480 8536//480 8537//480 8542//480
f 8543//481 8545//481 8547//481 8544//481
f 8546//482 8541//482 8540//482 8547//482
f 8548//483 8546//483 8545//483 8549//483
f 8550//484 8552//484 8554//484 8551//484
f 8553//485 8548//485 8549//485 8554//485
f 8555//486 8553//486 8552//486 8556//486
f 8519//487 8555//487 8556//487 8517//487
f 8376//492 8399//492 8400//492 8439//492
f 8398//493 8371//493 8404//493 8401//493
f 8402//494 8403//494 8408//494 8410//494 8415//494 8417//494 8422//494 8424//494 8429//494 8431//494 8436//494 8438//494
f 8371//495 8406//495 8409//495 8404//495
f 8405//496 8372//496 8411//496 8407//496
f 8372//497 8413//497 8416//497 8411//497
f 8412//498 8373//498 8418//498 8414//498
f 8373//499 8420//499 8423//499 8418//499
f 8419//500 8374//500 8425//500 8421//500
f 8374//501 8427//501 8430//501 8425//501
f 8426//502 8375//502 8432//502 8428//502
f 8375//503 8434//503 8437//503 8432//503
f 8433//504 8376//504 8439//504 8435//504
f 8384//492 8377//492 8441//492 8475//492
f 8377//493 8378//493 8443//493 8441//493
f 8440//494 8442//494 8447//494 8449//494 8451//494 8456//494 8458//494 8463//494 8465//494 8467//494 8472//494 8474//494
f 8378//495 8445//495 8448//495 8443//495
f 8444//496 8379//496 8450//496 8446//496
f 8379//497 8380//497 8452//497 8450//497
f 8380//498 8454//498 8457//498 8452//498
f 8453//499 8381//499 8459//499 8455//499
f 8381//500 8461//500 8464//500 8459//500
f 8460//501 8382//501 8466//501 8462//501
f 8382//502 8383//502 8468//502 8466//502
f 8383//503 8470//503 8473//503 8468//503
f 8469//504 8384//504 8475//504 8471//504
f 8391//492 8477//492 8478//492 8514//492
f 8476//493 8385//493 8482//493 8479//493
f 8480//494 8481//494 8483//494 8488//494 8490//494 8495//494 8497//494 8502//494 8504//494 8509//494 8511//494 8513//494
f 8385//495 8386//495 8484//495 8482//495
f 8386//496 8486//496 8489//496 8484//496
f 8485//497 8387//497 8491//497 8487//497
f 8387//498 8493//498 8496//498 8491//498
f 8492//499 8388//499 8498//499 8494//499
f 8388//500 8500//500 8503//500 8498//500
f 8499//501 8389//501 8505//501 8501//501
f 8389//502 8507//502 8510//502 8505//502
f 8506//503 8390//503 8512//503 8508//503
f 8390//504 8391//504 8514//504 8512//504
f 8397//492 8516//492 8517//492 8556//492
f 8515//493 8392//493 8521//493 8518//493
f 8519//494 8520//494 8522//494 8527//494 8529//494 8534//494 8536//494 8541//494 8546//494 8548//494 8553//494 8555//494
f 8392//495 8393//495 8523//495 8521//495
f 8393//496 8525//496 8528//496 8523//496
f 8524//497 8394//497 8530//497 8526//497
f 8394//498 8532//498 8535//498 8530//498
f 8531//499 8395//499 8537//499 8533//499
f 8395//500 8539//500 8542//500 8537//500
f 8538//501 8544//501 8547//501 8540//501
f 8543//502 8396//502 8549//502 8545//502
f 8396//503 8551//503 8554//503 8549//503
f 8550//504 8397//504 8556//504 8552//504
o Sprinkles4
v -1.677299 -1.008461 1.238462
v -1.769231 -0.955385 1.238462
v -1.861163 -1.008461 1.238462
v -1.861163 -1.114615 1.238462
v -1.769231 -1.167692 1.238462
v -1.677299 -1.114615 1.238462
v -0.247692 0.707692 1.238462
v -0.300769 0.799624 1.238462
v -0.353846 0.813846 1.238462
v -0.406923 0.799624 1.238462
v -0.460000 0.707692 1.238462
v -0.445778 0.654615 1.238462
v -0.406923 0.615760 1.238462
v -0.353846 0.601538 1.238462
v -0.300769 0.615760 1.238462
v -0.261914 0.654615 1.238462
v 0.106154 0.707692 1.238462
v 0.053077 0.799624 1.238462
v 0.000000 0.813846 1.238462
v -0.053077 0.799624 1.238462
v -0.106154 0.707692 1.238462
v -0.091932 0.654615 1.238462
v -0.000000 0.601538 1.238462
v 0.091932 0.654615 1.238462
v 1.861163 -0.654615 1.238462
v 1.769231 -0.601539 1.238462
v 1.677299 -0.654615 1.238462
v 1.677299 -0.760769 1.238462
v 1.769231 -0.813846 1.238462
v 1.861163 -0.760769 1.238462
v 1.861163 -0.300769 1.238462
v 1.769231 -0.247692 1.238462
v 1.677299 -0.300769 1.238462
v 1.677299 -0.406923 1.238462
v 1.769231 -0.460000 1.238462
v 1.861163 -0.406923 1.238462
v -1.667656 -1.044449 1.238462
v -1.667656 -1.078628 1.238462
v -1.667656 -1.078628 1.284462
v -1.667656 -1.044449 1.284462
v -1.681393 -1.061538 1.302154
v -1.693161 -1.017620 1.302154
v -1.677299 -1.008461 1.284462
v -1.733243 -0.965028 1.238462
v -1.703643 -0.982117 1.238462
v -1.733243 -0.965028 1.284462
v -1.725312 -0.985469 1.302154
v -1.703643 -0.982117 1.284462
v -1.769231 -0.973701 1.302154
v -1.769231 -0.955385 1.284462
v -1.834818 -0.982117 1.238462
v -1.805218 -0.965028 1.238462
v -1.834818 -0.982117 1.284462
v -1.813149 -0.985469 1.302154
v -1.805218 -0.965028 1.284462
v -1.845300 -1.017620 1.302154
v -1.861163 -1.008461 1.284462
v -1.870806 -1.078628 1.238462
v -1.870806 -1.044449 1.238462
v -1.870806 -1.078628 1.284462
v -1.857068 -1.061538 1.302154
v -1.870806 -1.044449 1.284462
v -1.845300 -1.105457 1.302154
v -1.861163 -1.114615 1.284462
v -1.805218 -1.158049 1.238462
v -1.834818 -1.140960 1.238462
v -1.805218 -1.158049 1.284462
v -1.813149 -1.137608 1.302154
v -1.834818 -1.140960 1.284462
v -1.769231 -1.149376 1.302154
v -1.769231 -1.167692 1.284462
v -1.703643 -1.140960 1.238462
v -1.733243 -1.158049 1.238462
v -1.703643 -1.140960 1.284462
v -1.725312 -1.137608 1.302154
v -1.733243 -1.158049 1.284462
v -1.693161 -1.105457 1.302154
v -1.677299 -1.114615 1.284462
v -0.266009 0.707692 1.302154
v -0.247692 0.707692 1.284462
v -0.274425 0.773280 1.238462
v -0.257335 0.743680 1.238462
v -0.274425 0.773280 1.284462
v -0.277777 0.751611 1.302154
v -0.257335 0.743680 1.284462
v -0.309927 0.783762 1.302154
v -0.300769 0.799624 1.284462
v -0.353846 0.795530 1.302154
v -0.353846 0.813846 1.284462
v -0.397765 0.783762 1.302154
v -0.406923 0.799624 1.284462
v -0.450357 0.743680 1.238462
v -0.433268 0.773280 1.238462
v -0.450357 0.743680 1.284462
v -0.429916 0.751611 1.302154
v -0.433268 0.773280 1.284462
v -0.441684 0.707692 1.302154
v -0.460000 0.707692 1.284462
v -0.429916 0.663774 1.302154
v -0.445778 0.654615 1.284462
v -0.397765 0.631623 1.302154
v -0.406923 0.615760 1.284462
v -0.353846 0.619855 1.302154
v -0.353846 0.601538 1.284462
v -0.309927 0.631623 1.302154
v -0.300769 0.615760 1.284462
v -0.277777 0.663774 1.302154
v -0.261914 0.654615 1.284462
v 0.087837 0.707692 1.302154
v 0.106154 0.707692 1.284462
v 0.079422 0.773280 1.238462
v 0.096511 0.743680 1.238462
v 0.079422 0.773280 1.284462
v 0.076069 0.751611 1.302154
v 0.096511 0.743680 1.284462
v 0.043919 0.783762 1.302154
v 0.053077 0.799624 1.284462
v 0.000000 0.795530 1.302154
v 0.000000 0.813846 1.284462
v -0.043919 0.783762 1.302154
v -0.053077 0.799624 1.284462
v -0.096511 0.743680 1.238462
v -0.079422 0.773280 1.238462
v -0.096511 0.743680 1.284462
v -0.076069 0.751611 1.302154
v -0.079422 0.773280 1.284462
v -0.087837 0.707692 1.302154
v -0.106154 0.707692 1.284462
v -0.076069 0.663774 1.302154
v -0.091932 0.654615 1.284462
v -0.035987 0.611181 1.238462
v -0.065587 0.628271 1.238462
v -0.035987 0.611181 1.284462
v -0.043919 0.631623 1.302154
v -0.065587 0.628271 1.284462
v 0.000000 0.619855 1.302154
v -0.000000 0.601538 1.284462
v 0.065587 0.628271 1.238462
v 0.035987 0.611181 1.238462
v 0.065587 0.628271 1.284462
v 0.043919 0.631623 1.302154
v 0.035987 0.611181 1.284462
v 0.076069 0.663774 1.302154
v 0.091932 0.654615 1.284462
v 1.870806 -0.690603 1.238462
v 1.870806 -0.724782 1.238462
v 1.870806 -0.724782 1.284462
v 1.870806 -0.690603 1.284462
v 1.857068 -0.707692 1.302154
v 1.845300 -0.663774 1.302154
v 1.861163 -0.654615 1.284462
v 1.805218 -0.611181 1.238462
v 1.834818 -0.628271 1.238462
v 1.805218 -0.611181 1.284462
v 1.813149 -0.631623 1.302154
v 1.834818 -0.628271 1.284462
v 1.769231 -0.619855 1.302154
v 1.769231 -0.601539 1.284462
v 1.703644 -0.628271 1.238462
v 1.733243 -0.611181 1.238462
v 1.703644 -0.628271 1.284462
v 1.725312 -0.631623 1.302154
v 1.733243 -0.611181 1.284462
v 1.693161 -0.663774 1.302154
v 1.677299 -0.654615 1.284462
v 1.667656 -0.724782 1.238462
v 1.667656 -0.690603 1.238462
v 1.667656 -0.724782 1.284462
v 1.681393 -0.707692 1.302154
v 1.667656 -0.690603 1.284462
v 1.693161 -0.751611 1.302154
v 1.677299 -0.760769 1.284462
v 1.733243 -0.804203 1.238462
v 1.703643 -0.787114 1.238462
v 1.733243 -0.804203 1.284462
v 1.725312 -0.783762 1.302154
v 1.703643 -0.787114 1.284462
v 1.769231 -0.795530 1.302154
v 1.769231 -0.813846 1.284462
v 1.834818 -0.787114 1.238462
v 1.805218 -0.804203 1.238462
v 1.834818 -0.787114 1.284462
v 1.813149 -0.783762 1.302154
v 1.805218 -0.804203 1.284462
v 1.845300 -0.751611 1.302154
v 1.861163 -0.760769 1.284462
v 1.870806 -0.336757 1.238462
v 1.870806 -0.370936 1.238462
v 1.870806 -0.370936 1.284462
v 1.870806 -0.336757 1.284462
v 1.857068 -0.353846 1.302154
v 1.845300 -0.309928 1.302154
v 1.861163 -0.300769 1.284462
v 1.805218 -0.257335 1.238462
v 1.834818 -0.274425 1.238462
v 1.805218 -0.257335 1.284462
v 1.813149 -0.277777 1.302154
v 1.834818 -0.274425 1.284462
v 1.769231 -0.266009 1.302154
v 1.769231 -0.247692 1.284462
v 1.703644 -0.274425 1.238462
v 1.733243 -0.257335 1.238462
v 1.703644 -0.274425 1.284462
v 1.725312 -0.277777 1.302154
v 1.733243 -0.257335 1.284462
v 1.693161 -0.309928 1.302154
v 1.677299 -0.300769 1.284462
v 1.667656 -0.370936 1.238462
v 1.667656 -0.336757 1.238462
v 1.667656 -0.370936 1.284462
v 1.681393 -0.353846 1.302154
v 1.667656 -0.336757 1.284462
v 1.693161 -0.397765 1.302154
v 1.677299 -0.406923 1.284462
v 1.733243 -0.450357 1.238462
v 1.703644 -0.433268 1.238462
v 1.733243 -0.450357 1.284462
v 1.725312 -0.429916 1.302154
v 1.703644 -0.433268 1.284462
v 1.769231 -0.441684 1.302154
v 1.769231 -0.460000 1.284462
v 1.834818 -0.433268 1.238462
v 1.805218 -0.450357 1.238462
v 1.834818 -0.433268 1.284462
v 1.813149 -0.429916 1.302154
v 1.805218 -0.450357 1.284462
v 1.845300 -0.397765 1.302154
v 1.861163 -0.406923 1.284462
vn 0.7899 -0.0000 0.6133
vn 0.3949 0.6840 0.6133
vn -0.3949 0.6840 0.6133
vn -0.7899 -0.0000 0.6133
vn -0.3949 -0.6840 0.6133
vn 0.3949 -0.6840 0.6133
vn 0.6840 0.3949 0.6133
vn -0.6840 0.3949 0.6133
vn 1.0000 -0.0000 -0.0000
vn 0.6830 0.1830 0.7071
vn 0.5000 0.8660 -0.0000
vn 0.5000 0.5000 0.7071
vn 0.1830 0.6830 0.7071
vn -0.5000 0.8660 -0.0000
vn -0.1830 0.6830 0.7071
vn -0.5000 0.5000 0.7071
vn -1.0000 -0.0000 -0.0000
vn -0.6830 0.1830 0.7071
vn -0.6830 -0.1830 0.7071
vn -0.5000 -0.8660 -0.0000
vn -0.5000 -0.5000 0.7071
vn -0.1830 -0.6830 0.7071
vn 0.5000 -0.8660 -0.0000
vn 0.1830 -0.6830 0.7071
vn 0.5000 -0.5000 0.7071
vn 0.6830 -0.1830 0.7071
vn 0.8660 0.5000 -0.0000
vn -0.8660 0.5000 -0.0000
vn 0.9659 -0.2588 -0.0000
vn 0.9659 0.2588 -0.0000
vn -0.0000 -0.0000 1.0000
vn 0.7071 0.7071 -0.0000
vn 0.2588 0.9659 -0.0000
vn -0.2588 0.9659 -0.0000
vn -0.7071 0.7071 -0.0000
vn -0.9659 0.2588 -0.0000
vn -0.9659 -0.2588 -0.0000
vn -0.7071 -0.7071 -0.0000
vn -0.2588 -0.9659 -0.0000
vn 0.2588 -0.9659 -0.0000
vn 0.7071 -0.7071 -0.0000
s 0
usemtl Sprinkle4
f 8595//505 8596//505 8597//505
f 8602//506 8603//506 8604//506
f 8609//507 8610//507 8611//507
f 8616//508 8617//508 8618//508
f 8623//509 8624//509 8625//509
f 8630//510 8631//510 8632//510
f 8639//511 8640//511 8641//511
f 8650//512 8651//512 8652//512
f 8669//511 8670//511 8671//511
f 8680//512 8681//512 8682//512
f 8689//509 8690//509 8691//509
f 8696//510 8697//510 8698//510
f 8703//505 8704//505 8705//505
f 8710//506 8711//506 8712//506
f 8717//507 8718//507 8719//507
f 8724//508 8725//508 8726//508
f 8731//509 8732//509 8733//509
f 8738//510 8739//510 8740//510
f 8745//505 8746//505 8747//505
f 8752//506 8753//506 8754//506
f 8759//507 8760//507 8761//507
f 8766//508 8767//508 8768//508
f 8773//509 8774//509 8775//509
f 8780//510 8781//510 8782//510
f 8595//513 8594//513 8593//513 8596//513
f 8598//514 8597//514 8596//514 8599//514
f 8600//515 8602//515 8604//515 8601//515
f 8603//516 8598//516 8599//516 8604//516
f 8605//517 8603//517 8602//517 8606//517
f 8607//518 8609//518 8611//518 8608//518
f 8610//519 8605//519 8606//519 8611//519
f 8612//520 8610//520 8609//520 8613//520
f 8614//521 8616//521 8618//521 8615//521
f 8617//522 8612//522 8613//522 8618//522
f 8619//523 8617//523 8616//523 8620//523
f 8621//524 8623//524 8625//524 8622//524
f 8624//525 8619//525 8620//525 8625//525
f 8626//526 8624//526 8623//526 8627//526
f 8628//527 8630//527 8632//527 8629//527
f 8631//528 8626//528 8627//528 8632//528
f 8633//529 8631//529 8630//529 8634//529
f 8597//530 8633//530 8634//530 8595//530
f 8637//531 8639//531 8641//531 8638//531
f 8640//514 8635//514 8636//514 8641//514
f 8642//516 8640//516 8639//516 8643//516
f 8644//517 8642//517 8643//517 8645//517
f 8646//519 8644//519 8645//519 8647//519
f 8648//532 8650//532 8652//532 8649//532
f 8651//520 8646//520 8647//520 8652//520
f 8653//522 8651//522 8650//522 8654//522
f 8655//523 8653//523 8654//523 8656//523
f 8657//525 8655//525 8656//525 8658//525
f 8659//526 8657//526 8658//526 8660//526
f 8661//528 8659//528 8660//528 8662//528
f 8663//529 8661//529 8662//529 8664//529
f 8635//530 8663//530 8664//530 8636//530
f 8667//531 8669//531 8671//531 8668//531
f 8670//514 8665//514 8666//514 8671//514
f 8672//516 8670//516 8669//516 8673//516
f 8674//517 8672//517 8673//517 8675//517
f 8676//519 8674//519 8675//519 8677//519
f 8678//532 8680//532 8682//532 8679//532
f 8681//520 8676//520 8677//520 8682//520
f 8683//522 8681//522 8680//522 8684//522
f 8685//523 8683//523 8684//523 8686//523
f 8687//524 8689//524 8691//524 8688//524
f 8690//525 8685//525 8686//525 8691//525
f 8692//526 8690//526 8689//526 8693//526
f 8694//527 8696//527 8698//527 8695//527
f 8697//528 8692//528 8693//528 8698//528
f 8699//529 8697//529 8696//529 8700//529
f 8665//530 8699//530 8700//530 8666//530
f 8703//513 8702//513 8701//513 8704//513
f 8706//514 8705//514 8704//514 8707//514
f 8708//515 8710//515 8712//515 8709//515
f 8711//516 8706//516 8707//516 8712//516
f 8713//517 8711//517 8710//517 8714//517
f 8715//518 8717//518 8719//518 8716//518
f 8718//519 8713//519 8714//519 8719//519
f 8720//520 8718//520 8717//520 8721//520
f 8722//521 8724//521 8726//521 8723//521
f 8725//522 8720//522 8721//522 8726//522
f 8727//523 8725//523 8724//523 8728//523
f 8729//524 8731//524 8733//524 8730//524
f 8732//525 8727//525 8728//525 8733//525
f 8734//526 8732//526 8731//526 8735//526
f 8736//527 8738//527 8740//527 8737//527
f 8739//528 8734//528 8735//528 8740//528
f 8741//529 8739//529 8738//529 8742//529
f 8705//530 8741//530 8742//530 8703//530
f 8745//513 8744//513 8743//513 8746//513
f 8748//514 8747//514 8746//514 8749//514
f 8750//515 8752//515 8754//515 8751//515
f 8753//516 8748//516 8749//516 8754//516
f 8755//517 8753//517 8752//517 8756//517
f 8757//518 8759//518 8761//518 8758//518
f 8760//519 8755//519 8756//519 8761//519
f 8762//520 8760//520 8759//520 8763//520
f 8764//521 8766//521 8768//521 8765//521
f 8767//522 8762//522 8763//522 8768//522
f 8769//523 8767//523 8766//523 8770//523
f 8771//524 8773//524 8775//524 8772//524
f 8774//525 8769//525 8770//525 8775//525
f 8776//526 8774//526 8773//526 8777//526
f 8778//527 8780//527 8782//527 8779//527
f 8781//528 8776//528 8777//528 8782//528
f 8783//529 8781//529 8780//529 8784//529
f 8747//530 8783//530 8784//530 8745//530
f 8562//533 8594//533 8595//533 8634//533
f 8593//534 8557//534 8599//534 8596//534
f 8597//535 8598//535 8603//535 8605//535 8610//535 8612//535 8617//535 8619//535 8624//535 8626//535 8631//535 8633//535
f 8557//536 8601//536 8604//536 8599//536
f 8600//537 8558//537 8606//537 8602//537
f 8558//538 8608//538 8611//538 8606//538
f 8607//539 8559//539 8613//539 8609//539
f 8559//540 8615//540 8618//540 8613//540
f 8614//541 8560//541 8620//541 8616//541
f 8560//542 8622//542 8625//542 8620//542
f 8621//543 8561//543 8627//543 8623//543
f 8561//544 8629//544 8632//544 8627//544
f 8628//545 8562//545 8634//545 8630//545
f 8572//533 8563//533 8636//533 8664//533
f 8563//534 8638//534 8641//534 8636//534
f 8635//535 8640//535 8642//535 8644//535 8646//535 8651//535 8653//535 8655//535 8657//535 8659//535 8661//535 8663//535
f 8637//536 8564//536 8643//536 8639//536
f 8564//537 8565//537 8645//537 8643//537
f 8565//538 8566//538 8647//538 8645//538
f 8566//539 8649//539 8652//539 8647//539
f 8648//540 8567//540 8654//540 8650//540
f 8567//541 8568//541 8656//541 8654//541
f 8568//542 8569//542 8658//542 8656//542
f 8569//543 8570//543 8660//543 8658//543
f 8570//544 8571//544 8662//544 8660//544
f 8571//545 8572//545 8664//545 8662//545
f 8580//533 8573//533 8666//533 8700//533
f 8573//534 8668//534 8671//534 8666//534
f 8665//535 8670//535 8672//535 8674//535 8676//535 8681//535 8683//535 8685//535 8690//535 8692//535 8697//535 8699//535
f 8667//536 8574//536 8673//536 8669//536
f 8574//537 8575//537 8675//537 8673//537
f 8575//538 8576//538 8677//538 8675//538
f 8576//539 8679//539 8682//539 8677//539
f 8678//540 8577//540 8684//540 8680//540
f 8577//541 8578//541 8686//541 8684//541
f 8578//542 8688//542 8691//542 8686//542
f 8687//543 8579//543 8693//543 8689//543
f 8579//544 8695//544 8698//544 8693//544
f 8694//545 8580//545 8700//545 8696//545
f 8586//533 8702//533 8703//533 8742//533
f 8701//534 8581//534 8707//534 8704//534
f 8705//535 8706//535 8711//535 8713//535 8718//535 8720//535 8725//535 8727//535 8732//535 8734//535 8739//535 8741//535
f 8581//536 8709//536 8712//536 8707//536
f 8708//537 8582//537 8714//537 8710//537
f 8582//538 8716//538 8719//538 8714//538
f 8715//539 8583//539 8721//539 8717//539
f 8583//540 8723//540 8726//540 8721//540
f 8722//541 8584//541 8728//541 8724//541
f 8584//542 8730//542 8733//542 8728//542
f 8729//543 8585//543 8735//543 8731//543
f 8585//544 8737//544 8740//544 8735//544
f 8736//545 8586//545 8742//545 8738//545
f 8592//533 8744//533 8745//533 8784//533
f 8743//534 8587//534 8749//534 8746//534
f 8747//535 8748//535 8753//535 8755//535 8760//535 8762//535 8767//535 8769//535 8774//535 8776//535 8781//535 8783//535
f 8587//536 8751//536 8754//536 8749//536
f 8750//537 8588//537 8756//537 8752//537
f 8588//538 8758//538 8761//538 8756//538
f 8757//539 8589//539 8763//539 8759//539
f 8589//540 8765//540 8768//540 8763//540
f 8764//541 8590//541 8770//541 8766//541
f 8590//542 8772//542 8775//542 8770//542
f 8771//543 8591//543 8777//543 8773//543
f 8591//544 8779//544 8782//544 8777//544
f 8778//545 8592//545 8784//545 8780//545
o Eye-1
v -1.104000 1.008461 1.231385
v -1.114615 1.019077 1.231385
v -1.104000 1.019077 1.220769
v -0.665231 1.008461 1.231385
v -0.665231 1.019077 1.220769
v -0.654615 1.019077 1.231385
v -0.665231 1.592308 1.231385
v -0.654615 1.581692 1.231385
v -0.665231 1.581692 1.220769
v -1.114615 1.581692 1.231385
v -1.104000 1.592308 1.231385
v -1.104000 1.581692 1.220769
v -1.114615 1.019077 1.475538
v -1.104000 1.008461 1.475538
v -1.104000 1.019077 1.486154
v -0.665231 1.008461 1.475538
v -0.654615 1.019077 1.475538
v -0.665231 1.019077 1.486154
v -0.654615 1.581692 1.475538
v -0.665231 1.592308 1.475538
v -0.665231 1.581692 1.486154
v -1.114615 1.581692 1.475538
v -1.104000 1.581692 1.486154
v -1.104000 1.592308 1.475538
v -1.043846 1.372923 1.489692
v -1.054462 1.383538 1.489692
v -1.043846 1.383538 1.479077
v -0.912923 1.372923 1.489692
v -0.912923 1.383538 1.479077
v -0.902308 1.383538 1.489692
v -0.912923 1.525077 1.489692
v -0.902308 1.514462 1.489692
v -0.912923 1.514462 1.479077
v -1.054462 1.514462 1.489692
v -1.043846 1.525077 1.489692
v -1.043846 1.514462 1.479077
v -1.054462 1.383538 1.493231
v -1.043846 1.372923 1.493231
v -1.043846 1.383538 1.503846
v -0.912923 1.372923 1.493231
v -0.902308 1.383538 1.493231
v -0.912923 1.383538 1.503846
v -0.902308 1.514462 1.493231
v -0.912923 1.525077 1.493231
v -0.912923 1.514462 1.503846
v -1.054462 1.514462 1.493231
v -1.043846 1.514462 1.503846
v -1.043846 1.525077 1.493231
v -0.792615 1.086308 1.489692
v -0.803231 1.096923 1.489692
v -0.792615 1.096923 1.479077
v -0.736000 1.086308 1.489692
v -0.736000 1.096923 1.479077
v -0.725385 1.096923 1.489692
v -0.736000 1.164154 1.489692
v -0.725385 1.153538 1.489692
v -0.736000 1.153538 1.479077
v -0.803231 1.153538 1.489692
v -0.792615 1.164154 1.489692
v -0.792615 1.153538 1.479077
v -0.803231 1.096923 1.493231
v -0.792615 1.086308 1.493231
v -0.792615 1.096923 1.503846
v -0.736000 1.086308 1.493231
v -0.725385 1.096923 1.493231
v -0.736000 1.096923 1.503846
v -0.725385 1.153538 1.493231
v -0.736000 1.164154 1.493231
v -0.736000 1.153538 1.503846
v -0.803231 1.153538 1.493231
v -0.792615 1.153538 1.503846
v -0.792615 1.164154 1.493231
vn -0.5774 -0.5773 -0.5774
vn 0.5774 -0.5773 -0.5774
vn 0.5774 0.5773 -0.5774
vn -0.5774 0.5773 -0.5774
vn -0.5773 -0.5774 0.5773
vn 0.5773 -0.5774 0.5773
vn 0.5773 0.5774 0.5773
vn -0.5773 0.5774 0.5773
vn -0.5774 -0.5773 -0.5773
vn 0.5774 -0.5773 -0.5773
vn 0.5774 0.5773 -0.5773
vn -0.5774 0.5773 -0.5773
vn 0.5773 0.5774 0.5774
vn -0.5773 0.5774 0.5774
vn -0.5773 -0.5774 0.5774
vn 0.5773 -0.5774 0.5774
vn -0.0000 -0.7071 -0.7071
vn -0.7071 -0.0000 -0.7071
vn -0.0000 0.7071 -0.7071
vn 0.7071 -0.0000 -0.7071
vn -0.7071 -0.0000 0.7071
vn -0.0000 -0.7071 0.7071
vn 0.7071 -0.0000 0.7071
vn -0.0000 0.7071 0.7071
vn -0.7071 -0.7071 -0.0000
vn 0.7071 -0.7071 -0.0000
vn 0.7071 0.7071 -0.0000
vn -0.7071 0.7071 -0.0000
vn -0.0000 -1.0000 -0.0000
vn -0.0000 -0.0000 -1.0000
vn -1.0000 -0.0000 -0.0000
vn 1.0000 -0.0000 -0.0000
vn -0.0000 1.0000 -0.0000
vn -0.0000 -0.0000 1.0000
s 0
usemtl Pupil
f 8785//546 8786//546 8787//546
f 8788//547 8789//547 8790//547
f 8791//548 8792//548 8793//548
f 8794//549 8795//549 8796//549
f 8797//550 8798//550 8799//550
f 8800//551 8801//551 8802//551
f 8803//552 8804//552 8805//552
f 8806//553 8807//553 8808//553
f 8788//562 8785//562 8787//562 8789//562
f 8786//563 8794//563 8796//563 8787//563
f 8795//564 8791//564 8793//564 8796//564
f 8792//565 8790//565 8789//565 8793//565
f 8806//566 8797//566 8799//566 8807//566
f 8798//567 8800//567 8802//567 8799//567
f 8801//568 8803//568 8805//568 8802//568
f 8804//569 8808//569 8807//569 8805//569
f 8797//570 8786//570 8785//570 8798//570
f 8790//571 8801//571 8800//571 8788//571
f 8791//572 8804//572 8803//572 8792//572
f 8794//573 8806//573 8808//573 8795//573
f 8785//574 8788//574 8800//574 8798//574
f 8787//575 8796//575 8793//575 8789//575
f 8794//576 8786//576 8797//576 8806//576
f 8790//577 8792//577 8803//577 8801//577
f 8791//578 8795//578 8808//578 8804//578
f 8799//579 8802//579 8805//579 8807//579
usemtl Glint
f 8809//554 8810//554 8811//554
f 8812//555 8813//555 8814//555
f 8815//556 8816//556 8817//556
f 8818//557 8819//557 8820//557
f 8821//550 8822//550 8823//550
f 8824//551 8825//551 8826//551
f 8827//558 8828//558 8829//558
f 8830//559 8831//559 8832//559
f 8833//554 8834//554 8835//554
f 8836//555 8837//555 8838//555
f 8839//556 8840//556 8841//556
f 8842//557 8843//557 8844//557
f 8845//560 8846//560 8847//560
f 8848//561 8849//561 8850//561
f 8851//552 8852//552 8853//552
f 8854//553 8855//553 8856//553
f 8812//562 8809//562 8811//562 8813//562
f 8810//563 8818//563 8820//563 8811//563
f 8819//564 8815//564 8817//564 8820//564
f 8816//565 8814//565 8813//565 8817//565
f 8830//566 8821//566 8823//566 8831//566
f 8822//567 8824//567 8826//567 8823//567
f 8825//568 8827//568 8829//568 8826//568
f 8828//569 8832//569 8831//569 8829//569
f 8821//570 8810//570 8809//570 8822//570
f 8814//571 8825//571 8824//571 8812//571
f 8815//572 8828//572 8827//572 8816//572
f 8818//573 8830//573 8832//573 8819//573
f 8836//562 8833//562 8835//562 8837//562
f 8834//563 8842//563 8844//563 8835//563
f 8843//564 8839//564 8841//564 8844//564
f 8840//565 8838//565 8837//565 8841//565
f 8854//566 8845//566 8847//566 8855//566
f 8846//567 8848//567 8850//567 8847//567
f 8849//568 8851//568 8853//568 8850//568
f 8852//569 8856//569 8855//569 8853//569
f 8845//570 8834//570 8833//570 8846//570
f 8838//571 8849//571 8848//571 8836//571
f 8839//572 8852//572 8851//572 8840//572
f 8842//573 8854//573 8856//573 8843//573
f 8809//574 8812//574 8824//574 8822//574
f 8811//575 8820//575 8817//575 8813//575
f 8818//576 8810//576 8821//576 8830//576
f 8814//577 8816//577 8827//577 8825//577
f 8815//578 8819//578 8832//578 8828//578
f 8823//579 8826//579 8829//579 8831//579
f 8833//574 8836//574 8848//574 8846//574
f 8835//575 8844//575 8841//575 8837//575
f 8842//576 8834//576 8845//576 8854//576
f 8838//577 8840//577 8851//577 8849//577
f 8839//578 8843//578 8856//578 8852//578
f 8847//579 8850//579 8853//579 8855//579
o Eye1
v 0.665231 1.008461 1.231385
v 0.654615 1.019077 1.231385
v 0.665231 1.019077 1.220769
v 1.104000 1.008461 1.231385
v 1.104000 1.019077 1.220769
v 1.114615 1.019077 1.231385
v 1.104000 1.592308 1.231385
v 1.114615 1.581692 1.231385
v 1.104000 1.581692 1.220769
v 0.654615 1.581692 1.231385
v 0.665231 1.592308 1.231385
v 0.665231 1.581692 1.220769
v 0.654615 1.019077 1.475538
v 0.665231 1.008461 1.475538
v 0.665231 1.019077 1.486154
v 1.104000 1.008461 1.475538
v 1.114615 1.019077 1.475538
v 1.104000 1.019077 1.486154
v 1.114615 1.581692 1.475538
v 1.104000 1.592308 1.475538
v 1.104000 1.581692 1.486154
v 0.654615 1.581692 1.475538
v 0.665231 1.581692 1.486154
v 0.665231 1.592308 1.475538
v 0.725385 1.372923 1.489692
v 0.714769 1.383538 1.489692
v 0.725385 1.383538 1.479077
v 0.856308 1.372923 1.489692
v 0.856308 1.383538 1.479077
v 0.866923 1.383538 1.489692
v 0.856308 1.525077 1.489692
v 0.866923 1.514462 1.489692
v 0.856308 1.514462 1.479077
v 0.714769 1.514462 1.489692
v 0.725385 1.525077 1.489692
v 0.725385 1.514462 1.479077
v 0.714769 1.383538 1.493231
v 0.725385 1.372923 1.493231
v 0.725385 1.383538 1.503846
v 0.856308 1.372923 1.493231
v 0.866923 1.383538 1.493231
v 0.856308 1.383538 1.503846
v 0.866923 1.514462 1.493231
v 0.856308 1.525077 1.493231
v 0.856308 1.514462 1.503846
v 0.714769 1.514462 1.493231
v 0.725385 1.514462 1.503846
v 0.725385 1.525077 1.493231
v 0.976615 1.086308 1.489692
v 0.966000 1.096923 1.489692
v 0.976615 1.096923 1.479077
v 1.033231 1.086308 1.489692
v 1.033231 1.096923 1.479077
v 1.043846 1.096923 1.489692
v 1.033231 1.164154 1.489692
v 1.043846 1.153538 1.489692
v 1.033231 1.153538 1.479077
v 0.966000 1.153538 1.489692
v 0.976615 1.164154 1.489692
v 0.976615 1.153538 1.479077
v 0.966000 1.096923 1.493231
v 0.976615 1.086308 1.493231
v 0.976615 1.096923 1.503846
v 1.033231 1.086308 1.493231
v 1.043846 1.096923 1.493231
v 1.033231 1.096923 1.503846
v 1.043846 1.153538 1.493231
v 1.033231 1.164154 1.493231
v 1.033231 1.153538 1.503846
v 0.966000 1.153538 1.493231
v 0.976615 1.153538 1.503846
v 0.976615 1.164154 1.493231
vn -0.5774 -0.5773 -0.5774
vn 0.5774 -0.5773 -0.5774
vn 0.5774 0.5773 -0.5774
vn -0.5774 0.5773 -0.5774
vn -0.5773 -0.5774 0.5773
vn 0.5773 -0.5774 0.5773
vn 0.5773 0.5774 0.5773
vn -0.5773 0.5774 0.5773
vn -0.5774 -0.5773 -0.5773
vn 0.5774 -0.5773 -0.5773
vn 0.5774 0.5773 -0.5773
vn -0.5774 0.5773 -0.5773
vn 0.5773 0.5774 0.5774
vn -0.5773 0.5774 0.5774
vn -0.5773 -0.5774 0.5774
vn 0.5773 -0.5774 0.5774
vn -0.0000 -0.7071 -0.7071
vn -0.7071 -0.0000 -0.7071
vn -0.0000 0.7071 -0.7071
vn 0.7071 -0.0000 -0.7071
vn -0.7071 -0.0000 0.7071
vn -0.0000 -0.7071 0.7071
vn 0.7071 -0.0000 0.7071
vn -0.0000 0.7071 0.7071
vn -0.7071 -0.7071 -0.0000
vn 0.7071 -0.7071 -0.0000
vn 0.7071 0.7071 -0.0000
vn -0.7071 0.7071 -0.0000
vn -0.0000 -1.0000 -0.0000
vn -0.0000 -0.0000 -1.0000
vn -1.0000 -0.0000 -0.0000
vn 1.0000 -0.0000 -0.0000
vn -0.0000 1.0000 -0.0000
vn -0.0000 -0.0000 1.0000
s 0
usemtl Pupil
f 8857//580 8858//580 8859//580
f 8860//581 8861//581 8862//581
f 8863//582 8864//582 8865//582
f 8866//583 8867//583 8868//583
f 8869//584 8870//584 8871//584
f 8872//585 8873//585 8874//585
f 8875//586 8876//586 8877//586
f 8878//587 8879//587 8880//587
f 8860//596 8857//596 8859//596 8861//596
f 8858//597 8866//597 8868//597 8859//597
f 8867//598 8863//598 8865//598 8868//598
f 8864//599 8862//599 8861//599 8865//599
f 8878//600 8869//600 8871//600 8879//600
f 8870//601 8872//601 8874//601 8871//601
f 8873//602 8875//602 8877//602 8874//602
f 8876//603 8880//603 8879//603 8877//603
f 8869//604 8858//604 8857//604 8870//604
f 8862//605 8873//605 8872//605 8860//605
f 8863//606 8876//606 8875//606 8864//606
f 8866//607 8878//607 8880//607 8867//607
f 8857//608 8860//608 8872//608 8870//608
f 8859//609 8868//609 8865//609 8861//609
f 8866//610 8858//610 8869//610 8878//610
f 8862//611 8864//611 8875//611 8873//611
f 8863//612 8867//612 8880//612 8876//612
f 8871//613 8874//613 8877//613 8879//613
usemtl Glint
f 8881//588 8882//588 8883//588
f 8884//589 8885//589 8886//589
f 8887//590 8888//590 8889//590
f 8890//591 8891//591 8892//591
f 8893//584 8894//584 8895//584
f 8896//585 8897//585 8898//585
f 8899//592 8900//592 8901//592
f 8902//593 8903//593 8904//593
f 8905//588 8906//588 8907//588
f 8908//589 8909//589 8910//589
f 8911//590 8912//590 8913//590
f 8914//591 8915//591 8916//591
f 8917//594 8918//594 8919//594
f 8920//595 8921//595 8922//595
f 8923//586 8924//586 8925//586
f 8926//587 8927//587 8928//587
f 8884//596 8881//596 8883//596 8885//596
f 8882//597 8890//597 8892//597 8883//597
f 8891//598 8887//598 8889//598 8892//598
f 8888//599 8886//599 8885//599 8889//599
f 8902//600 8893//600 8895//600 8903//600
f 8894//601 8896//601 8898//601 8895//601
f 8897//602 8899//602 8901//602 8898//602
f 8900//603 8904//603 8903//603 8901//603
f 8893//604 8882//604 8881//604 8894//604
f 8886//605 8897//605 8896//605 8884//605
f 8887//606 8900//606 8899//606 8888//606
f 8890//607 8902//607 8904//607 8891//607
f 8908//596 8905//596 8907//596 8909//596
f 8906//597 8914//597 8916//597 8907//597
f 8915//598 8911//598 8913//598 8916//598
f 8912//599 8910//599 8909//599 8913//599
f 8926//600 8917//600 8919//600 8927//600
f 8918//601 8920//601 8922//601 8919//601
f 8921//602 8923//602 8925//602 8922//602
f 8924//603 8928//603 8927//603 8925//603
f 8917//604 8906//604 8905//604 8918//604
f 8910//605 8921//605 8920//605 8908//605
f 8911//606 8924//606 8923//606 8912//606
f 8914//607 8926//607 8928//607 8915//607
f 8881//608 8884//608 8896//608 8894//608
f 8883//609 8892//609 8889//609 8885//609
f 8890//610 8882//610 8893//610 8902//610
f 8886//611 8888//611 8899//611 8897//611
f 8887//612 8891//612 8904//612 8900//612
f 8895//613 8898//613 8901//613 8903//613
f 8905//608 8908//608 8920//608 8918//608
f 8907//609 8916//609 8913//609 8909//609
f 8914//610 8906//610 8917//610 8926//610
f 8910//611 8912//611 8923//611 8921//611
f 8911//612 8915//612 8928//612 8924//612
f 8919//613 8922//613 8925//613 8927//613
o Face
v -1.564000 1.026154 1.231385
v -1.574615 1.036769 1.231385
v -1.564000 1.036769 1.220769
v -1.249077 1.026154 1.231385
v -1.249077 1.036769 1.220769
v -1.238462 1.036769 1.231385
v -1.249077 1.203077 1.231385
v -1.238462 1.192462 1.231385
v -1.249077 1.192462 1.220769
v -1.574615 1.192462 1.231385
v -1.564000 1.203077 1.231385
v -1.564000 1.192462 1.220769
v -1.574615 1.036769 1.298615
v -1.564000 1.026154 1.298615
v -1.564000 1.036769 1.309231
v -1.249077 1.026154 1.298615
v -1.238462 1.036769 1.298615
v -1.249077 1.036769 1.309231
v -1.238462 1.192462 1.298615
v -1.249077 1.203077 1.298615
v -1.249077 1.192462 1.309231
v -1.574615 1.192462 1.298615
v -1.564000 1.192462 1.309231
v -1.564000 1.203077 1.298615
v 1.249077 1.026154 1.231385
v 1.238462 1.036769 1.231385
v 1.249077 1.036769 1.220769
v 1.564000 1.026154 1.231385
v 1.564000 1.036769 1.220769
v 1.574615 1.036769 1.231385
v 1.564000 1.203077 1.231385
v 1.574615 1.192462 1.231385
v 1.564000 1.192462 1.220769
v 1.238462 1.192462 1.231385
v 1.249077 1.203077 1.231385
v 1.249077 1.192462 1.220769
v 1.238462 1.036769 1.298615
v 1.249077 1.026154 1.298615
v 1.249077 1.036769 1.309231
v 1.564000 1.026154 1.298615
v 1.574615 1.036769 1.298615
v 1.564000 1.036769 1.309231
v 1.574615 1.192462 1.298615
v 1.564000 1.203077 1.298615
v 1.564000 1.192462 1.309231
v 1.238462 1.192462 1.298615
v 1.249077 1.192462 1.309231
v 1.249077 1.203077 1.298615
v -0.272462 0.990769 1.408308
v -0.283077 1.001384 1.408308
v -0.272462 1.001384 1.397692
v 0.272462 0.990769 1.408308
v 0.272462 1.001384 1.397692
v 0.283077 1.001384 1.408308
v 0.272462 1.167692 1.408308
v 0.283077 1.157077 1.408308
v 0.272462 1.157077 1.397692
v -0.283077 1.157077 1.408308
v -0.272462 1.167692 1.408308
v -0.272462 1.157077 1.397692
v -0.283077 1.001384 1.475538
v -0.272462 0.990769 1.475538
v -0.272462 1.001384 1.486154
v 0.272462 0.990769 1.475538
v 0.283077 1.001384 1.475538
v 0.272462 1.001384 1.486154
v 0.283077 1.157077 1.475538
v 0.272462 1.167692 1.475538
v 0.272462 1.157077 1.486154
v -0.283077 1.157077 1.475538
v -0.272462 1.157077 1.486154
v -0.272462 1.167692 1.475538
v -0.421077 1.096923 1.408308
v -0.431692 1.107538 1.408308
v -0.421077 1.107538 1.397692
v -0.293692 1.096923 1.408308
v -0.293692 1.107538 1.397692
v -0.283077 1.107538 1.408308
v -0.293692 1.266769 1.408308
v -0.283077 1.256154 1.408308
v -0.293692 1.256154 1.397692
v -0.431692 1.256154 1.408308
v -0.421077 1.266769 1.408308
v -0.421077 1.256154 1.397692
v -0.431692 1.107538 1.475538
v -0.421077 1.096923 1.475538
v -0.421077 1.107538 1.486154
v -0.293692 1.096923 1.475538
v -0.283077 1.107538 1.475538
v -0.293692 1.107538 1.486154
v -0.283077 1.256154 1.475538
v -0.293692 1.266769 1.475538
v -0.293692 1.256154 1.486154
v -0.431692 1.256154 1.475538
v -0.421077 1.256154 1.486154
v -0.421077 1.266769 1.475538
v 0.293692 1.096923 1.408308
v 0.283077 1.107538 1.408308
v 0.293692 1.107538 1.397692
v 0.421077 1.096923 1.408308
v 0.421077 1.107538 1.397692
v 0.431692 1.107538 1.408308
v 0.421077 1.266769 1.408308
v 0.431692 1.256154 1.408308
v 0.421077 1.256154 1.397692
v 0.283077 1.256154 1.408308
v 0.293692 1.266769 1.408308
v 0.293692 1.256154 1.397692
v 0.283077 1.107538 1.475538
v 0.293692 1.096923 1.475538
v 0.293692 1.107538 1.486154
v 0.421077 1.096923 1.475538
v 0.431692 1.107538 1.475538
v 0.421077 1.107538 1.486154
v 0.431692 1.256154 1.475538
v 0.421077 1.266769 1.475538
v 0.421077 1.256154 1.486154
v 0.283077 1.256154 1.475538
v 0.293692 1.256154 1.486154
v 0.293692 1.266769 1.475538
v -0.130923 0.990769 1.489692
v -0.141538 1.001384 1.489692
v -0.130923 1.001384 1.479077
v 0.130923 0.990769 1.489692
v 0.130923 1.001384 1.479077
v 0.141538 1.001384 1.489692
v 0.130923 1.089846 1.489692
v 0.141538 1.079231 1.489692
v 0.130923 1.079231 1.479077
v -0.141538 1.079231 1.489692
v -0.130923 1.089846 1.489692
v -0.130923 1.079231 1.479077
v -0.141538 1.001384 1.489692
v -0.130923 0.990769 1.489692
v -0.130923 1.001384 1.500308
v 0.130923 0.990769 1.489692
v 0.141538 1.001384 1.489692
v 0.130923 1.001384 1.500308
v 0.141538 1.079231 1.489692
v 0.130923 1.089846 1.489692
v 0.130923 1.079231 1.500308
v -0.141538 1.079231 1.489692
v -0.130923 1.079231 1.500308
v -0.130923 1.089846 1.489692
vn -0.5774 -0.5774 -0.5774
vn 0.5773 -0.5774 -0.5773
vn 0.5773 0.5774 -0.5773
vn -0.5774 0.5774 -0.5774
vn -0.5773 -0.5774 0.5774
vn 0.5773 -0.5774 0.5774
vn 0.5773 0.5774 0.5774
vn -0.5773 0.5774 0.5774
vn -0.5773 -0.5774 -0.5773
vn 0.5774 -0.5774 -0.5774
vn 0.5774 0.5774 -0.5774
vn -0.5773 0.5774 -0.5773
vn -0.5774 -0.5774 -0.5773
vn 0.5774 -0.5774 -0.5773
vn 0.5774 0.5773 -0.5774
vn -0.5774 0.5773 -0.5774
vn -0.5774 -0.5774 0.5773
vn 0.5774 -0.5774 0.5773
vn 0.5774 0.5773 0.5774
vn -0.5774 0.5773 0.5774
vn 0.5773 0.5773 -0.5774
vn -0.5773 0.5773 -0.5774
vn -0.5774 -0.5773 0.5774
vn 0.5774 -0.5773 0.5774
vn 0.5773 0.5773 0.5774
vn -0.5773 0.5773 0.5774
vn -0.5774 -0.5773 -0.5773
vn 0.5774 -0.5773 -0.5773
vn -0.0000 -0.7071 -0.7071
vn -0.7071 -0.0000 -0.7071
vn -0.0000 0.7071 -0.7071
vn 0.7071 -0.0000 -0.7071
vn -0.7071 -0.0000 0.7071
vn -0.0000 -0.7071 0.7071
vn 0.7071 -0.0000 0.7071
vn -0.0000 0.7071 0.7071
vn -0.7071 -0.7071 -0.0000
vn 0.7071 -0.7071 -0.0000
vn 0.7071 0.7071 -0.0000
vn -0.7071 0.7071 -0.0000
vn -0.7214 -0.6925 -0.0000
vn 0.7214 -0.6925 -0.0000
vn 0.7214 0.6925 -0.0000
vn -0.7214 0.6925 -0.0000
vn -0.0000 -1.0000 -0.0000
vn -0.0000 -0.0000 -1.0000
vn -1.0000 -0.0000 -0.0000
vn 1.0000 -0.0000 -0.0000
vn -0.0000 1.0000 -0.0000
vn -0.0000 -0.0000 1.0000
s 0
usemtl Mouth
f 8977//626 8978//626 8979//626
f 8980//627 8981//627 8982//627
f 8983//628 8984//628 8985//628
f 8986//629 8987//629 8988//629
f 8989//630 8990//630 8991//630
f 8992//631 8993//631 8994//631
f 8995//632 8996//632 8997//632
f 8998//633 8999//633 9000//633
f 9001//614 9002//614 9003//614
f 9004//623 9005//623 9006//623
f 9007//634 9008//634 9009//634
f 9010//635 9011//635 9012//635
f 9013//636 9014//636 9015//636
f 9016//637 9017//637 9018//637
f 9019//638 9020//638 9021//638
f 9022//639 9023//639 9024//639
f 9025//614 9026//614 9027//614
f 9028//623 9029//623 9030//623
f 9031//634 9032//634 9033//634
f 9034//635 9035//635 9036//635
f 9037//636 9038//636 9039//636
f 9040//637 9041//637 9042//637
f 9043//638 9044//638 9045//638
f 9046//639 9047//639 9048//639
f 8980//642 8977//642 8979//642 8981//642
f 8978//643 8986//643 8988//643 8979//643
f 8987//644 8983//644 8985//644 8988//644
f 8984//645 8982//645 8981//645 8985//645
f 8998//646 8989//646 8991//646 8999//646
f 8990//647 8992//647 8994//647 8991//647
f 8993//648 8995//648 8997//648 8994//648
f 8996//649 9000//649 8999//649 8997//649
f 8989//650 8978//650 8977//650 8990//650
f 8982//651 8993//651 8992//651 8980//651
f 8983//652 8996//652 8995//652 8984//652
f 8986//653 8998//653 9000//653 8987//653
f 9004//642 9001//642 9003//642 9005//642
f 9002//643 9010//643 9012//643 9003//643
f 9011//644 9007//644 9009//644 9012//644
f 9008//645 9006//645 9005//645 9009//645
f 9022//646 9013//646 9015//646 9023//646
f 9014//647 9016//647 9018//647 9015//647
f 9017//648 9019//648 9021//648 9018//648
f 9020//649 9024//649 9023//649 9021//649
f 9013//650 9002//650 9001//650 9014//650
f 9006//651 9017//651 9016//651 9004//651
f 9007//652 9020//652 9019//652 9008//652
f 9010//653 9022//653 9024//653 9011//653
f 9028//642 9025//642 9027//642 9029//642
f 9026//643 9034//643 9036//643 9027//643
f 9035//644 9031//644 9033//644 9036//644
f 9032//645 9030//645 9029//645 9033//645
f 9046//646 9037//646 9039//646 9047//646
f 9038//647 9040//647 9042//647 9039//647
f 9041//648 9043//648 9045//648 9042//648
f 9044//649 9048//649 9047//649 9045//649
f 9037//650 9026//650 9025//650 9038//650
f 9030//651 9041//651 9040//651 9028//651
f 9031//652 9044//652 9043//652 9032//652
f 9034//653 9046//653 9048//653 9035//653
f 8977//658 8980//658 8992//658 8990//658
f 8979//659 8988//659 8985//659 8981//659
f 8986//660 8978//660 8989//660 8998//660
f 8982//661 8984//661 8995//661 8993//661
f 8983//662 8987//662 9000//662 8996//662
f 8991//663 8994//663 8997//663 8999//663
f 9001//658 9004//658 9016//658 9014//658
f 9003//659 9012//659 9009//659 9005//659
f 9010//660 9002//660 9013//660 9022//660
f 9006//661 9008//661 9019//661 9017//661
f 9007//662 9011//662 9024//662 9020//662
f 9015//663 9018//663 9021//663 9023//663
f 9025//658 9028//658 9040//658 9038//658
f 9027//659 9036//659 9033//659 9029//659
f 9034//660 9026//660 9037//660 9046//660
f 9030//661 9032//661 9043//661 9041//661
f 9031//662 9035//662 9048//662 9044//662
f 9039//663 9042//663 9045//663 9047//663
usemtl Tongue
f 9049//640 9050//640 9051//640
f 9052//641 9053//641 9054//641
f 9055//634 9056//634 9057//634
f 9058//635 9059//635 9060//635
f 9061//618 9062//618 9063//618
f 9064//619 9065//619 9066//619
f 9067//638 9068//638 9069//638
f 9070//639 9071//639 9072//639
f 9052//642 9049//642 9051//642 9053//642
f 9050//643 9058//643 9060//643 9051//643
f 9059//644 9055//644 9057//644 9060//644
f 9056//645 9054//645 9053//645 9057//645
f 9070//646 9061//646 9063//646 9071//646
f 9062//647 9064//647 9066//647 9063//647
f 9065//648 9067//648 9069//648 9066//648
f 9068//649 9072//649 9071//649 9069//649
f 9061//654 9050//654 9049//654 9062//654
f 9054//655 9065//655 9064//655 9052//655
f 9055//656 9068//656 9067//656 9056//656
f 9058//657 9070//657 9072//657 9059//657
f 9049//658 9052//658 9064//658 9062//658
f 9051//659 9060//659 9057//659 9053//659
f 9058//660 9050//660 9061//660 9070//660
f 9054//661 9056//661 9067//661 9065//661
f 9055//662 9059//662 9072//662 9068//662
f 9063//663 9066//663 9069//663 9071//663
usemtl Cheek
f 8929//614 8930//614 8931//614
f 8932//615 8933//615 8934//615
f 8935//616 8936//616 8937//616
f 8938//617 8939//617 8940//617
f 8941//618 8942//618 8943//618
f 8944//619 8945//619 8946//619
f 8947//620 8948//620 8949//620
f 8950//621 8951//621 8952//621
f 8953//622 8954//622 8955//622
f 8956//623 8957//623 8958//623
f 8959//624 8960//624 8961//624
f 8962//625 8963//625 8964//625
f 8965//618 8966//618 8967//618
f 8968//619 8969//619 8970//619
f 8971//620 8972//620 8973//620
f 8974//621 8975//621 8976//621
f 8932//642 8929//642 8931//642 8933//642
f 8930//643 8938//643 8940//643 8931//643
f 8939//644 8935//644 8937//644 8940//644
f 8936//645 8934//645 8933//645 8937//645
f 8950//646 8941//646 8943//646 8951//646
f 8942//647 8944//647 8946//647 8943//647
f 8945//648 8947//648 8949//648 8946//648
f 8948//649 8952//649 8951//649 8949//649
f 8941//650 8930//650 8929//650 8942//650
f 8934//651 8945//651 8944//651 8932//651
f 8935//652 8948//652 8947//652 8936//652
f 8938//653 8950//653 8952//653 8939//653
f 8956//642 8953//642 8955//642 8957//642
f 8954//643 8962//643 8964//643 8955//643
f 8963//644 8959//644 8961//644 8964//644
f 8960//645 8958//645 8957//645 8961//645
f 8974//646 8965//646 8967//646 8975//646
f 8966//647 8968//647 8970//647 8967//647
f 8969//648 8971//648 8973//648 8970//648
f 8972//649 8976//649 8975//649 8973//649
f 8965//650 8954//650 8953//650 8966//650
f 8958//651 8969//651 8968//651 8956//651
f 8959//652 8972//652 8971//652 8960//652
f 8962//653 8974//653 8976//653 8963//653
f 8929//658 8932//658 8944//658 8942//658
f 8931//659 8940//659 8937//659 8933//659
f 8938//660 8930//660 8941//660 8950//660
f 8934//661 8936//661 8947//661 8945//661
f 8935//662 8939//662 8952//662 8948//662
f 8943//663 8946//663 8949//663 8951//663
f 8953//658 8956//658 8968//658 8966//658
f 8955//659 8964//659 8961//659 8957//659
f 8962//660 8954//660 8965//660 8974//660
f 8958//661 8960//661 8971//661 8969//661
f 8959//662 8963//662 8976//662 8972//662
f 8967//663 8970//663 8973//663 8975//663
