# Blender 4.5.14 LTS
# www.blender.org
mtllib brick_donut_round.mtl
o Baked
v -2.300000 -0.530769 0.176923
v -2.300000 -0.176923 0.176923
v -2.300000 0.176923 0.176923
v -2.300000 0.530769 0.176923
v -1.946154 -1.238462 0.176923
v -1.592308 -0.884615 -0.000000
v -1.946154 -0.176923 -0.000000
v -1.592308 -0.176923 -0.000000
v -1.592308 -0.530769 -0.000000
v -1.946154 -0.530769 -0.000000
v -1.946154 0.176923 0.000000
v -1.592308 0.176923 0.000000
v -1.946154 0.530769 0.000000
v -1.946154 1.238462 0.176923
v -1.592308 1.238462 0.000000
v -1.592308 0.884615 0.000000
v -1.592308 -1.238462 -0.000000
v -1.238462 -1.238462 -0.000000
v -1.238462 -0.530769 -0.000000
v -1.238462 -0.176923 -0.000000
v -1.592308 0.530769 0.000000
v -1.238462 0.176923 0.000000
v -1.238462 -1.946154 0.176923
v -1.238462 -1.592308 -0.000000
v -0.884615 -1.592308 -0.000000
v -1.238462 -0.884615 -0.000000
v -0.884615 -0.884615 -0.000000
v -0.884615 0.176923 0.176923
v -0.884615 -0.176923 0.176923
v -0.884615 0.884615 0.000000
v -1.238462 0.530769 0.000000
v -1.238462 1.238462 0.000000
v -1.238462 0.884615 0.000000
v -0.884615 1.592308 0.000000
v -1.238462 1.946154 0.176923
v -1.238462 1.592308 0.000000
v -0.530769 -1.946154 -0.000000
v -0.884615 -1.238462 -0.000000
v -0.530769 -1.238462 -0.000000
v -0.884615 1.238462 0.000000
v -0.530769 1.238462 0.000000
v -0.530769 1.946154 0.000000
v -0.176923 -2.300000 0.176923
v -0.530769 -2.300000 0.176923
v -0.176923 -1.946154 -0.000000
v -0.176923 -1.592308 -0.000000
v -0.530769 -1.592308 -0.000000
v -0.176923 -1.238462 -0.000000
v -0.176923 0.884615 0.176923
v -0.176923 1.946154 0.000000
v -0.530769 1.592308 0.000000
v -0.530769 2.300000 0.176923
v -0.176923 2.300000 0.176923
v 0.176923 -2.300000 0.176923
v 0.176923 -1.592308 -0.000000
v 0.176923 -1.946154 -0.000000
v 0.176923 -1.238462 -0.000000
v -0.176923 -0.884615 0.176923
v 0.176923 1.238462 0.000000
v -0.176923 1.592308 0.000000
v 0.176923 1.592308 0.000000
v -0.176923 1.238462 0.000000
v 0.176923 1.946154 0.000000
v 0.530769 -2.300000 0.176923
v 0.530769 -1.592308 -0.000000
v 0.176923 -0.884615 0.176923
v 0.176923 0.884615 0.176923
v 0.530769 1.592308 0.000000
v 0.176923 2.300000 0.176923
v 0.530769 1.946154 0.000000
v 0.530769 -1.946154 -0.000000
v 0.530769 -1.238462 -0.000000
v 0.884615 -0.884615 -0.000000
v 0.530769 1.238462 0.000000
v 0.884615 0.884615 0.000000
v 0.884615 1.592308 0.000000
v 0.884615 1.238462 0.000000
v 0.530769 2.300000 0.176923
v 1.238462 -1.946154 0.176923
v 1.238462 -1.592308 -0.000000
v 0.884615 -1.592308 -0.000000
v 1.238462 -1.238462 -0.000000
v 0.884615 -1.238462 -0.000000
v 1.238462 -0.884615 -0.000000
v 0.884615 -0.176923 0.176923
v 1.238462 -0.530769 -0.000000
v 1.238462 -0.176923 -0.000000
v 0.884615 0.176923 0.176923
v 1.238462 1.238462 0.000000
v 1.592308 -0.884615 -0.000000
v 1.238462 0.176923 0.000000
v 1.592308 0.176923 0.000000
v 1.592308 0.530769 0.000000
v 1.238462 0.530769 0.000000
v 1.238462 0.884615 0.000000
v 1.238462 1.592308 0.000000
v 1.238462 1.946154 0.176923
v 1.592308 -1.238462 -0.000000
v 1.946154 -1.238462 0.176923
v 1.592308 -0.530769 -0.000000
v 1.592308 -0.176923 -0.000000
v 1.946154 0.176923 0.000000
v 1.592308 0.884615 0.000000
v 1.946154 1.238462 0.176923
v 1.592308 1.238462 0.000000
v 2.300000 -0.530769 0.176923
v 1.946154 -0.176923 -0.000000
v 1.946154 -0.530769 -0.000000
v 2.300000 -0.176923 0.176923
v 2.300000 0.530769 0.176923
v 2.300000 0.176923 0.176923
v 1.946154 0.530769 0.000000
v -2.300000 -0.866923 0.176923
v -2.282308 -0.884615 0.176923
v -2.300000 -0.530769 0.017692
v -2.282308 -0.530769 -0.000000
v -2.282308 -0.884615 0.017692
v -2.300000 -0.866923 0.017692
v -2.282308 -0.866923 -0.000000
v -2.300000 -0.176923 0.017692
v -2.282308 -0.176923 -0.000000
v -2.300000 0.530769 0.017692
v -2.282308 0.530769 0.000000
v -2.282308 0.176923 0.000000
v -2.300000 0.176923 0.017692
v -2.282308 0.884615 0.176923
v -2.300000 0.866923 0.176923
v -2.282308 0.884615 0.017692
v -2.282308 0.866923 0.000000
v -2.300000 0.866923 0.017692
v -1.946154 0.902308 0.176923
v -1.963846 0.884615 0.176923
v -1.946154 -1.574615 0.176923
v -1.928462 -1.592308 0.176923
v -1.946154 -1.238462 0.017692
v -1.928462 -1.238462 -0.000000
v -1.928462 -1.592308 0.017692
v -1.946154 -1.574615 0.017692
v -1.928462 -1.574615 -0.000000
v -1.592308 -1.610000 0.017692
v -1.610000 -1.592308 0.017692
v -1.574615 -1.574615 -0.000000
v -1.610000 -1.592308 0.176923
v -1.592308 -1.610000 0.176923
v -1.963846 -0.884615 0.176923
v -1.946154 -0.902308 0.176923
v -1.928462 -0.866923 -0.000000
v -1.946154 -0.902308 0.017692
v -1.963846 -0.884615 0.017692
v -1.963846 0.884615 0.017692
v -1.946154 0.902308 0.017692
v -1.928462 0.866923 0.000000
v -1.928462 1.592308 0.176923
v -1.946154 1.574615 0.176923
v -1.928462 1.574615 0.000000
v -1.946154 1.574615 0.017692
v -1.928462 1.592308 0.017692
v -1.592308 1.610000 0.176923
v -1.610000 1.592308 0.176923
v -1.610000 1.592308 0.017692
v -1.592308 1.610000 0.017692
v -1.574615 1.574615 0.000000
v -1.946154 1.238462 0.017692
v -1.928462 1.238462 0.000000
v -1.592308 -1.928462 0.176923
v -1.574615 -1.946154 0.176923
v -1.574615 -1.946154 0.017692
v -1.592308 -1.928462 0.017692
v -1.574615 -1.928462 -0.000000
v -1.574615 1.946154 0.017692
v -1.574615 1.928462 0.000000
v -1.592308 1.928462 0.017692
v -1.574615 1.946154 0.176923
v -1.592308 1.928462 0.176923
v -0.866923 -1.928462 -0.000000
v -0.884615 -1.963846 0.017692
v -0.902308 -1.946154 0.017692
v -0.902308 -1.946154 0.176923
v -0.884615 -1.963846 0.176923
v -1.238462 -1.946154 0.017692
v -1.238462 -1.928462 -0.000000
v -0.866923 -0.530769 0.017692
v -0.902308 -0.548462 -0.000000
v -0.884615 -0.513077 0.017692
v -0.902308 -0.176923 -0.000000
v -0.884615 -0.176923 0.017692
v -0.884615 0.513077 0.176923
v -0.866923 0.530769 0.176923
v -0.902308 0.176923 0.000000
v -0.884615 0.176923 0.017692
v -0.884615 0.513077 0.017692
v -0.902308 0.548462 0.000000
v -0.866923 0.530769 0.017692
v -0.884615 1.963846 0.176923
v -0.902308 1.946154 0.176923
v -1.238462 1.928462 0.000000
v -1.238462 1.946154 0.017692
v -0.902308 1.946154 0.017692
v -0.884615 1.963846 0.017692
v -0.866923 1.928462 0.000000
v -0.884615 -2.282308 0.176923
v -0.866923 -2.300000 0.176923
v -0.866923 -2.300000 0.017692
v -0.884615 -2.282308 0.017692
v -0.866923 -2.282308 -0.000000
v -0.530769 -0.548462 0.176923
v -0.548462 -0.530769 0.176923
v -0.513077 -0.884615 0.176923
v -0.530769 -0.866923 0.176923
v -0.866923 -0.530769 0.176923
v -0.884615 -0.513077 0.176923
v -0.548462 -0.548462 -0.000000
v -0.548462 -0.530769 0.017692
v -0.530769 -0.548462 0.017692
v -0.513077 -0.884615 0.017692
v -0.548462 -0.902308 -0.000000
v -0.530769 -0.866923 0.017692
v -0.548462 0.530769 0.017692
v -0.548462 0.548462 0.000000
v -0.530769 0.548462 0.017692
v -0.530769 0.866923 0.176923
v -0.513077 0.884615 0.176923
v -0.548462 0.530769 0.176923
v -0.530769 0.548462 0.176923
v -0.866923 2.300000 0.176923
v -0.884615 2.282308 0.176923
v -0.866923 2.300000 0.017692
v -0.866923 2.282308 0.000000
v -0.884615 2.282308 0.017692
v -0.530769 -2.282308 -0.000000
v -0.530769 -2.300000 0.017692
v -0.176923 -0.884615 0.017692
v -0.176923 -0.902308 -0.000000
v -0.548462 0.902308 0.000000
v -0.513077 0.884615 0.017692
v -0.530769 0.866923 0.017692
v -0.530769 2.300000 0.017692
v -0.530769 2.282308 0.000000
v 0.176923 -2.282308 -0.000000
v 0.176923 -2.300000 0.017692
v -0.176923 -2.282308 -0.000000
v -0.176923 -2.300000 0.017692
v 0.176923 0.902308 0.000000
v 0.176923 0.884615 0.017692
v -0.176923 0.884615 0.017692
v -0.176923 0.902308 0.000000
v -0.176923 2.300000 0.017692
v -0.176923 2.282308 0.000000
v 0.176923 -0.884615 0.017692
v 0.176923 -0.902308 -0.000000
v 0.513077 -0.884615 0.017692
v 0.530769 -0.866923 0.017692
v 0.548462 -0.902308 -0.000000
v 0.548462 0.902308 0.000000
v 0.530769 0.866923 0.017692
v 0.513077 0.884615 0.017692
v 0.176923 2.282308 0.000000
v 0.176923 2.300000 0.017692
v 0.530769 2.300000 0.017692
v 0.530769 2.282308 0.000000
v 0.866923 -2.300000 0.017692
v 0.866923 -2.282308 -0.000000
v 0.884615 -2.282308 0.017692
v 0.884615 -1.963846 0.176923
v 0.902308 -1.946154 0.176923
v 0.866923 -2.300000 0.176923
v 0.884615 -2.282308 0.176923
v 0.530769 -2.282308 -0.000000
v 0.530769 -2.300000 0.017692
v 0.530769 -0.866923 0.176923
v 0.513077 -0.884615 0.176923
v 0.548462 -0.530769 0.176923
v 0.530769 -0.548462 0.176923
v 0.548462 -0.530769 0.017692
v 0.548462 -0.548462 -0.000000
v 0.530769 -0.548462 0.017692
v 0.884615 -0.513077 0.176923
v 0.866923 -0.530769 0.176923
v 0.530769 0.548462 0.176923
v 0.548462 0.530769 0.176923
v 0.513077 0.884615 0.176923
v 0.530769 0.866923 0.176923
v 0.548462 0.530769 0.017692
v 0.530769 0.548462 0.017692
v 0.548462 0.548462 0.000000
v 0.902308 1.946154 0.176923
v 0.884615 1.963846 0.176923
v 0.884615 2.282308 0.176923
v 0.866923 2.300000 0.176923
v 0.866923 2.282308 0.000000
v 0.866923 2.300000 0.017692
v 0.884615 2.282308 0.017692
v 0.866923 -1.928462 -0.000000
v 0.902308 -1.946154 0.017692
v 0.884615 -1.963846 0.017692
v 0.884615 -0.176923 0.017692
v 0.902308 -0.176923 -0.000000
v 0.866923 -0.530769 0.017692
v 0.884615 -0.513077 0.017692
v 0.902308 -0.548462 -0.000000
v 0.866923 0.530769 0.176923
v 0.884615 0.513077 0.176923
v 0.884615 0.513077 0.017692
v 0.866923 0.530769 0.017692
v 0.902308 0.548462 0.000000
v 0.902308 0.176923 0.000000
v 0.884615 0.176923 0.017692
v 0.902308 1.946154 0.017692
v 0.866923 1.928462 0.000000
v 0.884615 1.963846 0.017692
v 1.574615 -1.946154 0.017692
v 1.574615 -1.928462 -0.000000
v 1.592308 -1.928462 0.017692
v 1.592308 -1.610000 0.176923
v 1.610000 -1.592308 0.176923
v 1.574615 -1.946154 0.176923
v 1.592308 -1.928462 0.176923
v 1.238462 -1.928462 -0.000000
v 1.238462 -1.946154 0.017692
v 1.592308 1.928462 0.176923
v 1.574615 1.946154 0.176923
v 1.610000 1.592308 0.176923
v 1.592308 1.610000 0.176923
v 1.238462 1.946154 0.017692
v 1.238462 1.928462 0.000000
v 1.574615 1.928462 0.000000
v 1.574615 1.946154 0.017692
v 1.592308 1.928462 0.017692
v 1.928462 -1.592308 0.017692
v 1.928462 -1.574615 -0.000000
v 1.946154 -1.574615 0.017692
v 1.928462 -1.592308 0.176923
v 1.946154 -1.574615 0.176923
v 1.928462 -1.238462 -0.000000
v 1.946154 -1.238462 0.017692
v 1.574615 -1.574615 -0.000000
v 1.610000 -1.592308 0.017692
v 1.592308 -1.610000 0.017692
v 1.963846 0.884615 0.017692
v 1.928462 0.866923 0.000000
v 1.946154 0.902308 0.017692
v 1.946154 1.238462 0.017692
v 1.928462 1.238462 0.000000
v 1.928462 1.574615 0.000000
v 1.928462 1.592308 0.017692
v 1.946154 1.574615 0.017692
v 1.610000 1.592308 0.017692
v 1.574615 1.574615 0.000000
v 1.592308 1.610000 0.017692
v 1.946154 1.574615 0.176923
v 1.928462 1.592308 0.176923
v 2.282308 -0.884615 0.017692
v 2.282308 -0.866923 -0.000000
v 2.300000 -0.866923 0.017692
v 2.282308 -0.530769 -0.000000
v 2.300000 -0.530769 0.017692
v 2.282308 -0.884615 0.176923
v 2.300000 -0.866923 0.176923
v 1.946154 -0.902308 0.176923
v 1.963846 -0.884615 0.176923
v 1.928462 -0.866923 -0.000000
v 1.963846 -0.884615 0.017692
v 1.946154 -0.902308 0.017692
v 2.282308 -0.176923 -0.000000
v 2.300000 -0.176923 0.017692
v 2.282308 0.176923 0.000000
v 2.300000 0.176923 0.017692
v 2.282308 0.530769 0.000000
v 2.300000 0.530769 0.017692
v 2.282308 0.884615 0.017692
v 2.300000 0.866923 0.017692
v 2.282308 0.866923 0.000000
v 2.300000 0.866923 0.176923
v 2.282308 0.884615 0.176923
v 1.963846 0.884615 0.176923
v 1.946154 0.902308 0.176923
vn -0.0000 -0.0000 -1.0000
vn -0.5774 -0.5774 -0.5774
vn -0.5774 0.5774 -0.5774
vn -0.5774 -0.5773 -0.5773
vn -0.3015 -0.3015 -0.9045
vn -0.3015 0.3015 -0.9045
vn -0.5774 0.5773 -0.5773
vn -0.5773 -0.5773 -0.5774
vn -0.5773 0.5773 -0.5774
vn 0.3015 0.3015 -0.9045
vn 0.3015 -0.3015 -0.9045
vn -0.5774 -0.5773 -0.5774
vn 0.5774 0.5774 -0.5774
vn 0.5774 -0.5774 -0.5774
vn -0.5774 0.5773 -0.5774
vn 0.5774 -0.5773 -0.5774
vn 0.5774 0.5773 -0.5774
vn 0.5773 -0.5773 -0.5774
vn 0.5773 0.5773 -0.5774
vn 0.5774 -0.5773 -0.5773
vn 0.5774 0.5773 -0.5773
vn -0.7071 -0.0000 -0.7071
vn -0.7071 -0.7071 -0.0000
vn -0.0000 0.7071 -0.7071
vn -0.7071 0.7071 -0.0000
vn -0.0000 -0.7071 -0.7071
vn 0.7071 -0.7071 -0.0000
vn 0.7071 -0.0000 -0.7071
vn 0.7071 0.7071 -0.0000
vn -1.0000 -0.0000 -0.0000
vn -0.0000 -1.0000 -0.0000
vn -0.0000 1.0000 -0.0000
vn 1.0000 -0.0000 -0.0000
s 0
usemtl Baked
f 7//1 8//1 9//1 10//1
f 11//1 12//1 8//1 7//1
f 13//1 21//1 12//1 11//1
f 6//1 26//1 18//1 17//1
f 9//1 19//1 26//1 6//1
f 8//1 20//1 19//1 9//1
f 12//1 22//1 20//1 8//1
f 21//1 31//1 22//1 12//1
f 16//1 33//1 31//1 21//1
f 15//1 32//1 33//1 16//1
f 18//1 38//1 25//1 24//1
f 26//1 27//1 38//1 18//1
f 32//1 40//1 30//1 33//1
f 36//1 34//1 40//1 32//1
f 38//1 39//1 47//1 25//1
f 34//1 51//1 41//1 40//1
f 47//1 46//1 45//1 37//1
f 39//1 48//1 46//1 47//1
f 51//1 60//1 62//1 41//1
f 42//1 50//1 60//1 51//1
f 46//1 55//1 56//1 45//1
f 48//1 57//1 55//1 46//1
f 60//1 61//1 59//1 62//1
f 50//1 63//1 61//1 60//1
f 55//1 65//1 71//1 56//1
f 57//1 72//1 65//1 55//1
f 61//1 68//1 74//1 59//1
f 63//1 70//1 68//1 61//1
f 72//1 83//1 81//1 65//1
f 68//1 76//1 77//1 74//1
f 83//1 82//1 80//1 81//1
f 73//1 84//1 82//1 83//1
f 77//1 89//1 95//1 75//1
f 76//1 96//1 89//1 77//1
f 84//1 90//1 98//1 82//1
f 86//1 100//1 90//1 84//1
f 87//1 101//1 100//1 86//1
f 91//1 92//1 101//1 87//1
f 94//1 93//1 92//1 91//1
f 95//1 103//1 93//1 94//1
f 89//1 105//1 103//1 95//1
f 101//1 107//1 108//1 100//1
f 92//1 102//1 107//1 101//1
f 93//1 112//1 102//1 92//1
f 117//2 118//2 119//2
f 128//3 129//3 130//3
f 137//4 138//4 139//4
f 140//5 141//5 142//5
f 147//5 148//5 149//5
f 150//6 151//6 152//6
f 155//7 156//7 157//7
f 160//6 161//6 162//6
f 167//8 168//8 169//8
f 170//9 171//9 172//9
f 175//5 176//5 177//5
f 182//10 183//10 184//10
f 191//11 192//11 193//11
f 198//6 199//6 200//6
f 203//12 204//12 205//12
f 212//13 213//13 214//13
f 215//10 216//10 217//10
f 218//14 219//14 220//14
f 227//15 228//15 229//15
f 234//11 235//11 236//11
f 251//6 252//6 253//6
f 254//5 255//5 256//5
f 261//16 262//16 263//16
f 274//3 275//3 276//3
f 283//2 284//2 285//2
f 290//17 291//17 292//17
f 293//11 294//11 295//11
f 298//6 299//6 300//6
f 303//5 304//5 305//5
f 308//10 309//10 310//10
f 311//18 312//18 313//18
f 326//19 327//19 328//19
f 329//20 330//20 331//20
f 336//11 337//11 338//11
f 339//10 340//10 341//10
f 344//21 345//21 346//21
f 347//10 348//10 349//10
f 352//14 353//14 354//14
f 361//11 362//11 363//11
f 370//13 371//13 372//13
f 123//22 124//22 125//22 122//22
f 137//23 134//23 133//23 138//23
f 136//22 139//22 138//22 135//22
f 140//23 144//23 143//23 141//23
f 162//24 155//24 157//24 160//24
f 158//25 161//25 160//25 159//25
f 172//25 174//25 173//25 170//25
f 181//26 175//26 177//26 180//26
f 176//23 179//23 178//23 177//23
f 197//24 198//24 200//24 196//24
f 201//23 204//23 203//23 202//23
f 246//26 243//26 244//26 245//26
f 258//24 259//24 260//24 257//24
f 272//25 274//25 276//25 273//25
f 307//22 303//22 305//22 306//22
f 316//27 311//27 313//27 317//27
f 332//27 329//27 331//27 333//27
f 343//28 344//28 346//28 342//28
f 357//27 352//27 354//27 358//27
f 353//28 355//28 356//28 354//28
f 370//29 374//29 373//29 371//29
f 117//23 114//23 113//23 118//23
f 116//22 119//22 118//22 115//22
f 119//26 147//26 149//26 117//26
f 148//23 146//23 145//23 149//23
f 121//22 116//22 115//22 120//22
f 124//22 121//22 120//22 125//22
f 126//25 128//25 130//25 127//25
f 129//22 123//22 122//22 130//22
f 152//24 129//24 128//24 150//24
f 131//25 151//25 150//25 132//25
f 139//26 142//26 141//26 137//26
f 147//22 136//22 135//22 148//22
f 164//22 152//22 151//22 163//22
f 153//25 157//25 156//25 154//25
f 155//22 164//22 163//22 156//22
f 167//23 166//23 165//23 168//23
f 142//22 169//22 168//22 140//22
f 169//26 181//26 180//26 167//26
f 171//22 162//22 161//22 172//22
f 196//24 171//24 170//24 197//24
f 210//29 182//29 184//29 211//29
f 183//28 185//28 186//28 184//28
f 185//28 189//28 190//28 186//28
f 189//28 192//28 191//28 190//28
f 193//27 188//27 187//27 191//27
f 194//25 199//25 198//25 195//25
f 175//22 205//22 204//22 176//22
f 205//26 230//26 231//26 203//26
f 208//29 215//29 217//29 209//29
f 216//28 212//28 214//28 217//28
f 213//29 207//29 206//29 214//29
f 212//24 183//24 182//24 213//24
f 223//27 218//27 220//27 224//27
f 219//28 234//28 236//28 220//28
f 235//27 222//27 221//27 236//27
f 192//26 219//26 218//26 193//26
f 225//25 227//25 229//25 226//25
f 228//22 200//22 199//22 229//22
f 238//24 228//24 227//24 237//24
f 230//26 241//26 242//26 231//26
f 233//24 216//24 215//24 232//24
f 234//26 246//26 245//26 235//26
f 248//24 238//24 237//24 247//24
f 241//26 239//26 240//26 242//26
f 250//24 233//24 232//24 249//24
f 257//24 248//24 247//24 258//24
f 239//26 268//26 269//26 240//26
f 253//24 250//24 249//24 251//24
f 270//25 252//25 251//25 271//25
f 243//26 254//26 256//26 244//26
f 255//23 282//23 281//23 256//23
f 266//27 261//27 263//27 267//27
f 262//28 293//28 295//28 263//28
f 294//27 265//27 264//27 295//27
f 268//26 262//26 261//26 269//26
f 275//22 253//22 252//22 276//22
f 300//24 275//24 274//24 298//24
f 277//25 299//25 298//25 278//25
f 283//23 280//23 279//23 284//23
f 254//22 285//22 284//22 255//22
f 285//26 305//26 304//26 283//26
f 303//23 302//23 301//23 304//23
f 286//29 308//29 310//29 287//29
f 309//28 290//28 292//28 310//28
f 291//29 289//29 288//29 292//29
f 290//24 260//24 259//24 291//24
f 293//26 318//26 319//26 294//26
f 297//22 300//22 299//22 296//22
f 306//22 297//22 296//22 307//22
f 325//24 309//24 308//24 324//24
f 312//28 336//28 338//28 313//28
f 337//27 315//27 314//27 338//27
f 318//26 312//26 311//26 319//26
f 322//29 347//29 349//29 323//29
f 348//28 326//28 328//28 349//28
f 327//29 321//29 320//29 328//29
f 326//24 325//24 324//24 327//24
f 330//28 334//28 335//28 331//28
f 336//26 330//26 329//26 337//26
f 334//28 361//28 363//28 335//28
f 362//27 360//27 359//27 363//27
f 375//29 339//29 341//29 376//29
f 340//28 343//28 342//28 341//28
f 345//29 351//29 350//29 346//29
f 344//24 348//24 347//24 345//24
f 361//26 353//26 352//26 362//26
f 355//28 364//28 365//28 356//28
f 364//28 366//28 367//28 365//28
f 366//28 368//28 369//28 367//28
f 368//28 372//28 371//28 369//28
f 372//24 340//24 339//24 370//24
f 113//30 1//30 115//30 118//30
f 149//31 145//31 114//31 117//31
f 1//30 2//30 120//30 115//30
f 116//1 10//1 147//1 119//1
f 121//1 7//1 10//1 116//1
f 2//30 3//30 125//30 120//30
f 124//1 11//1 7//1 121//1
f 123//1 13//1 11//1 124//1
f 129//1 152//1 13//1 123//1
f 3//30 4//30 122//30 125//30
f 4//30 127//30 130//30 122//30
f 128//32 126//32 132//32 150//32
f 131//30 14//30 163//30 151//30
f 141//31 143//31 134//31 137//31
f 133//30 5//30 135//30 138//30
f 5//30 146//30 148//30 135//30
f 136//1 17//1 142//1 139//1
f 147//1 6//1 17//1 136//1
f 165//30 144//30 140//30 168//30
f 142//1 24//1 181//1 169//1
f 17//1 18//1 24//1 142//1
f 10//1 9//1 6//1 147//1
f 164//1 15//1 16//1 152//1
f 152//1 16//1 21//1 13//1
f 14//30 154//30 156//30 163//30
f 157//32 153//32 159//32 160//32
f 155//1 162//1 15//1 164//1
f 158//30 174//30 172//30 161//30
f 162//1 36//1 32//1 15//1
f 171//1 196//1 36//1 162//1
f 180//31 23//31 166//31 167//31
f 170//32 173//32 35//32 197//32
f 24//1 25//1 175//1 181//1
f 177//31 178//31 23//31 180//31
f 25//1 47//1 37//1 175//1
f 201//30 179//30 176//30 204//30
f 175//1 37//1 230//1 205//1
f 183//1 212//1 216//1 27//1
f 19//1 183//1 27//1 26//1
f 20//1 185//1 183//1 19//1
f 182//32 210//32 207//32 213//32
f 184//33 186//33 29//33 211//33
f 22//1 189//1 185//1 20//1
f 186//33 190//33 28//33 29//33
f 218//31 223//31 188//31 193//31
f 190//33 191//33 187//33 28//33
f 31//1 192//1 189//1 22//1
f 30//1 234//1 219//1 192//1
f 33//1 30//1 192//1 31//1
f 197//32 35//32 195//32 198//32
f 194//30 226//30 229//30 199//30
f 196//1 200//1 34//1 36//1
f 200//1 42//1 51//1 34//1
f 228//1 238//1 42//1 200//1
f 231//31 44//31 202//31 203//31
f 217//33 214//33 206//33 209//33
f 215//32 208//32 58//32 232//32
f 27//1 216//1 39//1 38//1
f 216//1 233//1 48//1 39//1
f 220//33 236//33 221//33 224//33
f 245//31 49//31 222//31 235//31
f 227//32 225//32 52//32 237//32
f 242//31 43//31 44//31 231//31
f 37//1 45//1 241//1 230//1
f 233//1 250//1 57//1 48//1
f 232//32 58//32 66//32 249//32
f 40//1 41//1 234//1 30//1
f 41//1 62//1 246//1 234//1
f 238//1 248//1 50//1 42//1
f 237//32 52//32 53//32 247//32
f 269//31 64//31 54//31 240//31
f 240//31 54//31 43//31 242//31
f 45//1 56//1 239//1 241//1
f 56//1 71//1 268//1 239//1
f 62//1 59//1 243//1 246//1
f 244//31 67//31 49//31 245//31
f 59//1 74//1 254//1 243//1
f 256//31 281//31 67//31 244//31
f 248//1 257//1 63//1 50//1
f 247//32 53//32 69//32 258//32
f 249//32 66//32 271//32 251//32
f 250//1 253//1 72//1 57//1
f 253//1 73//1 83//1 72//1
f 275//1 300//1 73//1 253//1
f 270//30 273//30 276//30 252//30
f 74//1 77//1 75//1 254//1
f 279//30 282//30 255//30 284//30
f 254//1 75//1 305//1 285//1
f 257//1 260//1 70//1 63//1
f 258//32 69//32 78//32 259//32
f 259//32 78//32 289//32 291//32
f 260//1 290//1 309//1 70//1
f 261//31 266//31 64//31 269//31
f 263//33 295//33 264//33 267//33
f 71//1 293//1 262//1 268//1
f 319//31 79//31 265//31 294//31
f 274//32 272//32 278//32 298//32
f 277//30 85//30 296//30 299//30
f 304//31 301//31 280//31 283//31
f 308//32 286//32 97//32 324//32
f 310//33 292//33 288//33 287//33
f 65//1 81//1 293//1 71//1
f 81//1 80//1 318//1 293//1
f 85//30 88//30 307//30 296//30
f 297//1 87//1 86//1 300//1
f 306//1 91//1 87//1 297//1
f 300//1 86//1 84//1 73//1
f 88//30 302//30 303//30 307//30
f 305//1 94//1 91//1 306//1
f 75//1 95//1 94//1 305//1
f 70//1 309//1 76//1 68//1
f 309//1 325//1 96//1 76//1
f 311//31 316//31 79//31 319//31
f 313//33 338//33 314//33 317//33
f 80//1 336//1 312//1 318//1
f 329//31 332//31 315//31 337//31
f 349//33 328//33 320//33 323//33
f 324//32 97//32 321//32 327//32
f 347//32 322//32 351//32 345//32
f 325//1 326//1 348//1 96//1
f 331//33 335//33 99//33 333//33
f 98//1 334//1 330//1 336//1
f 90//1 361//1 334//1 98//1
f 335//33 363//33 359//33 99//33
f 82//1 98//1 336//1 80//1
f 105//1 343//1 340//1 103//1
f 103//1 340//1 112//1 93//1
f 339//32 375//32 374//32 370//32
f 341//33 342//33 104//33 376//33
f 340//1 372//1 368//1 112//1
f 342//33 346//33 350//33 104//33
f 348//1 344//1 343//1 105//1
f 96//1 348//1 105//1 89//1
f 352//31 357//31 360//31 362//31
f 354//33 356//33 106//33 358//33
f 108//1 355//1 353//1 361//1
f 107//1 364//1 355//1 108//1
f 356//33 365//33 109//33 106//33
f 100//1 108//1 361//1 90//1
f 102//1 366//1 364//1 107//1
f 365//33 367//33 111//33 109//33
f 112//1 368//1 366//1 102//1
f 367//33 369//33 110//33 111//33
f 369//33 371//33 373//33 110//33
o Dough
v -2.300000 -0.530769 0.353846
v 2.215009 0.654615 0.884615
v 2.123077 0.601538 0.884615
v 2.031145 0.654615 0.884615
v 2.031145 0.760769 0.884615
v -1.946154 -0.530769 0.884615
v 2.123077 0.813846 0.884615
v -2.300000 -0.176923 0.176923
v -2.300000 -0.530769 0.176923
v -2.300000 -0.176923 0.353846
v 2.215009 0.760769 0.884615
v -2.300000 -0.176923 0.530769
v -2.300000 -0.530769 0.530769
v -2.300000 -0.176923 0.707692
v -2.300000 -0.530769 0.707692
v 2.215009 0.300769 0.884615
v 2.123077 0.247692 0.884615
v -2.300000 0.176923 0.176923
v -2.300000 0.176923 0.530769
v 2.031145 0.300769 0.884615
v 2.031145 0.406923 0.884615
v -2.300000 0.176923 0.707692
v 2.123077 0.460000 0.884615
v -1.946154 -0.176923 0.884615
v -1.946154 0.176923 0.884615
v -2.300000 0.176923 0.353846
v -2.300000 0.530769 0.176923
v 2.215009 0.406923 0.884615
v -2.300000 0.530769 0.353846
v 2.215009 -0.053077 0.884615
v 2.123077 -0.106154 0.884615
v 2.031145 -0.053077 0.884615
v 2.031145 0.053077 0.884615
v 2.123077 0.106154 0.884615
v 2.215009 0.053077 0.884615
v -2.300000 0.530769 0.707692
v 2.215009 -0.406923 0.884615
v -2.300000 0.530769 0.530769
v 2.123077 -0.460000 0.884615
v 2.031145 -0.406923 0.884615
v -1.946154 0.530769 0.884615
v -1.946154 -1.238462 0.353846
v 2.031145 -0.300769 0.884615
v 2.123077 -0.247692 0.884615
v 2.215009 -0.300769 0.884615
v -1.946154 -1.238462 0.707692
v 2.215009 -0.760769 0.884615
v 2.123077 -0.813846 0.884615
v -1.946154 -1.238462 0.176923
v -1.946154 -1.238462 0.530769
v 2.031145 -0.760769 0.884615
v 2.031145 -0.654615 0.884615
v 2.123077 -0.601539 0.884615
v -1.946154 1.238462 0.530769
v -1.946154 1.238462 0.353846
v 2.215009 -0.654615 0.884615
v 1.861163 1.362308 0.884615
v -1.946154 1.238462 0.707692
v -1.592308 0.884615 0.884615
v -1.592308 1.238462 0.884615
v 1.769231 1.309231 0.884615
v -1.946154 1.238462 0.176923
v 1.677299 1.362308 0.884615
v 1.677299 1.468462 0.884615
v 1.716154 1.507317 0.884615
v 1.822308 1.507317 0.884615
v 1.861163 1.468462 0.884615
v 1.861163 1.008461 0.884615
v 1.769231 0.955385 0.884615
v 1.677299 1.008461 0.884615
v -1.238462 -1.946154 0.176923
v 1.677299 1.114615 0.884615
v -1.238462 -1.946154 0.353846
v -1.238462 -1.946154 0.530769
v 1.769231 1.167692 0.884615
v -1.238462 -1.946154 0.707692
v 1.861163 1.114615 0.884615
v 1.861163 -1.114615 0.884615
v -1.238462 -1.592308 0.884615
v 1.769231 -1.167692 0.884615
v -1.238462 1.946154 0.353846
v 1.677299 -1.114615 0.884615
v 1.677299 -1.008461 0.884615
v 1.769231 -0.955385 0.884615
v 1.861163 -1.008461 0.884615
v 1.861163 -1.468462 0.884615
v 1.822308 -1.507317 0.884615
v -1.238462 1.592308 0.884615
v 1.716154 -1.507317 0.884615
v 1.677299 -1.468462 0.884615
v 1.677299 -1.362308 0.884615
v 1.769231 -1.309231 0.884615
v -0.884615 -0.176923 0.353846
v 1.861163 -1.362308 0.884615
v 1.507317 1.716154 0.884615
v 1.468462 1.677299 0.884615
v -0.884615 -0.176923 0.707692
v -0.884615 -0.176923 0.176923
v -0.884615 0.176923 0.176923
v -0.884615 0.176923 0.353846
v 1.362308 1.677299 0.884615
v -0.884615 -0.176923 0.530769
v 1.309231 1.769231 0.884615
v 1.362308 1.861163 0.884615
v -0.884615 0.176923 0.884615
v -0.884615 -0.176923 0.884615
v 1.468462 1.861163 0.884615
v -0.884615 0.176923 0.530769
v 1.507317 1.822308 0.884615
v -0.884615 0.176923 0.707692
v -1.238462 1.946154 0.176923
v 1.114615 1.677299 0.884615
v -1.238462 1.946154 0.530769
v 1.008461 1.677299 0.884615
v -1.238462 1.946154 0.707692
v 0.955385 1.769231 0.884615
v -0.884615 1.592308 0.884615
v 1.008461 1.861163 0.884615
v 1.114615 1.861163 0.884615
v -0.884615 -2.300000 0.353846
v -0.884615 -2.300000 0.530769
v 1.167692 1.769231 0.884615
v 1.114615 -1.861163 0.884615
v -0.884615 -1.946154 0.884615
v 1.008461 -1.861163 0.884615
v 0.955385 -1.769231 0.884615
v 1.008461 -1.677299 0.884615
v 1.114615 -1.677299 0.884615
v 1.167692 -1.769231 0.884615
v -0.884615 -0.884615 0.884615
v 0.760769 2.031145 0.884615
v 0.654615 2.031145 0.884615
v 0.601538 2.123077 0.884616
v 0.654615 2.215009 0.884616
v 0.760769 2.215009 0.884616
v 0.813846 2.123077 0.884616
v 0.799624 0.654615 0.884615
v 0.707692 0.601538 0.884615
v -0.884615 0.884615 0.884615
v 0.654615 0.615760 0.884615
v 0.615760 0.654615 0.884615
v -0.530769 2.300000 0.353846
v 0.601538 0.707692 0.884615
v 0.654615 0.799624 0.884615
v 0.707692 0.813846 0.884615
v 0.813846 0.707692 0.884615
v 0.707692 -0.813846 0.884615
v 0.654615 -0.799624 0.884615
v -0.530769 1.946154 0.884615
v 0.601538 -0.707692 0.884615
v -0.176923 -2.300000 0.353846
v -0.176923 -2.300000 0.530769
v 0.615760 -0.654615 0.884615
v 0.654615 -0.615760 0.884615
v -0.176923 -2.300000 0.707692
v 0.707692 -0.601539 0.884615
v -0.176923 -1.946154 0.884615
v -0.530769 -1.946154 0.884615
v -0.176923 -0.884615 0.353846
v -0.176923 -0.884615 0.176923
v 0.799624 -0.654615 0.884615
v -0.176923 -0.884615 0.530769
v 0.813846 -0.707692 0.884615
v 0.760769 -2.215009 0.884615
v 0.654615 -2.215009 0.884615
v 0.601538 -2.123077 0.884615
v -0.176923 0.884615 0.707692
v 0.654615 -2.031145 0.884615
v -0.530769 2.300000 0.176923
v 0.760769 -2.031145 0.884615
v -0.176923 2.300000 0.176923
v -0.176923 2.300000 0.530769
v -0.530769 2.300000 0.530769
v 0.813846 -2.123077 0.884615
v -0.530769 2.300000 0.707692
v 0.760769 -2.568855 0.707692
v 0.654615 -2.568855 0.707692
v 0.176923 -2.300000 0.176923
v 0.176923 -2.300000 0.353846
v -0.176923 -2.300000 0.176923
v 0.601538 -2.476923 0.707692
v 0.654615 -2.384991 0.707692
v 0.760769 -2.384991 0.707692
v 0.813846 -2.476923 0.707692
v 0.799624 -2.883846 0.707692
v -0.176923 -0.884615 0.707692
v -0.176923 -0.884615 0.884615
v 0.176923 -0.884615 0.707692
v 0.176923 0.884615 0.353846
v -0.176923 0.884615 0.353846
v -0.176923 0.884615 0.176923
v 0.654615 -2.922701 0.707692
v 0.615760 -2.883846 0.707692
v 0.176923 0.884615 0.530769
v -0.176923 0.884615 0.530769
v -0.176923 0.884615 0.884615
v 0.654615 -2.738837 0.707692
v 0.760769 -2.738837 0.707692
v -0.176923 2.300000 0.353846
v 0.176923 2.300000 0.353846
v -0.176923 2.300000 0.707692
v 0.176923 2.300000 0.530769
v 0.799624 -3.237692 0.707692
v -0.176923 1.946154 0.884615
v 0.654615 -3.276547 0.707692
v 0.615760 -3.237692 0.707692
v 0.615760 -3.131539 0.707692
v 0.176923 -2.300000 0.530769
v 0.654615 -3.092684 0.707692
v 0.176923 -2.300000 0.707692
v 0.176923 -1.946154 0.884615
v 0.176923 -0.884615 0.176923
v 0.176923 -0.884615 0.353846
v 0.799624 -3.131539 0.707692
v 0.176923 -0.884615 0.530769
v 0.176923 -0.884615 0.884615
v 0.406923 2.031145 0.884615
v 0.176923 0.884615 0.176923
v 0.300769 2.031145 0.884615
v 0.247692 2.123077 0.884616
v 0.300769 2.215009 0.884616
v 0.176923 0.884615 0.884615
v 0.176923 0.884615 0.707692
v 0.176923 2.300000 0.176923
v 0.406923 2.215009 0.884616
v 0.530769 2.300000 0.530769
v 0.176923 2.300000 0.707692
v 0.460000 2.123077 0.884616
v 0.406923 -2.215009 0.884615
v 0.530769 2.300000 0.707692
v 0.176923 1.946154 0.884615
v 0.530769 1.946154 0.884615
v 0.300769 -2.215009 0.884615
v 0.247692 -2.123077 0.884615
v 0.300769 -2.031145 0.884615
v 0.406923 -2.031145 0.884615
v 0.460000 -2.123077 0.884615
v 0.530769 -1.946154 0.884615
v 0.053077 2.031145 0.884615
v -0.053077 2.031145 0.884615
v -0.106154 2.123077 0.884616
v -0.053077 2.215009 0.884616
v 0.053077 2.215009 0.884616
v 0.106154 2.123077 0.884616
v 0.884615 -0.884615 0.884615
v -0.300769 2.031145 0.884615
v -0.406923 2.031145 0.884615
v -0.460000 2.123077 0.884616
v -0.406923 2.215009 0.884616
v -0.300769 2.215009 0.884616
v -0.247692 2.123077 0.884616
v 0.884615 0.884615 0.884615
v -0.300769 -2.215009 0.884615
v 0.530769 2.300000 0.176923
v 0.530769 2.300000 0.353846
v -0.406923 -2.215009 0.884615
v -0.460000 -2.123077 0.884615
v -0.406923 -2.031145 0.884615
v -0.300769 -2.031145 0.884615
v -0.247692 -2.123077 0.884615
v -0.654615 2.031145 0.884615
v 1.238462 -1.946154 0.353846
v 1.238462 -1.946154 0.530769
v -0.760769 2.031145 0.884615
v -0.813846 2.123077 0.884616
v 1.238462 -1.946154 0.707692
v 1.238462 -1.592308 0.884615
v 0.884615 -1.592308 0.884615
v -0.760769 2.215009 0.884616
v -0.654615 2.215009 0.884616
v -0.601538 2.123077 0.884616
v -0.615760 0.654615 0.884615
v 0.884615 -0.176923 0.884615
v 0.884615 -0.176923 0.707692
v 0.884615 -0.176923 0.353846
v -0.654615 0.615760 0.884615
v 0.884615 -0.176923 0.176923
v 0.884615 -0.176923 0.530769
v -0.707692 0.601538 0.884615
v -0.799624 0.654615 0.884615
v -0.813846 0.707692 0.884615
v 0.884615 0.176923 0.884615
v 0.884615 0.176923 0.353846
v 0.884615 0.176923 0.176923
v 0.884615 0.176923 0.530769
v -0.707692 0.813846 0.884615
v -0.654615 0.799624 0.884615
v -0.601538 0.707692 0.884615
v 0.884615 0.176923 0.707692
v -0.654615 -0.799624 0.884615
v -0.707692 -0.813846 0.884615
v 1.238462 1.946154 0.353846
v 1.238462 1.946154 0.707692
v 1.238462 1.946154 0.530769
v 0.884615 1.592308 0.884615
v 1.238462 1.592308 0.884615
v -0.813846 -0.707692 0.884615
v -0.799624 -0.654615 0.884615
v 1.238462 -1.946154 0.176923
v -0.707692 -0.601539 0.884615
v -0.654615 -0.615760 0.884615
v -0.615760 -0.654615 0.884615
v -0.601538 -0.707692 0.884615
v -0.654615 -2.215009 0.884615
v 1.238462 1.946154 0.176923
v -0.760769 -2.215009 0.884615
v -0.813846 -2.123077 0.884615
v -0.760769 -2.031145 0.884615
v -0.654615 -2.031145 0.884615
v -0.601538 -2.123077 0.884615
v -0.654615 -2.568855 0.707692
v -0.760769 -2.568855 0.707692
v 1.946154 -1.238462 0.176923
v -0.813846 -2.476923 0.707692
v 1.946154 -1.238462 0.530769
v -0.760769 -2.384991 0.707692
v -0.654615 -2.384991 0.707692
v -0.601538 -2.476923 0.707692
v -0.615760 -2.883846 0.707692
v -0.654615 -2.922701 0.707692
v -0.799624 -2.883846 0.707692
v 1.946154 -1.238462 0.353846
v -0.760769 -2.738837 0.707692
v 1.946154 -1.238462 0.707692
v -0.654615 -2.738837 0.707692
v 1.592308 -1.238462 0.884615
v 1.592308 -0.884615 0.884615
v 1.946154 1.238462 0.176923
v -0.615760 -3.237692 0.707692
v 1.946154 1.238462 0.530769
v -0.654615 -3.276547 0.707692
v 1.946154 1.238462 0.707692
v 1.592308 0.884615 0.884615
v 1.592308 1.238462 0.884615
v -0.799624 -3.237692 0.707692
v 1.946154 1.238462 0.353846
v -0.799624 -3.131539 0.707692
v -0.654615 -3.092684 0.707692
v -0.615760 -3.131539 0.707692
v -1.008461 1.677299 0.884615
v -1.114615 1.677299 0.884615
v -1.167692 1.769231 0.884615
v -1.114615 1.861163 0.884615
v 2.300000 -0.530769 0.530769
v -1.008461 1.861163 0.884615
v -0.955385 1.769231 0.884615
v -1.362308 1.677299 0.884615
v 2.300000 -0.530769 0.707692
v -1.468462 1.677299 0.884615
v -1.507317 1.716154 0.884615
v 1.946154 -0.530769 0.884615
v 2.300000 -0.530769 0.176923
v 2.300000 -0.176923 0.176923
v -1.507317 1.822308 0.884615
v 2.300000 -0.530769 0.353846
v -1.468462 1.861163 0.884615
v -1.362308 1.861163 0.884615
v -1.309231 1.769231 0.884615
v -1.362308 -1.861163 0.884615
v 1.946154 -0.176923 0.884615
v -1.468462 -1.861163 0.884615
v 2.300000 -0.176923 0.353846
v -1.507317 -1.822308 0.884615
v 2.300000 -0.176923 0.530769
v 2.300000 0.176923 0.707692
v 2.300000 -0.176923 0.707692
v -1.507317 -1.716154 0.884615
v -1.468462 -1.677299 0.884615
v 1.946154 0.176923 0.884615
v 2.300000 0.176923 0.176923
v -1.362308 -1.677299 0.884615
v 2.300000 0.176923 0.353846
v -1.309231 -1.769231 0.884615
v 2.300000 0.176923 0.530769
v -1.677299 1.362308 0.884615
v -1.769231 1.309231 0.884615
v -1.861163 1.362308 0.884615
v 2.300000 0.530769 0.176923
v 2.300000 0.530769 0.353846
v -1.861163 1.468462 0.884615
v -1.822308 1.507317 0.884615
v 2.300000 0.530769 0.530769
v -1.716154 1.507317 0.884615
v -1.677299 1.468462 0.884615
v -1.677299 1.008461 0.884615
v 2.300000 0.530769 0.707692
v -1.769231 0.955385 0.884615
v 1.946154 0.530769 0.884615
v -1.861163 1.008461 0.884615
v -0.884615 -3.361539 0.353846
v -1.861163 1.114615 0.884615
v -1.769231 1.167692 0.884615
v -0.530769 -3.361539 0.353846
v -0.530769 -3.361539 0.530769
v -0.884615 -3.361539 0.530769
v -1.677299 1.114615 0.884615
v -2.031145 0.654615 0.884615
v -2.123077 0.601538 0.884615
v -2.215009 0.654615 0.884615
v -0.884615 -2.653846 0.353846
v -2.215009 0.760769 0.884615
v -0.530769 -3.007692 0.353846
v -0.530769 -2.653846 0.530769
v -0.530769 -3.007692 0.530769
v -0.884615 -3.007692 0.530769
v -0.884615 -2.653846 0.530769
v -0.884615 -3.007692 0.353846
v -2.123077 0.813846 0.884615
v -2.031145 0.760769 0.884615
v -2.031145 0.300769 0.884615
v -2.123077 0.247692 0.884615
v -2.215009 0.300769 0.884615
v -0.530769 -2.653846 0.353846
v -2.215009 0.406923 0.884615
v -2.123077 0.460000 0.884615
v -2.031145 0.406923 0.884615
v -2.031145 -0.053077 0.884615
v -2.123077 -0.106154 0.884615
v -2.215009 -0.053077 0.884615
v -2.215009 0.053077 0.884615
v 0.884615 -3.361539 0.353846
v 0.884615 -3.361539 0.530769
v -2.123077 0.106154 0.884615
v 0.530769 -3.007692 0.353846
v 0.530769 -3.361539 0.353846
v 0.530769 -3.007692 0.530769
v 0.530769 -3.361539 0.530769
v -2.031145 0.053077 0.884615
v -2.031145 -0.406923 0.884615
v -2.123077 -0.460000 0.884615
v 0.884615 -3.007692 0.353846
v -2.215009 -0.406923 0.884615
v 0.884615 -3.007692 0.530769
v 0.530769 -2.653846 0.530769
v 0.530769 -2.653846 0.353846
v -2.215009 -0.300769 0.884615
v -2.123077 -0.247692 0.884615
v -2.031145 -0.300769 0.884615
v 0.884615 -2.300000 0.353846
v 0.884615 -2.653846 0.353846
v -2.031145 -0.760769 0.884615
v -2.123077 -0.813846 0.884615
v 0.884615 -2.300000 0.530769
v 0.884615 -2.653846 0.530769
v -2.215009 -0.760769 0.884615
v -2.215009 -0.654615 0.884615
v -2.123077 -0.601539 0.884615
v -2.031145 -0.654615 0.884615
v -2.282308 -0.884615 0.353846
v -2.300000 -0.866923 0.353846
v -2.282308 -0.884615 0.176923
v -2.300000 -0.866923 0.176923
v -1.946154 -0.902308 0.176923
v -1.963846 -0.884615 0.176923
v -1.946154 -0.902308 0.353846
v -1.963846 -0.884615 0.353846
v 2.199146 0.663774 0.948308
v 2.215009 0.654615 0.930615
v 2.188664 0.628271 0.930615
v 2.166996 0.631623 0.948308
v 2.159065 0.611181 0.930615
v -2.282308 -0.884615 0.530769
v -2.300000 -0.866923 0.530769
v 2.188664 0.628271 0.884615
v 2.159065 0.611181 0.884615
v 2.123077 0.619855 0.948308
v 2.123077 0.601538 0.930615
v 2.087090 0.611181 0.930615
v 2.079158 0.631623 0.948308
v 2.057490 0.628271 0.930615
v 2.087090 0.611181 0.884615
v 2.057490 0.628271 0.884615
v -1.946154 -0.902308 0.530769
v -1.963846 -0.884615 0.530769
v 2.047008 0.663774 0.948308
v 2.031145 0.654615 0.930615
v 2.021502 0.690603 0.930615
v 2.035239 0.707692 0.948308
v 2.021502 0.724782 0.930615
v 2.021502 0.690603 0.884615
v 2.021502 0.724782 0.884615
v -2.282308 -0.530769 0.884615
v -2.300000 -0.530769 0.866923
v 2.047008 0.751611 0.948308
v 2.031145 0.760769 0.930615
v -2.282308 -0.884615 0.707692
v -2.300000 -0.866923 0.707692
v -1.963846 -0.884615 0.707692
v -1.946154 -0.902308 0.707692
v -1.946154 -0.884615 0.725385
v -2.282308 -0.884615 0.866923
v -2.282308 -0.866923 0.884615
v -2.300000 -0.866923 0.866923
v 2.057490 0.787114 0.930615
v 2.079158 0.783762 0.948308
v 2.087090 0.804203 0.930615
v 2.057490 0.787114 0.884615
v 2.087090 0.804203 0.884615
v -1.946154 -0.866923 0.884615
v -1.946154 -0.884615 0.866923
v 2.123077 0.795530 0.948308
v 2.123077 0.813846 0.930615
v 2.159065 0.804203 0.930615
v 2.166996 0.783762 0.948308
v 2.188664 0.787114 0.930615
v 2.159065 0.804203 0.884615
v 2.188664 0.787114 0.884615
v 2.199146 0.751611 0.948308
v 2.215009 0.760769 0.930615
v 2.224652 0.690603 0.930615
v 2.224652 0.724782 0.930615
v 2.210914 0.707692 0.948308
v 2.224652 0.724782 0.884615
v 2.224652 0.690603 0.884615
v 2.199146 0.309927 0.948308
v 2.215009 0.300769 0.930615
v -2.282308 -0.176923 0.884615
v -2.300000 -0.176923 0.866923
v 2.188664 0.274425 0.930615
v 2.166996 0.277777 0.948308
v 2.159065 0.257335 0.930615
v 2.188664 0.274425 0.884615
v 2.159065 0.257335 0.884615
v 2.123077 0.266009 0.948308
v 2.123077 0.247692 0.930615
v 2.087090 0.257335 0.930615
v 2.079158 0.277777 0.948308
v 2.057490 0.274425 0.930615
v 2.087090 0.257335 0.884615
v 2.057490 0.274425 0.884615
v 2.047008 0.309927 0.948308
v 2.031145 0.300769 0.930615
v 2.021502 0.336757 0.930615
v 2.035239 0.353846 0.948308
v 2.021502 0.370936 0.930615
v 2.021502 0.336757 0.884615
v 2.021502 0.370936 0.884615
v 2.047008 0.397765 0.948308
v 2.031145 0.406923 0.930615
v 2.057490 0.433268 0.930615
v 2.079158 0.429916 0.948308
v 2.087090 0.450357 0.930615
v 2.057490 0.433268 0.884615
v 2.087090 0.450357 0.884615
v 2.123077 0.441684 0.948308
v 2.123077 0.460000 0.930615
v 2.159065 0.450357 0.930615
v 2.166996 0.429916 0.948308
v 2.188664 0.433268 0.930615
v 2.159065 0.450357 0.884615
v 2.188664 0.433268 0.884615
v 2.199146 0.397765 0.948308
v 2.215009 0.406923 0.930615
v 2.224652 0.336757 0.930615
v 2.224652 0.370936 0.930615
v 2.210914 0.353846 0.948308
v 2.224652 0.370936 0.884615
v 2.224652 0.336757 0.884615
v 2.199146 -0.043919 0.948308
v 2.215009 -0.053077 0.930615
v 2.188664 -0.079422 0.930615
v 2.166996 -0.076070 0.948308
v 2.159065 -0.096511 0.930615
v 2.188664 -0.079422 0.884615
v 2.159065 -0.096511 0.884615
v 2.123077 -0.087837 0.948308
v 2.123077 -0.106154 0.930615
v 2.087090 -0.096511 0.930615
v 2.079158 -0.076070 0.948308
v 2.057490 -0.079422 0.930615
v 2.087090 -0.096511 0.884615
v 2.057490 -0.079422 0.884615
v 2.047008 -0.043919 0.948308
v 2.031145 -0.053077 0.930615
v -2.282308 0.176923 0.884615
v -2.300000 0.176923 0.866923
v 2.021502 -0.017089 0.930615
v 2.035239 -0.000000 0.948308
v 2.021502 0.017089 0.930615
v 2.021502 -0.017089 0.884615
v 2.021502 0.017089 0.884615
v 2.047008 0.043919 0.948308
v 2.031145 0.053077 0.930615
v -2.300000 0.866923 0.353846
v -2.282308 0.884615 0.353846
v -2.300000 0.866923 0.176923
v -2.282308 0.884615 0.176923
v 2.057490 0.079422 0.930615
v 2.079158 0.076069 0.948308
v 2.087090 0.096511 0.930615
v 2.057490 0.079422 0.884615
v 2.087090 0.096511 0.884615
v 2.123077 0.087837 0.948308
v 2.123077 0.106154 0.930615
v 2.159065 0.096511 0.930615
v 2.166996 0.076069 0.948308
v 2.188664 0.079422 0.930615
v 2.159065 0.096511 0.884615
v 2.188664 0.079422 0.884615
v 2.199146 0.043919 0.948308
v 2.215009 0.053077 0.930615
v 2.224652 -0.017089 0.930615
v 2.224652 0.017089 0.930615
v 2.210914 -0.000000 0.948308
v -2.300000 0.866923 0.530769
v -2.282308 0.884615 0.530769
v 2.224652 0.017089 0.884615
v 2.224652 -0.017089 0.884615
v -1.963846 0.884615 0.353846
v -1.946154 0.902308 0.353846
v 2.199146 -0.397765 0.948308
v 2.215009 -0.406923 0.930615
v 2.188664 -0.433268 0.930615
v 2.166996 -0.429916 0.948308
v 2.159065 -0.450357 0.930615
v -2.300000 0.866923 0.707692
v -2.282308 0.884615 0.707692
v 2.188664 -0.433268 0.884615
v 2.159065 -0.450357 0.884615
v 2.123077 -0.441684 0.948308
v 2.123077 -0.460000 0.930615
v -2.282308 0.530769 0.884615
v -2.300000 0.530769 0.866923
v 2.087090 -0.450357 0.930615
v 2.079158 -0.429916 0.948308
v 2.057490 -0.433268 0.930615
v 2.087090 -0.450357 0.884615
v 2.057490 -0.433268 0.884615
v 2.047008 -0.397765 0.948308
v 2.031145 -0.406923 0.930615
v -2.282308 0.884615 0.866923
v -2.300000 0.866923 0.866923
v -2.282308 0.866923 0.884615
v -1.946154 0.902308 0.866923
v -1.963846 0.884615 0.866923
v -1.928462 0.866923 0.884615
v -1.946154 0.902308 0.707692
v -1.963846 0.884615 0.707692
v 2.021502 -0.370936 0.930615
v 2.035239 -0.353846 0.948308
v 2.021502 -0.336757 0.930615
v 2.021502 -0.370936 0.884615
v 2.021502 -0.336757 0.884615
v 2.047008 -0.309927 0.948308
v 2.031145 -0.300769 0.930615
v -1.928462 -1.592308 0.176923
v -1.946154 -1.574615 0.176923
v 2.057490 -0.274425 0.930615
v 2.079158 -0.277777 0.948308
v 2.087090 -0.257335 0.930615
v 2.057490 -0.274425 0.884615
v 2.087090 -0.257335 0.884615
v -1.928462 -1.592308 0.353846
v -1.946154 -1.574615 0.353846
v 2.123077 -0.266009 0.948308
v 2.123077 -0.247692 0.930615
v -1.928462 -1.592308 0.530769
v -1.946154 -1.574615 0.530769
v 2.159065 -0.257335 0.930615
v 2.166996 -0.277777 0.948308
v 2.188664 -0.274425 0.930615
v 2.159065 -0.257335 0.884615
v 2.188664 -0.274425 0.884615
v 2.199146 -0.309927 0.948308
v 2.215009 -0.300769 0.930615
v 2.224652 -0.370936 0.930615
v 2.224652 -0.336757 0.930615
v 2.210914 -0.353846 0.948308
v 2.224652 -0.336757 0.884615
v 2.224652 -0.370936 0.884615
v -1.946154 -1.574615 0.707692
v -1.928462 -1.592308 0.707692
v 2.199146 -0.751611 0.948308
v 2.215009 -0.760769 0.930615
v 2.188664 -0.787114 0.930615
v 2.166996 -0.783762 0.948308
v 2.159065 -0.804203 0.930615
v 2.188664 -0.787114 0.884615
v 2.159065 -0.804203 0.884615
v 2.123077 -0.795530 0.948308
v 2.123077 -0.813846 0.930615
v 2.087090 -0.804203 0.930615
v 2.079158 -0.783762 0.948308
v 2.057490 -0.787114 0.930615
v 2.087090 -0.804203 0.884615
v 2.057490 -0.787114 0.884615
v 2.047008 -0.751611 0.948308
v 2.031145 -0.760769 0.930615
v 2.021502 -0.724782 0.930615
v 2.035239 -0.707692 0.948308
v 2.021502 -0.690603 0.930615
v 2.021502 -0.724782 0.884615
v 2.021502 -0.690603 0.884615
v 2.047008 -0.663774 0.948308
v 2.031145 -0.654615 0.930615
v 2.057490 -0.628271 0.930615
v 2.079158 -0.631623 0.948308
v 2.087090 -0.611181 0.930615
v 2.057490 -0.628271 0.884615
v 2.087090 -0.611181 0.884615
v 2.123077 -0.619855 0.948308
v 2.123077 -0.601539 0.930615
v 2.159065 -0.611181 0.930615
v 2.166996 -0.631623 0.948308
v 2.188664 -0.628271 0.930615
v -1.963846 0.884615 0.176923
v -1.946154 0.902308 0.176923
v -1.963846 0.884615 0.530769
v -1.946154 0.902308 0.530769
v 2.159065 -0.611181 0.884615
v 2.188664 -0.628271 0.884615
v 2.199146 -0.663774 0.948308
v 2.215009 -0.654615 0.930615
v 2.224652 -0.724782 0.930615
v 2.224652 -0.690603 0.930615
v 2.210914 -0.707692 0.948308
v 2.224652 -0.690603 0.884615
v 2.224652 -0.724782 0.884615
v 1.845300 1.371466 0.948308
v 1.861163 1.362308 0.930615
v 1.834818 1.335963 0.930615
v 1.813149 1.339315 0.948308
v 1.805218 1.318874 0.930615
v 1.834818 1.335963 0.884615
v 1.805218 1.318874 0.884615
v 1.769231 1.327547 0.948308
v 1.769231 1.309231 0.930615
v 1.733243 1.318874 0.930615
v 1.725312 1.339315 0.948308
v 1.703643 1.335963 0.930615
v -1.946154 1.574615 0.176923
v -1.928462 1.592308 0.176923
v 1.733243 1.318874 0.884615
v 1.703643 1.335963 0.884615
v -1.946154 1.574615 0.353846
v -1.928462 1.592308 0.353846
v 1.693161 1.371466 0.948308
v 1.677299 1.362308 0.930615
v -1.610000 1.592308 0.176923
v -1.592308 1.610000 0.176923
v -1.946154 1.574615 0.530769
v -1.928462 1.592308 0.530769
v 1.667656 1.398295 0.930615
v 1.681393 1.415385 0.948308
v 1.667656 1.432474 0.930615
v 1.667656 1.398295 0.884615
v 1.667656 1.432474 0.884615
v 1.693161 1.459303 0.948308
v 1.677299 1.468462 0.930615
v 1.725312 1.491454 0.948308
v 1.716154 1.507317 0.930615
v 1.752141 1.516959 0.930615
v 1.769231 1.503222 0.948308
v 1.786320 1.516959 0.930615
v -1.946154 1.574615 0.707692
v -1.928462 1.592308 0.707692
v 1.752141 1.516959 0.884615
v 1.786320 1.516959 0.884615
v 1.813149 1.491454 0.948308
v 1.822308 1.507317 0.930615
v 1.845300 1.459303 0.948308
v 1.861163 1.468462 0.930615
v 1.857068 1.415385 0.948308
v 1.870806 1.398295 0.930615
v 1.870806 1.432474 0.930615
v -1.946154 1.238462 0.866923
v -1.928462 1.238462 0.884615
v -1.928462 1.574615 0.884615
v -1.928462 1.592308 0.866923
v -1.946154 1.574615 0.866923
v 1.870806 1.432474 0.884615
v 1.870806 1.398295 0.884615
v 1.845300 1.017620 0.948308
v 1.861163 1.008461 0.930615
v 1.834818 0.982117 0.930615
v 1.813149 0.985469 0.948308
v 1.805218 0.965027 0.930615
v 1.834818 0.982117 0.884615
v 1.805218 0.965027 0.884615
v -1.610000 1.592308 0.707692
v -1.592308 1.610000 0.707692
v 1.769231 0.973701 0.948308
v 1.769231 0.955385 0.930615
v 1.733243 0.965027 0.930615
v 1.725312 0.985469 0.948308
v 1.703643 0.982117 0.930615
v 1.733243 0.965027 0.884615
v 1.703643 0.982117 0.884615
v 1.693161 1.017620 0.948308
v 1.677299 1.008461 0.930615
v -1.592308 -1.610000 0.353846
v -1.610000 -1.592308 0.353846
v -1.592308 -1.610000 0.176923
v -1.610000 -1.592308 0.176923
v 1.667656 1.044449 0.930615
v 1.681393 1.061538 0.948308
v 1.667656 1.078628 0.930615
v 1.667656 1.044449 0.884615
v 1.667656 1.078628 0.884615
v -1.574615 -1.946154 0.176923
v -1.592308 -1.928462 0.176923
v 1.693161 1.105457 0.948308
v 1.677299 1.114615 0.930615
v 1.703643 1.140960 0.930615
v 1.725312 1.137608 0.948308
v 1.733243 1.158049 0.930615
v -1.574615 -1.946154 0.353846
v -1.592308 -1.928462 0.353846
v -1.574615 -1.946154 0.530769
v -1.592308 -1.928462 0.530769
v 1.703643 1.140960 0.884615
v 1.733243 1.158049 0.884615
v 1.769231 1.149376 0.948308
v 1.769231 1.167692 0.930615
v -1.610000 -1.592308 0.707692
v -1.592308 -1.610000 0.707692
v -1.592308 -1.592308 0.725385
v -1.610000 -1.592308 0.530769
v -1.592308 -1.610000 0.530769
v 1.805218 1.158049 0.930615
v 1.813149 1.137608 0.948308
v 1.834818 1.140960 0.930615
v -1.574615 -1.946154 0.707692
v -1.592308 -1.928462 0.707692
v 1.805218 1.158049 0.884615
v 1.834818 1.140960 0.884615
v 1.845300 1.105457 0.948308
v 1.861163 1.114615 0.930615
v 1.870806 1.044449 0.930615
v 1.870806 1.078628 0.930615
v 1.857068 1.061538 0.948308
v 1.870806 1.078628 0.884615
v 1.870806 1.044449 0.884615
v 1.845300 -1.105457 0.948308
v 1.861163 -1.114615 0.930615
v -1.238462 -1.928462 0.884615
v -1.238462 -1.946154 0.866923
v -1.574615 -1.928462 0.884615
v -1.592308 -1.928462 0.866923
v -1.574615 -1.946154 0.866923
v 1.834818 -1.140960 0.930615
v 1.813149 -1.137608 0.948308
v 1.805218 -1.158049 0.930615
v 1.834818 -1.140960 0.884615
v 1.805218 -1.158049 0.884615
v -1.592308 -1.592308 0.866923
v -1.574615 -1.592308 0.884615
v -1.610000 1.592308 0.353846
v -1.592308 1.610000 0.353846
v 1.769231 -1.149376 0.948308
v 1.769231 -1.167692 0.930615
v -1.592308 1.928462 0.176923
v -1.574615 1.946154 0.176923
v 1.733243 -1.158049 0.930615
v 1.725312 -1.137608 0.948308
v 1.703643 -1.140960 0.930615
v 1.733243 -1.158049 0.884615
v 1.703643 -1.140960 0.884615
v 1.693161 -1.105457 0.948308
v 1.677299 -1.114615 0.930615
v 1.667656 -1.078628 0.930615
v 1.681393 -1.061538 0.948308
v 1.667656 -1.044449 0.930615
v 1.667656 -1.078628 0.884615
v 1.667656 -1.044449 0.884615
v 1.693161 -1.017620 0.948308
v 1.677299 -1.008461 0.930615
v -1.592308 1.928462 0.353846
v -1.574615 1.946154 0.353846
v 1.703643 -0.982117 0.930615
v 1.725312 -0.985469 0.948308
v 1.733243 -0.965028 0.930615
v 1.703643 -0.982117 0.884615
v 1.733243 -0.965028 0.884615
v 1.769231 -0.973701 0.948308
v 1.769231 -0.955385 0.930615
v -1.592308 1.928462 0.707692
v -1.574615 1.946154 0.707692
v -1.610000 1.592308 0.530769
v -1.592308 1.610000 0.530769
v -1.592308 1.928462 0.530769
v -1.574615 1.946154 0.530769
v 1.805218 -0.965028 0.930615
v 1.813149 -0.985469 0.948308
v 1.834818 -0.982117 0.930615
v 1.805218 -0.965028 0.884615
v 1.834818 -0.982117 0.884615
v 1.845300 -1.017620 0.948308
v 1.861163 -1.008461 0.930615
v 1.870806 -1.078628 0.930615
v 1.870806 -1.044449 0.930615
v 1.857068 -1.061538 0.948308
v 1.870806 -1.044449 0.884615
v 1.870806 -1.078628 0.884615
v 1.845300 -1.459303 0.948308
v 1.861163 -1.468462 0.930615
v 1.813149 -1.491454 0.948308
v 1.822308 -1.507317 0.930615
v -1.238462 1.928462 0.884615
v -1.238462 1.946154 0.866923
v -1.592308 1.610000 0.866923
v -1.610000 1.592308 0.866923
v -1.574615 1.574615 0.884615
v 1.786320 -1.516959 0.930615
v 1.769231 -1.503222 0.948308
v 1.752141 -1.516959 0.930615
v -1.574615 1.928462 0.884615
v -1.574615 1.946154 0.866923
v -1.592308 1.928462 0.866923
v 1.786320 -1.516959 0.884615
v 1.752141 -1.516959 0.884615
v -0.884615 -1.963846 0.353846
v -0.902308 -1.946154 0.353846
v 1.725312 -1.491454 0.948308
v 1.716154 -1.507317 0.930615
v 1.693161 -1.459303 0.948308
v 1.677299 -1.468462 0.930615
v 1.667656 -1.432474 0.930615
v 1.681393 -1.415385 0.948308
v 1.667656 -1.398295 0.930615
v 1.667656 -1.432474 0.884615
v 1.667656 -1.398295 0.884615
v 1.693161 -1.371466 0.948308
v 1.677299 -1.362308 0.930615
v 1.703643 -1.335963 0.930615
v 1.725312 -1.339315 0.948308
v 1.733243 -1.318874 0.930615
v 1.703643 -1.335963 0.884615
v 1.733243 -1.318874 0.884615
v 1.769231 -1.327547 0.948308
v 1.769231 -1.309231 0.930615
v 1.805218 -1.318874 0.930615
v 1.813149 -1.339315 0.948308
v 1.834818 -1.335963 0.930615
v 1.805218 -1.318874 0.884615
v 1.834818 -1.335963 0.884615
v 1.845300 -1.371466 0.948308
v 1.861163 -1.362308 0.930615
v 1.870806 -1.432474 0.930615
v 1.870806 -1.398295 0.930615
v 1.857068 -1.415385 0.948308
v 1.870806 -1.398295 0.884615
v 1.870806 -1.432474 0.884615
v 1.491454 1.725312 0.948308
v 1.507317 1.716154 0.930615
v 1.459303 1.693161 0.948308
v 1.468462 1.677299 0.930615
v 1.432474 1.667656 0.930615
v 1.415385 1.681393 0.948308
v 1.398295 1.667656 0.930615
v 1.432474 1.667656 0.884615
v 1.398295 1.667656 0.884615
v 1.371466 1.693161 0.948308
v 1.362308 1.677299 0.930615
v 1.335963 1.703643 0.930615
v 1.339315 1.725312 0.948308
v 1.318874 1.733243 0.930615
v 1.335963 1.703643 0.884615
v 1.318874 1.733243 0.884615
v 1.327547 1.769231 0.948308
v 1.309231 1.769231 0.930615
v 1.318874 1.805218 0.930615
v 1.339315 1.813149 0.948308
v 1.335963 1.834818 0.930615
v 1.318874 1.805218 0.884615
v 1.335963 1.834818 0.884615
v 1.371466 1.845300 0.948308
v 1.362308 1.861163 0.930615
v 1.398295 1.870806 0.930615
v 1.415385 1.857068 0.948308
v 1.432474 1.870806 0.930615
v 1.398295 1.870806 0.884615
v 1.432474 1.870806 0.884615
v 1.459303 1.845300 0.948308
v 1.468462 1.861163 0.930615
v 1.491454 1.813149 0.948308
v 1.507317 1.822308 0.930615
v -0.884615 0.513077 0.353846
v -0.866923 0.530769 0.353846
v -0.866923 0.530769 0.530769
v -0.884615 0.513077 0.530769
v 1.516959 1.752141 0.930615
v 1.516959 1.786320 0.930615
v 1.503222 1.769231 0.948308
v -0.866923 0.530769 0.707692
v -0.884615 0.513077 0.707692
v 1.516959 1.786320 0.884615
v 1.516959 1.752141 0.884615
v 1.158049 1.733243 0.930615
v 1.137608 1.725312 0.948308
v 1.140960 1.703643 0.930615
v -0.866923 0.530769 0.866923
v -0.884615 0.530769 0.884615
v 1.158049 1.733243 0.884615
v 1.140960 1.703643 0.884615
v 1.105457 1.693161 0.948308
v 1.114615 1.677299 0.930615
v 1.078628 1.667656 0.930615
v 1.061538 1.681393 0.948308
v 1.044449 1.667656 0.930615
v 1.078628 1.667656 0.884615
v 1.044449 1.667656 0.884615
v 1.017620 1.693161 0.948308
v 1.008461 1.677299 0.930615
v 0.982117 1.703643 0.930615
v 0.985469 1.725312 0.948308
v 0.965028 1.733243 0.930615
v -0.902308 1.946154 0.707692
v -0.884615 1.963846 0.707692
v -0.884615 1.963846 0.530769
v -0.902308 1.946154 0.530769
v 0.982117 1.703643 0.884615
v 0.965028 1.733243 0.884615
v 0.973701 1.769231 0.948308
v 0.955385 1.769231 0.930615
v 0.965028 1.805218 0.930615
v 0.985469 1.813149 0.948308
v 0.982117 1.834818 0.930615
v 0.965028 1.805218 0.884615
v 0.982117 1.834818 0.884615
v 1.017620 1.845300 0.948308
v 1.008461 1.861163 0.930615
v 1.044449 1.870806 0.930615
v 1.061538 1.857068 0.948308
v 1.078628 1.870806 0.930615
v 1.044449 1.870806 0.884615
v 1.078628 1.870806 0.884615
v -0.884615 -1.963846 0.176923
v -0.902308 -1.946154 0.176923
v 1.105457 1.845300 0.948308
v 1.114615 1.861163 0.930615
v -0.884615 -1.963846 0.530769
v -0.902308 -1.946154 0.530769
v 1.140960 1.834818 0.930615
v 1.137608 1.813149 0.948308
v 1.158049 1.805218 0.930615
v 1.140960 1.834818 0.884615
v 1.158049 1.805218 0.884615
v -0.902308 -1.946154 0.707692
v -0.884615 -1.963846 0.707692
v 1.167692 1.769231 0.930615
v 1.149376 1.769231 0.948308
v 1.158049 -1.805218 0.930615
v 1.137608 -1.813149 0.948308
v 1.140960 -1.834818 0.930615
v -0.884615 -2.300000 0.866923
v -0.884615 -2.282308 0.884615
v 1.158049 -1.805218 0.884615
v 1.140960 -1.834818 0.884615
v 1.105457 -1.845300 0.948308
v 1.114615 -1.861163 0.930615
v 1.078628 -1.870806 0.930615
v 1.061538 -1.857068 0.948308
v 1.044449 -1.870806 0.930615
v 1.078628 -1.870806 0.884615
v 1.044449 -1.870806 0.884615
v -0.548462 -0.530769 0.176923
v -0.530769 -0.548462 0.176923
v 1.017620 -1.845300 0.948308
v 1.008461 -1.861163 0.930615
v -0.884615 -0.513077 0.176923
v -0.866923 -0.530769 0.176923
v -0.884615 -0.513077 0.353846
v -0.866923 -0.530769 0.353846
v -0.548462 -0.530769 0.353846
v -0.530769 -0.548462 0.353846
v 0.982117 -1.834818 0.930615
v 0.985469 -1.813149 0.948308
v 0.965028 -1.805218 0.930615
v 0.982117 -1.834818 0.884615
v 0.965028 -1.805218 0.884615
v 0.973701 -1.769231 0.948308
v 0.955385 -1.769231 0.930615
v -0.530769 -0.866923 0.530769
v -0.513077 -0.884615 0.530769
v 0.965028 -1.733243 0.930615
v 0.985469 -1.725312 0.948308
v 0.982117 -1.703643 0.930615
v -0.884615 -0.513077 0.530769
v -0.866923 -0.530769 0.530769
v 0.965028 -1.733243 0.884615
v 0.982117 -1.703643 0.884615
v 1.017620 -1.693161 0.948308
v 1.008461 -1.677299 0.930615
v 1.044449 -1.667656 0.930615
v 1.061538 -1.681393 0.948308
v 1.078628 -1.667656 0.930615
v 1.044449 -1.667656 0.884615
v 1.078628 -1.667656 0.884615
v 1.105457 -1.693161 0.948308
v 1.114615 -1.677299 0.930615
v -0.884615 -0.513077 0.707692
v -0.866923 -0.530769 0.707692
v 1.140960 -1.703643 0.930615
v 1.137608 -1.725312 0.948308
v 1.158049 -1.733243 0.930615
v -0.548462 -0.530769 0.530769
v -0.530769 -0.548462 0.530769
v -0.513077 -0.884615 0.707692
v -0.530769 -0.866923 0.707692
v 1.140960 -1.703643 0.884615
v 1.158049 -1.733243 0.884615
v -0.548462 -0.548462 0.884615
v -0.530769 -0.548462 0.866923
v -0.548462 -0.530769 0.866923
v -0.530769 -0.866923 0.866923
v -0.530769 -0.884615 0.884615
v 1.167692 -1.769231 0.930615
v 1.149376 -1.769231 0.948308
v 0.804203 2.087090 0.930616
v 0.783762 2.079158 0.948308
v 0.787114 2.057490 0.930616
v -0.548462 -0.530769 0.707692
v -0.530769 -0.548462 0.707692
v 0.804203 2.087090 0.884616
v 0.787114 2.057490 0.884616
v 0.751611 2.047008 0.948308
v 0.760769 2.031145 0.930615
v -0.866923 -0.530769 0.866923
v -0.884615 -0.530769 0.884615
v -0.530769 0.548462 0.176923
v -0.548462 0.530769 0.176923
v 0.724782 2.021502 0.930615
v 0.707692 2.035239 0.948308
v 0.690603 2.021502 0.930615
v 0.724782 2.021502 0.884615
v 0.690603 2.021502 0.884615
v 0.663774 2.047008 0.948308
v 0.654615 2.031145 0.930615
v 0.628271 2.057490 0.930616
v 0.631623 2.079158 0.948308
v 0.611181 2.087090 0.930616
v -0.866923 0.530769 0.176923
v -0.884615 0.513077 0.176923
v 0.628271 2.057490 0.884616
v 0.611181 2.087090 0.884616
v 0.619855 2.123077 0.948308
v 0.601538 2.123077 0.930616
v 0.611181 2.159065 0.930616
v 0.631623 2.166996 0.948308
v 0.628271 2.188664 0.930616
v -0.530769 0.548462 0.353846
v -0.548462 0.530769 0.353846
v 0.611181 2.159065 0.884616
v 0.628271 2.188664 0.884616
v 0.663774 2.199146 0.948308
v 0.654615 2.215009 0.930616
v 0.690603 2.224652 0.930616
v 0.707692 2.210914 0.948308
v 0.724782 2.224652 0.930616
v 0.690603 2.224652 0.884616
v 0.724782 2.224652 0.884616
v 0.751611 2.199146 0.948308
v 0.760769 2.215009 0.930616
v -0.530769 0.548462 0.530769
v -0.548462 0.530769 0.530769
v 0.787114 2.188664 0.930616
v 0.783762 2.166996 0.948308
v 0.804203 2.159065 0.930616
v 0.787114 2.188664 0.884616
v 0.804203 2.159065 0.884616
v 0.813846 2.123077 0.930616
v 0.795530 2.123077 0.948308
v -0.530769 0.548461 0.707692
v -0.548462 0.530769 0.707692
v 0.783762 0.663774 0.948308
v 0.799624 0.654615 0.930615
v 0.773280 0.628271 0.930615
v 0.751611 0.631623 0.948308
v 0.743680 0.611181 0.930615
v 0.773280 0.628271 0.884615
v 0.743680 0.611181 0.884615
v 0.707692 0.619855 0.948308
v 0.707692 0.601538 0.930615
v 0.663774 0.631623 0.948308
v 0.654615 0.615760 0.930615
v -0.548462 0.548461 0.884615
v -0.548462 0.530769 0.866923
v -0.530769 0.548461 0.866923
v -0.530769 0.866923 0.866923
v -0.530769 0.884615 0.884615
v -0.902308 1.946154 0.353846
v -0.884615 1.963846 0.353846
v -0.884615 2.282308 0.176923
v -0.866923 2.300000 0.176923
v -0.902308 1.946154 0.176923
v -0.884615 1.963846 0.176923
v 0.631623 0.663774 0.948308
v 0.615760 0.654615 0.930615
v 0.619855 0.707692 0.948308
v 0.601538 0.707692 0.930615
v 0.611181 0.743680 0.930615
v 0.631623 0.751611 0.948308
v 0.628271 0.773280 0.930615
v 0.611181 0.743680 0.884615
v 0.628271 0.773280 0.884615
v 0.663774 0.783762 0.948308
v 0.654615 0.799624 0.930615
v -0.884615 2.282308 0.353846
v -0.866923 2.300000 0.353846
v 0.707692 0.795530 0.948308
v 0.707692 0.813846 0.930615
v 0.743680 0.804203 0.930615
v 0.751611 0.783762 0.948308
v 0.773280 0.787114 0.930615
v -0.884615 2.282308 0.707692
v -0.866923 2.300000 0.707692
v 0.743680 0.804203 0.884615
v 0.773280 0.787114 0.884615
v 0.787114 0.773280 0.930615
v 0.783762 0.751611 0.948308
v 0.804203 0.743680 0.930615
v -0.884615 2.282308 0.530769
v -0.866923 2.300000 0.530769
v 0.787114 0.773280 0.884615
v 0.804203 0.743680 0.884615
v 0.813846 0.707692 0.930615
v 0.795530 0.707692 0.948308
v 0.804203 -0.743680 0.930615
v 0.783762 -0.751611 0.948308
v 0.787114 -0.773280 0.930615
v 0.804203 -0.743680 0.884615
v 0.787114 -0.773280 0.884615
v 0.773280 -0.787114 0.930615
v 0.751611 -0.783762 0.948308
v 0.743680 -0.804203 0.930615
v 0.773280 -0.787114 0.884615
v 0.743680 -0.804203 0.884615
v 0.707692 -0.795530 0.948308
v 0.707692 -0.813846 0.930615
v 0.663774 -0.783762 0.948308
v 0.654615 -0.799624 0.930615
v -0.884615 1.963846 0.866923
v -0.902308 1.946154 0.866923
v -0.866923 1.928462 0.884615
v -0.530769 2.282308 0.884616
v -0.530769 2.300000 0.866923
v -0.884615 2.282308 0.866923
v -0.866923 2.282308 0.884616
v -0.866923 2.300000 0.866923
v 0.628271 -0.773280 0.930615
v 0.631623 -0.751611 0.948308
v 0.611181 -0.743680 0.930615
v 0.628271 -0.773280 0.884615
v 0.611181 -0.743680 0.884615
v 0.619855 -0.707692 0.948308
v 0.601538 -0.707692 0.930615
v 0.631623 -0.663774 0.948308
v 0.615760 -0.654615 0.930615
v 0.663774 -0.631623 0.948308
v 0.654615 -0.615760 0.930615
v -0.548462 -2.317693 0.707692
v -0.530769 -2.317693 0.690000
v -0.513077 -2.300000 0.725384
v 0.707692 -0.619855 0.948308
v 0.707692 -0.601539 0.930615
v -0.176923 -2.282308 0.884615
v -0.176923 -2.300000 0.866923
v -0.530769 -2.282308 0.884615
v -0.530769 -2.300000 0.866923
v 0.743680 -0.611181 0.930615
v 0.751611 -0.631623 0.948308
v 0.773280 -0.628271 0.930615
v 0.743680 -0.611181 0.884615
v 0.773280 -0.628271 0.884615
v -0.530769 -0.866923 0.176923
v -0.513077 -0.884615 0.176923
v -0.530769 -0.866923 0.353846
v -0.513077 -0.884615 0.353846
v 0.783762 -0.663774 0.948308
v 0.799624 -0.654615 0.930615
v 0.813846 -0.707692 0.930615
v 0.795530 -0.707692 0.948308
v 0.804203 -2.159065 0.930615
v 0.783762 -2.166996 0.948308
v 0.787114 -2.188664 0.930615
v 0.804203 -2.159065 0.884615
v 0.787114 -2.188664 0.884615
v 0.751611 -2.199146 0.948308
v 0.760769 -2.215009 0.930615
v 0.724782 -2.224652 0.930615
v 0.707692 -2.210914 0.948308
v 0.690603 -2.224652 0.930615
v 0.724782 -2.224652 0.884615
v 0.690603 -2.224652 0.884615
v 0.663774 -2.199146 0.948308
v 0.654615 -2.215009 0.930615
v 0.628271 -2.188664 0.930615
v 0.631623 -2.166996 0.948308
v 0.611181 -2.159065 0.930615
v 0.628271 -2.188664 0.884615
v 0.611181 -2.159065 0.884615
v -0.513077 0.884615 0.176923
v -0.530769 0.866923 0.176923
v 0.619855 -2.123077 0.948308
v 0.601538 -2.123077 0.930615
v 0.611181 -2.087090 0.930615
v 0.631623 -2.079158 0.948308
v 0.628271 -2.057490 0.930615
v -0.513077 0.884615 0.353846
v -0.530769 0.866923 0.353846
v 0.611181 -2.087090 0.884615
v 0.628271 -2.057490 0.884615
v -0.513077 0.884615 0.707692
v -0.530769 0.866923 0.707692
v -0.530769 0.866923 0.530769
v -0.513077 0.884615 0.530769
v 0.663774 -2.047008 0.948308
v 0.654615 -2.031145 0.930615
v 0.690603 -2.021502 0.930615
v 0.707692 -2.035239 0.948308
v 0.724782 -2.021502 0.930615
v 0.690603 -2.021502 0.884615
v 0.724782 -2.021502 0.884615
v 0.751611 -2.047008 0.948308
v 0.760769 -2.031145 0.930615
v 0.787114 -2.057490 0.930615
v 0.783762 -2.079158 0.948308
v 0.804203 -2.087090 0.930615
v 0.787114 -2.057490 0.884615
v 0.804203 -2.087090 0.884615
v 0.813846 -2.123077 0.930615
v 0.795530 -2.123077 0.948308
v 0.804203 -2.512911 0.753692
v 0.783762 -2.520842 0.771385
v 0.787114 -2.542511 0.753692
v 0.804203 -2.512911 0.707692
v 0.787114 -2.542511 0.707692
v 0.751611 -2.552993 0.771385
v 0.760769 -2.568855 0.753692
v -0.176923 2.282308 0.884616
v -0.176923 2.300000 0.866923
v 0.724782 -2.578498 0.753692
v 0.707692 -2.564760 0.771385
v 0.690603 -2.578498 0.753692
v 0.724782 -2.578498 0.707692
v 0.690603 -2.578498 0.707692
v 0.663774 -2.552993 0.771385
v 0.654615 -2.568855 0.753692
v 0.628271 -2.542510 0.753692
v 0.631623 -2.520842 0.771385
v 0.611181 -2.512911 0.753692
v 0.628271 -2.542510 0.707692
v 0.611181 -2.512911 0.707692
v 0.619855 -2.476923 0.771385
v 0.601538 -2.476923 0.753692
v 0.611181 -2.440936 0.753692
v 0.631623 -2.433005 0.771385
v 0.628271 -2.411336 0.753692
v 0.611181 -2.440936 0.707692
v 0.628271 -2.411336 0.707692
v 0.663774 -2.400854 0.771385
v 0.654615 -2.384991 0.753692
v 0.690603 -2.375348 0.753692
v 0.707692 -2.389086 0.771385
v 0.724782 -2.375348 0.753692
v 0.690603 -2.375348 0.707692
v 0.724782 -2.375348 0.707692
v 0.751611 -2.400854 0.771385
v 0.760769 -2.384991 0.753692
v 0.787114 -2.411336 0.753692
v 0.783762 -2.433005 0.771385
v 0.804203 -2.440936 0.753692
v 0.787114 -2.411336 0.707692
v 0.804203 -2.440936 0.707692
v 0.813846 -2.476923 0.753692
v 0.795530 -2.476923 0.771385
v 0.783762 -2.874688 0.771385
v 0.799624 -2.883846 0.753692
v 0.773280 -2.910191 0.753692
v 0.751611 -2.906839 0.771385
v 0.743680 -2.927280 0.753692
v 0.773280 -2.910191 0.707692
v 0.743680 -2.927280 0.707692
v 0.724782 -2.932344 0.753692
v 0.707692 -2.918607 0.771385
v 0.690603 -2.932344 0.753692
v 0.724782 -2.932344 0.707692
v 0.690603 -2.932344 0.707692
v 0.663774 -2.906839 0.771385
v 0.654615 -2.922701 0.753692
v 0.631623 -2.874688 0.771385
v 0.615760 -2.883846 0.753692
v 0.606118 -2.847859 0.753692
v 0.619855 -2.830769 0.771385
v 0.606118 -2.813680 0.753692
v 0.606118 -2.847859 0.707692
v 0.606118 -2.813680 0.707692
v 0.611181 -2.794782 0.753692
v 0.631623 -2.786851 0.771385
v 0.628271 -2.765182 0.753692
v 0.611181 -2.794782 0.707692
v 0.628271 -2.765182 0.707692
v 0.663774 -2.754700 0.771385
v 0.654615 -2.738837 0.753692
v 0.690603 -2.729194 0.753692
v 0.707692 -2.742932 0.771385
v 0.724782 -2.729194 0.753692
v 0.690603 -2.729194 0.707692
v 0.724782 -2.729194 0.707692
v 0.751611 -2.754700 0.771385
v 0.760769 -2.738837 0.753692
v 0.787114 -2.765182 0.753692
v 0.783762 -2.786851 0.771385
v 0.804203 -2.794782 0.753692
v 0.787114 -2.765182 0.707692
v 0.804203 -2.794782 0.707692
v 0.809267 -2.847859 0.753692
v 0.809267 -2.813680 0.753692
v 0.795530 -2.830769 0.771385
v 0.809267 -2.813680 0.707692
v 0.809267 -2.847859 0.707692
v 0.783762 -3.228534 0.771385
v 0.799624 -3.237692 0.753692
v 0.773280 -3.264037 0.753692
v 0.751611 -3.260685 0.771385
v 0.743680 -3.281127 0.753692
v 0.773280 -3.264037 0.707692
v 0.743680 -3.281127 0.707692
v 0.724782 -3.286190 0.753692
v 0.707692 -3.272453 0.771385
v 0.690603 -3.286190 0.753692
v 0.176923 2.282308 0.884616
v 0.176923 2.300000 0.866923
v 0.724782 -3.286190 0.707692
v 0.690603 -3.286190 0.707692
v 0.663774 -3.260685 0.771385
v 0.654615 -3.276547 0.753692
v 0.631623 -3.228534 0.771385
v 0.615760 -3.237692 0.753692
v 0.606118 -3.201705 0.753692
v 0.619855 -3.184615 0.771385
v 0.606118 -3.167526 0.753692
v 0.606118 -3.201705 0.707692
v 0.606118 -3.167526 0.707692
v 0.631623 -3.140697 0.771385
v 0.615760 -3.131539 0.753692
v 0.513077 -2.300000 0.530769
v 0.530769 -2.317693 0.530769
v 0.530769 -2.317693 0.690000
v 0.548462 -2.317693 0.707692
v 0.513077 -2.300000 0.725384
v 0.663774 -3.108546 0.771385
v 0.654615 -3.092684 0.753692
v 0.530769 -2.300000 0.866923
v 0.530769 -2.282308 0.884615
v 0.690603 -3.083041 0.753692
v 0.707692 -3.096778 0.771385
v 0.724782 -3.083041 0.753692
v 0.176923 -2.300000 0.866923
v 0.176923 -2.282308 0.884615
v 0.690603 -3.083041 0.707692
v 0.724782 -3.083041 0.707692
v 0.743680 -3.088104 0.753692
v 0.751611 -3.108546 0.771385
v 0.773280 -3.105194 0.753692
v 0.743680 -3.088104 0.707692
v 0.773280 -3.105194 0.707692
v 0.513077 -0.884615 0.176923
v 0.530769 -0.866923 0.176923
v 0.783762 -3.140697 0.771385
v 0.799624 -3.131539 0.753692
v 0.513077 -0.884615 0.530769
v 0.530769 -0.866923 0.530769
v 0.809267 -3.201705 0.753692
v 0.809267 -3.167526 0.753692
v 0.795530 -3.184615 0.771385
v 0.809267 -3.167526 0.707692
v 0.809267 -3.201705 0.707692
v 0.450357 2.087090 0.930616
v 0.429916 2.079158 0.948308
v 0.433268 2.057490 0.930616
v 0.450357 2.087090 0.884616
v 0.433268 2.057490 0.884616
v 0.397765 2.047008 0.948308
v 0.406923 2.031145 0.930615
v 0.530769 -0.866923 0.866923
v 0.530769 -0.884615 0.884615
v 0.530769 -0.866923 0.707692
v 0.513077 -0.884615 0.707692
v 0.370936 2.021502 0.930615
v 0.353846 2.035239 0.948308
v 0.336757 2.021502 0.930615
v 0.370936 2.021502 0.884615
v 0.336757 2.021502 0.884615
v 0.309927 2.047008 0.948308
v 0.300769 2.031145 0.930615
v 0.274425 2.057490 0.930616
v 0.277777 2.079158 0.948308
v 0.257335 2.087090 0.930616
v 0.274425 2.057490 0.884616
v 0.257335 2.087090 0.884616
v 0.266009 2.123077 0.948308
v 0.247692 2.123077 0.930616
v 0.257335 2.159065 0.930616
v 0.277777 2.166996 0.948308
v 0.274425 2.188664 0.930616
v 0.257335 2.159065 0.884616
v 0.274425 2.188664 0.884616
v 0.309927 2.199146 0.948308
v 0.300769 2.215009 0.930616
v 0.336757 2.224652 0.930616
v 0.353846 2.210914 0.948308
v 0.370936 2.224652 0.930616
v 0.336757 2.224652 0.884616
v 0.370936 2.224652 0.884616
v 0.397765 2.199146 0.948308
v 0.406923 2.215009 0.930616
v 0.433268 2.188664 0.930616
v 0.429916 2.166996 0.948308
v 0.450357 2.159065 0.930616
v 0.433268 2.188664 0.884616
v 0.450357 2.159065 0.884616
v 0.460000 2.123077 0.930616
v 0.441684 2.123077 0.948308
v 0.450357 -2.159065 0.930615
v 0.429916 -2.166996 0.948308
v 0.433268 -2.188664 0.930615
v 0.450357 -2.159065 0.884615
v 0.433268 -2.188664 0.884615
v 0.397765 -2.199146 0.948308
v 0.406923 -2.215009 0.930615
v 0.370936 -2.224652 0.930615
v 0.353846 -2.210914 0.948308
v 0.336757 -2.224652 0.930615
v 0.370936 -2.224652 0.884615
v 0.336757 -2.224652 0.884615
v 0.309927 -2.199146 0.948308
v 0.300769 -2.215009 0.930615
v 0.274425 -2.188664 0.930615
v 0.277777 -2.166996 0.948308
v 0.257335 -2.159065 0.930615
v 0.274425 -2.188664 0.884615
v 0.257335 -2.159065 0.884615
v 0.266009 -2.123077 0.948308
v 0.247692 -2.123077 0.930615
v 0.257335 -2.087090 0.930615
v 0.277777 -2.079158 0.948308
v 0.274425 -2.057490 0.930615
v 0.257335 -2.087090 0.884615
v 0.274425 -2.057490 0.884615
v 0.309927 -2.047008 0.948308
v 0.300769 -2.031145 0.930615
v 0.336757 -2.021502 0.930615
v 0.353846 -2.035239 0.948308
v 0.370936 -2.021502 0.930615
v 0.336757 -2.021502 0.884615
v 0.370936 -2.021502 0.884615
v 0.866923 -2.300000 0.725384
v 0.866923 -2.317693 0.707692
v 0.884615 -2.282308 0.690000
v 0.397765 -2.047008 0.948308
v 0.406923 -2.031145 0.930615
v 0.433268 -2.057490 0.930615
v 0.429916 -2.079158 0.948308
v 0.450357 -2.087090 0.930615
v 0.433268 -2.057490 0.884615
v 0.450357 -2.087090 0.884615
v 0.460000 -2.123077 0.930615
v 0.441684 -2.123077 0.948308
v 0.096511 2.087090 0.930616
v 0.076069 2.079158 0.948308
v 0.079422 2.057490 0.930616
v 0.096511 2.087090 0.884616
v 0.079422 2.057490 0.884616
v 0.866923 -2.300000 0.866923
v 0.884615 -2.282308 0.866923
v 0.866923 -2.282308 0.884615
v 0.043919 2.047008 0.948308
v 0.053077 2.031145 0.930615
v 0.017089 2.021502 0.930615
v 0.000000 2.035239 0.948308
v -0.017089 2.021502 0.930615
v 0.017089 2.021502 0.884615
v -0.017089 2.021502 0.884615
v -0.043919 2.047008 0.948308
v -0.053077 2.031145 0.930615
v 0.530769 -0.548462 0.176923
v 0.548462 -0.530769 0.176923
v 0.866923 -0.530769 0.353846
v 0.884615 -0.513077 0.353846
v 0.866923 -0.530769 0.176923
v 0.884615 -0.513077 0.176923
v -0.079422 2.057490 0.930616
v -0.076069 2.079158 0.948308
v -0.096511 2.087090 0.930616
v -0.079422 2.057490 0.884616
v -0.096511 2.087090 0.884616
v -0.087837 2.123077 0.948308
v -0.106154 2.123077 0.930616
v 0.513077 -0.884615 0.353846
v 0.530769 -0.866923 0.353846
v 0.530769 -0.548462 0.353846
v 0.548462 -0.530769 0.353846
v -0.096511 2.159065 0.930616
v -0.076069 2.166996 0.948308
v -0.079422 2.188664 0.930616
v -0.096511 2.159065 0.884616
v -0.079422 2.188664 0.884616
v -0.043919 2.199146 0.948308
v -0.053077 2.215009 0.930616
v -0.017089 2.224652 0.930616
v 0.000000 2.210914 0.948308
v 0.017089 2.224652 0.930616
v -0.017089 2.224652 0.884616
v 0.017089 2.224652 0.884616
v 0.530769 -0.548462 0.530769
v 0.548462 -0.530769 0.530769
v 0.043919 2.199146 0.948308
v 0.053077 2.215009 0.930616
v 0.866923 -0.530769 0.530769
v 0.884615 -0.513077 0.530769
v 0.079422 2.188664 0.930616
v 0.076069 2.166996 0.948308
v 0.096511 2.159065 0.930616
v 0.548462 -0.530769 0.866923
v 0.530769 -0.548462 0.866923
v 0.548462 -0.548462 0.884615
v 0.548462 -0.530769 0.707692
v 0.530769 -0.548462 0.707692
v 0.079422 2.188664 0.884616
v 0.096511 2.159065 0.884616
v 0.106154 2.123077 0.930616
v 0.087837 2.123077 0.948308
v -0.257335 2.087090 0.930616
v -0.277777 2.079158 0.948308
v -0.274425 2.057490 0.930616
v -0.257335 2.087090 0.884616
v -0.274425 2.057490 0.884616
v -0.309927 2.047008 0.948308
v -0.300769 2.031145 0.930615
v 0.866923 -0.530769 0.866923
v 0.884615 -0.530769 0.884615
v -0.336757 2.021502 0.930615
v -0.353846 2.035239 0.948308
v -0.370936 2.021502 0.930615
v -0.336757 2.021502 0.884615
v -0.370936 2.021502 0.884615
v 0.530769 0.866923 0.176923
v 0.513077 0.884615 0.176923
v 0.548462 0.530769 0.176923
v 0.530769 0.548462 0.176923
v 0.884615 0.513077 0.176923
v 0.866923 0.530769 0.176923
v -0.397765 2.047008 0.948308
v -0.406923 2.031145 0.930615
v 0.548462 0.530769 0.353846
v 0.530769 0.548462 0.353846
v -0.433268 2.057490 0.930616
v -0.429916 2.079158 0.948308
v -0.450357 2.087090 0.930616
v 0.530769 0.866923 0.530769
v 0.513077 0.884615 0.530769
v 0.513077 0.884615 0.353846
v 0.530769 0.866923 0.353846
v -0.433268 2.057490 0.884616
v -0.450357 2.087090 0.884616
v -0.441684 2.123077 0.948308
v -0.460000 2.123077 0.930616
v -0.450357 2.159065 0.930616
v -0.429916 2.166996 0.948308
v -0.433268 2.188664 0.930616
v -0.450357 2.159065 0.884616
v -0.433268 2.188664 0.884616
v 0.548462 0.530769 0.707692
v 0.530769 0.548461 0.707692
v 0.530769 0.866923 0.707692
v 0.513077 0.884615 0.707692
v -0.397765 2.199146 0.948308
v -0.406923 2.215009 0.930616
v 0.530769 0.548462 0.530769
v 0.548462 0.530769 0.530769
v 0.884615 0.513077 0.530769
v 0.866923 0.530769 0.530769
v -0.370936 2.224652 0.930616
v -0.353846 2.210914 0.948308
v -0.336757 2.224652 0.930616
v -0.370936 2.224652 0.884616
v -0.336757 2.224652 0.884616
v -0.309927 2.199146 0.948308
v -0.300769 2.215009 0.930616
v 0.530769 0.866923 0.866923
v 0.530769 0.884615 0.884615
v -0.274425 2.188664 0.930616
v -0.277777 2.166996 0.948308
v -0.257335 2.159065 0.930616
v -0.274425 2.188664 0.884616
v -0.257335 2.159065 0.884616
v -0.247692 2.123077 0.930616
v -0.266009 2.123077 0.948308
v -0.257335 -2.159065 0.930615
v -0.277777 -2.166996 0.948308
v -0.274425 -2.188664 0.930615
v 0.548462 0.530769 0.866923
v 0.548462 0.548461 0.884615
v 0.530769 0.548461 0.866923
v -0.257335 -2.159065 0.884615
v -0.274425 -2.188664 0.884615
v -0.309927 -2.199146 0.948308
v -0.300769 -2.215009 0.930615
v 0.884615 1.963846 0.176923
v 0.902308 1.946154 0.176923
v -0.336757 -2.224652 0.930615
v -0.353846 -2.210914 0.948308
v -0.370936 -2.224652 0.930615
v -0.336757 -2.224652 0.884615
v -0.370936 -2.224652 0.884615
v -0.397765 -2.199146 0.948308
v -0.406923 -2.215009 0.930615
v 0.866923 2.300000 0.176923
v 0.884615 2.282308 0.176923
v 0.866923 2.300000 0.353846
v 0.884615 2.282308 0.353846
v -0.433268 -2.188664 0.930615
v -0.429916 -2.166996 0.948308
v -0.450357 -2.159065 0.930615
v -0.433268 -2.188664 0.884615
v -0.450357 -2.159065 0.884615
v -0.441684 -2.123077 0.948308
v -0.460000 -2.123077 0.930615
v 0.866923 2.300000 0.530769
v 0.884615 2.282308 0.530769
v -0.450357 -2.087090 0.930615
v -0.429916 -2.079158 0.948308
v -0.433268 -2.057490 0.930615
v -0.450357 -2.087090 0.884615
v -0.433268 -2.057490 0.884615
v -0.397765 -2.047008 0.948308
v -0.406923 -2.031145 0.930615
v -0.370936 -2.021502 0.930615
v -0.353846 -2.035239 0.948308
v -0.336757 -2.021502 0.930615
v -0.370936 -2.021502 0.884615
v -0.336757 -2.021502 0.884615
v -0.309927 -2.047008 0.948308
v -0.300769 -2.031145 0.930615
v -0.274425 -2.057490 0.930615
v -0.277777 -2.079158 0.948308
v -0.257335 -2.087090 0.930615
v 0.884615 1.963846 0.707692
v 0.902308 1.946154 0.707692
v 0.866923 2.300000 0.707692
v 0.884615 2.282308 0.707692
v -0.274425 -2.057490 0.884615
v -0.257335 -2.087090 0.884615
v -0.247692 -2.123077 0.930615
v -0.266009 -2.123077 0.948308
v 0.530769 2.300000 0.866923
v 0.530769 2.282308 0.884616
v 0.866923 2.282308 0.884616
v 0.884615 2.282308 0.866923
v 0.866923 2.300000 0.866923
v -0.611181 2.087090 0.930616
v -0.631623 2.079158 0.948308
v -0.628271 2.057490 0.930616
v -0.611181 2.087090 0.884616
v -0.628271 2.057490 0.884616
v -0.663774 2.047008 0.948308
v -0.654615 2.031145 0.930615
v -0.690603 2.021502 0.930615
v -0.707692 2.035239 0.948308
v -0.724782 2.021502 0.930615
v -0.690603 2.021502 0.884615
v -0.724782 2.021502 0.884615
v 0.902308 -1.946154 0.353846
v 0.884615 -1.963846 0.353846
v 0.902308 -1.946154 0.176923
v 0.884615 -1.963846 0.176923
v -0.751611 2.047008 0.948308
v -0.760769 2.031145 0.930615
v 0.902308 -1.946154 0.530769
v 0.884615 -1.963846 0.530769
v -0.787114 2.057490 0.930616
v -0.783762 2.079158 0.948308
v -0.804203 2.087090 0.930616
v -0.787114 2.057490 0.884616
v -0.804203 2.087090 0.884616
v -0.795530 2.123077 0.948308
v -0.813846 2.123077 0.930616
v -0.804203 2.159065 0.930616
v -0.783762 2.166996 0.948308
v -0.787114 2.188664 0.930616
v -0.804203 2.159065 0.884616
v -0.787114 2.188664 0.884616
v 0.902308 -1.946154 0.707692
v 0.884615 -1.963846 0.707692
v 0.884615 -1.963846 0.866923
v 0.902308 -1.946154 0.866923
v 0.866923 -1.928462 0.884615
v 1.238462 -1.928462 0.884615
v 1.238462 -1.946154 0.866923
v -0.751611 2.199146 0.948308
v -0.760769 2.215009 0.930616
v -0.724782 2.224652 0.930616
v -0.707692 2.210914 0.948308
v -0.690603 2.224652 0.930616
v -0.724782 2.224652 0.884616
v -0.690603 2.224652 0.884616
v -0.663774 2.199146 0.948308
v -0.654615 2.215009 0.930616
v -0.628271 2.188664 0.930616
v -0.631623 2.166996 0.948308
v -0.611181 2.159065 0.930616
v -0.628271 2.188664 0.884616
v -0.611181 2.159065 0.884616
v -0.601538 2.123077 0.930616
v -0.619855 2.123077 0.948308
v -0.631623 0.663774 0.948308
v -0.615760 0.654615 0.930615
v -0.663774 0.631623 0.948308
v -0.654615 0.615760 0.930615
v 0.866923 -0.530769 0.707692
v 0.884615 -0.513077 0.707692
v -0.707692 0.619855 0.948308
v -0.707692 0.601538 0.930615
v -0.743680 0.611181 0.930615
v -0.751611 0.631623 0.948308
v -0.773280 0.628271 0.930615
v -0.743680 0.611181 0.884615
v -0.773280 0.628271 0.884615
v -0.783762 0.663774 0.948308
v -0.799624 0.654615 0.930615
v -0.795530 0.707692 0.948308
v -0.813846 0.707692 0.930615
v -0.804203 0.743680 0.930615
v -0.783762 0.751611 0.948308
v -0.787114 0.773280 0.930615
v -0.804203 0.743680 0.884615
v -0.787114 0.773280 0.884615
v -0.773280 0.787114 0.930615
v -0.751611 0.783762 0.948308
v -0.743680 0.804203 0.930615
v -0.773280 0.787114 0.884615
v -0.743680 0.804203 0.884615
v -0.707692 0.795530 0.948308
v -0.707692 0.813846 0.930615
v 0.884615 0.513077 0.353846
v 0.866923 0.530769 0.353846
v -0.663774 0.783762 0.948308
v -0.654615 0.799624 0.930615
v 0.884615 0.513077 0.707692
v 0.866923 0.530769 0.707692
v -0.628271 0.773280 0.930615
v -0.631623 0.751611 0.948308
v -0.611181 0.743680 0.930615
v -0.628271 0.773280 0.884615
v -0.611181 0.743680 0.884615
v -0.601538 0.707692 0.930615
v -0.619855 0.707692 0.948308
v 0.866923 0.530769 0.866923
v 0.884615 0.530769 0.884615
v -0.611181 -0.743680 0.930615
v -0.631623 -0.751611 0.948308
v -0.628271 -0.773280 0.930615
v -0.611181 -0.743680 0.884615
v -0.628271 -0.773280 0.884615
v -0.663774 -0.783762 0.948308
v -0.654615 -0.799624 0.930615
v 0.884615 1.963846 0.353846
v 0.902308 1.946154 0.353846
v -0.707692 -0.795530 0.948308
v -0.707692 -0.813846 0.930615
v 0.884615 1.963846 0.530769
v 0.902308 1.946154 0.530769
v -0.743680 -0.804203 0.930615
v -0.751611 -0.783762 0.948308
v -0.773280 -0.787114 0.930615
v -0.743680 -0.804203 0.884615
v -0.773280 -0.787114 0.884615
v -0.787114 -0.773280 0.930615
v -0.783762 -0.751611 0.948308
v -0.804203 -0.743680 0.930615
v -0.787114 -0.773280 0.884615
v -0.804203 -0.743680 0.884615
v -0.795530 -0.707692 0.948308
v -0.813846 -0.707692 0.930615
v 1.238462 1.928462 0.884615
v 1.238462 1.946154 0.866923
v 0.902308 1.946154 0.866923
v 0.884615 1.963846 0.866923
v 0.866923 1.928462 0.884615
v -0.783762 -0.663774 0.948308
v -0.799624 -0.654615 0.930615
v -0.773280 -0.628271 0.930615
v -0.751611 -0.631623 0.948308
v -0.743680 -0.611181 0.930615
v 1.592308 -1.928462 0.176923
v 1.574615 -1.946154 0.176923
v -0.773280 -0.628271 0.884615
v -0.743680 -0.611181 0.884615
v -0.707692 -0.619855 0.948308
v -0.707692 -0.601539 0.930615
v -0.663774 -0.631623 0.948308
v -0.654615 -0.615760 0.930615
v -0.631623 -0.663774 0.948308
v -0.615760 -0.654615 0.930615
v 1.592308 -1.928462 0.353846
v 1.574615 -1.946154 0.353846
v -0.601538 -0.707692 0.930615
v -0.619855 -0.707692 0.948308
v 1.592308 -1.928462 0.530769
v 1.574615 -1.946154 0.530769
v 1.592308 -1.610000 0.530769
v 1.610000 -1.592308 0.530769
v 1.592308 -1.610000 0.707692
v 1.610000 -1.592308 0.707692
v 1.592308 -1.592308 0.725385
v -0.611181 -2.159065 0.930615
v -0.631623 -2.166996 0.948308
v -0.628271 -2.188664 0.930615
v -0.611181 -2.159065 0.884615
v -0.628271 -2.188664 0.884615
v 1.574615 -1.946154 0.707692
v 1.592308 -1.928462 0.707692
v -0.663774 -2.199146 0.948308
v -0.654615 -2.215009 0.930615
v 1.592308 1.610000 0.176923
v 1.610000 1.592308 0.176923
v 1.574615 1.946154 0.176923
v 1.592308 1.928462 0.176923
v -0.690603 -2.224652 0.930615
v -0.707692 -2.210914 0.948308
v -0.724782 -2.224652 0.930615
v -0.690603 -2.224652 0.884615
v -0.724782 -2.224652 0.884615
v -0.751611 -2.199146 0.948308
v -0.760769 -2.215009 0.930615
v -0.787114 -2.188664 0.930615
v -0.783762 -2.166996 0.948308
v -0.804203 -2.159065 0.930615
v -0.787114 -2.188664 0.884615
v -0.804203 -2.159065 0.884615
v 1.574615 1.946154 0.353846
v 1.592308 1.928462 0.353846
v -0.795530 -2.123077 0.948308
v -0.813846 -2.123077 0.930615
v -0.804203 -2.087090 0.930615
v -0.783762 -2.079158 0.948308
v -0.787114 -2.057490 0.930615
v -0.804203 -2.087090 0.884615
v -0.787114 -2.057490 0.884615
v -0.751611 -2.047008 0.948308
v -0.760769 -2.031145 0.930615
v -0.724782 -2.021502 0.930615
v -0.707692 -2.035239 0.948308
v -0.690603 -2.021502 0.930615
v -0.724782 -2.021502 0.884615
v -0.690603 -2.021502 0.884615
v -0.663774 -2.047008 0.948308
v -0.654615 -2.031145 0.930615
v -0.628271 -2.057490 0.930615
v -0.631623 -2.079158 0.948308
v -0.611181 -2.087090 0.930615
v -0.628271 -2.057490 0.884615
v -0.611181 -2.087090 0.884615
v 1.574615 1.946154 0.707692
v 1.592308 1.928462 0.707692
v 1.592308 1.928462 0.530769
v 1.574615 1.946154 0.530769
v -0.601538 -2.123077 0.930615
v -0.619855 -2.123077 0.948308
v -0.611181 -2.512911 0.753692
v -0.631623 -2.520842 0.771385
v -0.628271 -2.542510 0.753692
v 1.610000 1.592308 0.866923
v 1.592308 1.610000 0.866923
v 1.574615 1.574615 0.884615
v -0.611181 -2.512911 0.707692
v -0.628271 -2.542510 0.707692
v -0.663774 -2.552993 0.771385
v -0.654615 -2.568855 0.753692
v 1.574615 1.946154 0.866923
v 1.574615 1.928462 0.884615
v 1.592308 1.928462 0.866923
v -0.690603 -2.578498 0.753692
v -0.707692 -2.564760 0.771385
v -0.724782 -2.578498 0.753692
v -0.690603 -2.578498 0.707692
v -0.724782 -2.578498 0.707692
v -0.751611 -2.552993 0.771385
v -0.760769 -2.568855 0.753692
v -0.787114 -2.542511 0.753692
v -0.783762 -2.520842 0.771385
v -0.804203 -2.512911 0.753692
v -0.787114 -2.542511 0.707692
v -0.804203 -2.512911 0.707692
v -0.795530 -2.476923 0.771385
v -0.813846 -2.476923 0.753692
v 1.946154 -1.574615 0.176923
v 1.928462 -1.592308 0.176923
v -0.804203 -2.440936 0.753692
v -0.783762 -2.433005 0.771385
v -0.787114 -2.411336 0.753692
v 1.610000 -1.592308 0.176923
v 1.592308 -1.610000 0.176923
v -0.804203 -2.440936 0.707692
v -0.787114 -2.411336 0.707692
v -0.751611 -2.400854 0.771385
v -0.760769 -2.384991 0.753692
v 1.946154 -1.574615 0.353846
v 1.928462 -1.592308 0.353846
v -0.724782 -2.375348 0.753692
v -0.707692 -2.389086 0.771385
v -0.690603 -2.375348 0.753692
v -0.724782 -2.375348 0.707692
v -0.690603 -2.375348 0.707692
v 1.610000 -1.592308 0.353846
v 1.592308 -1.610000 0.353846
v -0.663774 -2.400854 0.771385
v -0.654615 -2.384991 0.753692
v -0.628271 -2.411336 0.753692
v -0.631623 -2.433005 0.771385
v -0.611181 -2.440936 0.753692
v -0.628271 -2.411336 0.707692
v -0.611181 -2.440936 0.707692
v 1.946154 -1.574615 0.530769
v 1.928462 -1.592308 0.530769
v -0.601538 -2.476923 0.753692
v -0.619855 -2.476923 0.771385
v -0.631623 -2.874688 0.771385
v -0.615760 -2.883846 0.753692
v 1.946154 -1.574615 0.707692
v 1.928462 -1.592308 0.707692
v -0.663774 -2.906839 0.771385
v -0.654615 -2.922701 0.753692
v -0.690603 -2.932344 0.753692
v -0.707692 -2.918607 0.771385
v -0.724782 -2.932344 0.753692
v -0.690603 -2.932344 0.707692
v -0.724782 -2.932344 0.707692
v -0.743680 -2.927280 0.753692
v -0.751611 -2.906839 0.771385
v -0.773280 -2.910191 0.753692
v -0.743680 -2.927280 0.707692
v -0.773280 -2.910191 0.707692
v 1.592308 -1.592308 0.866923
v 1.592308 -1.574615 0.884615
v 1.928462 -1.574615 0.884615
v 1.928462 -1.592308 0.866923
v 1.946154 -1.574615 0.866923
v -0.783762 -2.874688 0.771385
v -0.799624 -2.883846 0.753692
v -0.809267 -2.847859 0.753692
v -0.795530 -2.830769 0.771385
v -0.809267 -2.813680 0.753692
v -0.809267 -2.847859 0.707692
v -0.809267 -2.813680 0.707692
v 1.963846 -0.884615 0.353846
v 1.946154 -0.902308 0.353846
v -0.804203 -2.794782 0.753692
v -0.783762 -2.786851 0.771385
v -0.787114 -2.765182 0.753692
v -0.804203 -2.794782 0.707692
v -0.787114 -2.765182 0.707692
v -0.751611 -2.754700 0.771385
v -0.760769 -2.738837 0.753692
v -0.724782 -2.729194 0.753692
v -0.707692 -2.742932 0.771385
v -0.690603 -2.729194 0.753692
v 1.946154 -0.902308 0.530769
v 1.963846 -0.884615 0.530769
v 1.963846 -0.884615 0.707692
v 1.946154 -0.902308 0.707692
v -0.724782 -2.729194 0.707692
v -0.690603 -2.729194 0.707692
v -0.663774 -2.754700 0.771385
v -0.654615 -2.738837 0.753692
v 1.946154 -0.902308 0.866923
v 1.963846 -0.884615 0.866923
v 1.928462 -0.866923 0.884615
v 1.946154 -1.238462 0.866923
v 1.928462 -1.238462 0.884615
v -0.628271 -2.765182 0.753692
v -0.631623 -2.786851 0.771385
v -0.611181 -2.794782 0.753692
v -0.628271 -2.765182 0.707692
v -0.611181 -2.794782 0.707692
v -0.606118 -2.847859 0.753692
v -0.606118 -2.813680 0.753692
v -0.619855 -2.830769 0.771385
v -0.606118 -2.813680 0.707692
v -0.606118 -2.847859 0.707692
v 1.946154 0.902308 0.353846
v 1.963846 0.884615 0.353846
v -0.631623 -3.228534 0.771385
v -0.615760 -3.237692 0.753692
v -0.663774 -3.260685 0.771385
v -0.654615 -3.276547 0.753692
v 1.963846 0.884615 0.530769
v 1.946154 0.902308 0.530769
v 1.946154 0.902308 0.707692
v 1.963846 0.884615 0.707692
v -0.690603 -3.286190 0.753692
v -0.707692 -3.272453 0.771385
v -0.724782 -3.286190 0.753692
v -0.690603 -3.286190 0.707692
v -0.724782 -3.286190 0.707692
v -0.743680 -3.281127 0.753692
v -0.751611 -3.260685 0.771385
v -0.773280 -3.264037 0.753692
v -0.743680 -3.281127 0.707692
v -0.773280 -3.264037 0.707692
v 1.946154 1.238462 0.866923
v 1.928462 1.238462 0.884615
v -0.783762 -3.228534 0.771385
v -0.799624 -3.237692 0.753692
v 1.928462 1.592308 0.176923
v 1.946154 1.574615 0.176923
v -0.809267 -3.201705 0.753692
v -0.795530 -3.184615 0.771385
v -0.809267 -3.167526 0.753692
v 1.592308 1.610000 0.353846
v 1.610000 1.592308 0.353846
v 1.928462 1.592308 0.353846
v 1.946154 1.574615 0.353846
v -0.809267 -3.201705 0.707692
v -0.809267 -3.167526 0.707692
v -0.783762 -3.140697 0.771385
v -0.799624 -3.131539 0.753692
v -0.773280 -3.105194 0.753692
v -0.751611 -3.108546 0.771385
v -0.743680 -3.088104 0.753692
v -0.773280 -3.105194 0.707692
v -0.743680 -3.088104 0.707692
v -0.724782 -3.083041 0.753692
v -0.707692 -3.096778 0.771385
v -0.690603 -3.083041 0.753692
v -0.724782 -3.083041 0.707692
v -0.690603 -3.083041 0.707692
v 1.928462 1.592308 0.530769
v 1.946154 1.574615 0.530769
v -0.663774 -3.108546 0.771385
v -0.654615 -3.092684 0.753692
v -0.631623 -3.140697 0.771385
v -0.615760 -3.131539 0.753692
v -0.606118 -3.201705 0.753692
v -0.606118 -3.167526 0.753692
v -0.619855 -3.184615 0.771385
v 1.592308 1.610000 0.530769
v 1.610000 1.592308 0.530769
v -0.606118 -3.167526 0.707692
v -0.606118 -3.201705 0.707692
v -0.965028 1.733243 0.930615
v -0.985469 1.725312 0.948308
v -0.982117 1.703643 0.930615
v -0.965028 1.733243 0.884615
v -0.982117 1.703643 0.884615
v -1.017620 1.693161 0.948308
v -1.008461 1.677299 0.930615
v 1.928462 1.592308 0.707692
v 1.946154 1.574615 0.707692
v -1.044449 1.667656 0.930615
v -1.061538 1.681393 0.948308
v -1.078628 1.667656 0.930615
v 1.592308 1.610000 0.707692
v 1.610000 1.592308 0.707692
v -1.044449 1.667656 0.884615
v -1.078628 1.667656 0.884615
v 1.928462 1.592308 0.866923
v 1.928462 1.574615 0.884615
v 1.946154 1.574615 0.866923
v -1.105457 1.693161 0.948308
v -1.114615 1.677299 0.930615
v -1.140960 1.703643 0.930615
v -1.137608 1.725312 0.948308
v -1.158049 1.733243 0.930615
v -1.140960 1.703643 0.884615
v -1.158049 1.733243 0.884615
v -1.149376 1.769231 0.948308
v -1.167692 1.769231 0.930615
v -1.158049 1.805218 0.930615
v -1.137608 1.813149 0.948308
v -1.140960 1.834818 0.930615
v -1.158049 1.805218 0.884615
v -1.140960 1.834818 0.884615
v -1.105457 1.845300 0.948308
v -1.114615 1.861163 0.930615
v 2.300000 -0.866923 0.176923
v 2.282308 -0.884615 0.176923
v -1.078628 1.870806 0.930615
v -1.061538 1.857068 0.948308
v -1.044449 1.870806 0.930615
v 1.963846 -0.884615 0.176923
v 1.946154 -0.902308 0.176923
v -1.078628 1.870806 0.884615
v -1.044449 1.870806 0.884615
v -1.017620 1.845300 0.948308
v -1.008461 1.861163 0.930615
v 2.300000 -0.866923 0.530769
v 2.282308 -0.884615 0.530769
v 2.300000 -0.866923 0.353846
v 2.282308 -0.884615 0.353846
v -0.982117 1.834818 0.930615
v -0.985469 1.813149 0.948308
v -0.965028 1.805218 0.930615
v -0.982117 1.834818 0.884615
v -0.965028 1.805218 0.884615
v -0.955385 1.769231 0.930615
v -0.973701 1.769231 0.948308
v -1.318874 1.733243 0.930615
v -1.339315 1.725312 0.948308
v -1.335963 1.703643 0.930615
v -1.318874 1.733243 0.884615
v -1.335963 1.703643 0.884615
v -1.371466 1.693161 0.948308
v -1.362308 1.677299 0.930615
v 2.300000 -0.866923 0.707692
v 2.282308 -0.884615 0.707692
v -1.398295 1.667656 0.930615
v -1.415385 1.681393 0.948308
v -1.432474 1.667656 0.930615
v -1.398295 1.667656 0.884615
v -1.432474 1.667656 0.884615
v -1.459303 1.693161 0.948308
v -1.468462 1.677299 0.930615
v 2.282308 -0.884615 0.866923
v 2.300000 -0.866923 0.866923
v 2.282308 -0.866923 0.884615
v -1.491454 1.725312 0.948308
v -1.507317 1.716154 0.930615
v -1.516959 1.752141 0.930615
v -1.503222 1.769231 0.948308
v -1.516959 1.786320 0.930615
v -1.516959 1.752141 0.884615
v -1.516959 1.786320 0.884615
v -1.491454 1.813149 0.948308
v -1.507317 1.822308 0.930615
v 2.300000 -0.530769 0.866923
v 2.282308 -0.530769 0.884615
v -1.459303 1.845300 0.948308
v -1.468462 1.861163 0.930615
v -1.432474 1.870806 0.930615
v -1.415385 1.857068 0.948308
v -1.398295 1.870806 0.930615
v -1.432474 1.870806 0.884615
v -1.398295 1.870806 0.884615
v -1.371466 1.845300 0.948308
v -1.362308 1.861163 0.930615
v -1.335963 1.834818 0.930615
v -1.339315 1.813149 0.948308
v -1.318874 1.805218 0.930615
v -1.335963 1.834818 0.884615
v -1.318874 1.805218 0.884615
v -1.309231 1.769231 0.930615
v -1.327547 1.769231 0.948308
v -1.318874 -1.805218 0.930615
v -1.339315 -1.813149 0.948308
v -1.335963 -1.834818 0.930615
v -1.318874 -1.805218 0.884615
v -1.335963 -1.834818 0.884615
v -1.371466 -1.845300 0.948308
v -1.362308 -1.861163 0.930615
v -1.398295 -1.870806 0.930615
v -1.415385 -1.857068 0.948308
v -1.432474 -1.870806 0.930615
v -1.398295 -1.870806 0.884615
v -1.432474 -1.870806 0.884615
v -1.459303 -1.845300 0.948308
v -1.468462 -1.861163 0.930615
v -1.491454 -1.813149 0.948308
v -1.507317 -1.822308 0.930615
v -1.516959 -1.786320 0.930615
v -1.503222 -1.769231 0.948308
v -1.516959 -1.752141 0.930615
v -1.516959 -1.786320 0.884615
v -1.516959 -1.752141 0.884615
v -1.491454 -1.725312 0.948308
v -1.507317 -1.716154 0.930615
v -1.459303 -1.693161 0.948308
v -1.468462 -1.677299 0.930615
v 2.300000 0.176923 0.866923
v 2.282308 0.176923 0.884615
v -1.432474 -1.667656 0.930615
v -1.415385 -1.681393 0.948308
v -1.398295 -1.667656 0.930615
v 2.300000 -0.176923 0.866923
v 2.282308 -0.176923 0.884615
v -1.432474 -1.667656 0.884615
v -1.398295 -1.667656 0.884615
v -1.371466 -1.693161 0.948308
v -1.362308 -1.677299 0.930615
v -1.335963 -1.703643 0.930615
v -1.339315 -1.725312 0.948308
v -1.318874 -1.733243 0.930615
v -1.335963 -1.703643 0.884615
v -1.318874 -1.733243 0.884615
v -1.309231 -1.769231 0.930615
v -1.327547 -1.769231 0.948308
v -1.693161 1.371466 0.948308
v -1.677299 1.362308 0.930615
v -1.703643 1.335963 0.930615
v -1.725312 1.339315 0.948308
v -1.733243 1.318874 0.930615
v -1.703643 1.335963 0.884615
v -1.733243 1.318874 0.884615
v -1.769231 1.327547 0.948308
v -1.769231 1.309231 0.930615
v -1.805218 1.318874 0.930615
v -1.813149 1.339315 0.948308
v -1.834818 1.335963 0.930615
v -1.805218 1.318874 0.884615
v -1.834818 1.335963 0.884615
v -1.845300 1.371466 0.948308
v -1.861163 1.362308 0.930615
v -1.870806 1.398295 0.930615
v -1.857068 1.415385 0.948308
v -1.870806 1.432474 0.930615
v 2.282308 0.884615 0.176923
v 2.300000 0.866923 0.176923
v -1.870806 1.398295 0.884615
v -1.870806 1.432474 0.884615
v 1.946154 0.902308 0.176923
v 1.963846 0.884615 0.176923
v -1.845300 1.459303 0.948308
v -1.861163 1.468462 0.930615
v 2.282308 0.884615 0.353846
v 2.300000 0.866923 0.353846
v -1.813149 1.491454 0.948308
v -1.822308 1.507317 0.930615
v -1.786320 1.516959 0.930615
v -1.769231 1.503222 0.948308
v -1.752141 1.516959 0.930615
v -1.786320 1.516959 0.884615
v -1.752141 1.516959 0.884615
v -1.725312 1.491454 0.948308
v -1.716154 1.507317 0.930615
v 2.282308 0.884615 0.530769
v 2.300000 0.866923 0.530769
v -1.693161 1.459303 0.948308
v -1.677299 1.468462 0.930615
v -1.667656 1.398295 0.930615
v -1.667656 1.432474 0.930615
v -1.681393 1.415385 0.948308
v -1.667656 1.432474 0.884615
v -1.667656 1.398295 0.884615
v -1.693161 1.017620 0.948308
v -1.677299 1.008461 0.930615
v -1.703643 0.982117 0.930615
v -1.725312 0.985469 0.948308
v -1.733243 0.965027 0.930615
v -1.703643 0.982117 0.884615
v -1.733243 0.965027 0.884615
v -1.769231 0.973701 0.948308
v -1.769231 0.955385 0.930615
v 2.282308 0.866923 0.884615
v 2.300000 0.866923 0.866923
v 2.282308 0.884615 0.866923
v 2.282308 0.530769 0.884615
v 2.300000 0.530769 0.866923
v -1.805218 0.965027 0.930615
v -1.813149 0.985469 0.948308
v -1.834818 0.982117 0.930615
v -1.805218 0.965027 0.884615
v -1.834818 0.982117 0.884615
v 2.282308 0.884615 0.707692
v 2.300000 0.866923 0.707692
v -1.845300 1.017620 0.948308
v -1.861163 1.008461 0.930615
v 1.963846 0.884615 0.866923
v 1.946154 0.902308 0.866923
v 1.928462 0.866923 0.884615
v -0.548462 -3.361539 0.176923
v -0.530769 -3.361539 0.194615
v -1.870806 1.044449 0.930615
v -1.857068 1.061538 0.948308
v -1.870806 1.078628 0.930615
v -1.870806 1.044449 0.884615
v -1.870806 1.078628 0.884615
v -1.845300 1.105457 0.948308
v -1.861163 1.114615 0.930615
v -1.834818 1.140960 0.930615
v -1.813149 1.137608 0.948308
v -1.805218 1.158049 0.930615
v -1.834818 1.140960 0.884615
v -1.805218 1.158049 0.884615
v -1.769231 1.149376 0.948308
v -1.769231 1.167692 0.930615
v -1.733243 1.158049 0.930615
v -1.725312 1.137608 0.948308
v -1.703643 1.140960 0.930615
v -0.884615 -3.361539 0.194615
v -0.866923 -3.361539 0.176923
v -1.733243 1.158049 0.884615
v -1.703643 1.140960 0.884615
v -1.693161 1.105457 0.948308
v -1.677299 1.114615 0.930615
v -1.667656 1.044449 0.930615
v -1.667656 1.078628 0.930615
v -1.681393 1.061538 0.948308
v -1.667656 1.078628 0.884615
v -1.667656 1.044449 0.884615
v -2.047008 0.663774 0.948308
v -2.031145 0.654615 0.930615
v -0.530769 -3.007692 0.690000
v -0.548462 -3.007692 0.707692
v -0.530769 -3.361539 0.690000
v -0.548462 -3.361539 0.707692
v -2.057490 0.628271 0.930615
v -2.079158 0.631623 0.948308
v -2.087090 0.611181 0.930615
v -0.866923 -3.007692 0.707692
v -0.884615 -3.007692 0.690000
v -2.057490 0.628271 0.884615
v -2.087090 0.611181 0.884615
v -2.123077 0.619855 0.948308
v -2.123077 0.601538 0.930615
v -0.866923 -3.361539 0.707692
v -0.884615 -3.361539 0.690000
v -2.159065 0.611181 0.930615
v -2.166996 0.631623 0.948308
v -2.188664 0.628271 0.930615
v -2.159065 0.611181 0.884615
v -2.188664 0.628271 0.884615
v -2.199146 0.663774 0.948308
v -2.215009 0.654615 0.930615
v -2.224652 0.690603 0.930615
v -2.210914 0.707692 0.948308
v -2.224652 0.724782 0.930615
v -2.224652 0.690603 0.884615
v -2.224652 0.724782 0.884615
v -2.199146 0.751611 0.948308
v -2.215009 0.760769 0.930615
v -2.188664 0.787114 0.930615
v -2.166996 0.783762 0.948308
v -2.159065 0.804203 0.930615
v -0.884615 -2.653846 0.194615
v -0.866923 -2.653846 0.176923
v -0.548462 -2.653846 0.176923
v -0.530769 -2.653846 0.194615
v -0.530769 -3.007692 0.194615
v -0.548462 -3.007692 0.176923
v -0.866923 -3.007692 0.176923
v -0.884615 -3.007692 0.194615
v -2.188664 0.787114 0.884615
v -2.159065 0.804203 0.884615
v -2.123077 0.795530 0.948308
v -2.123077 0.813846 0.930615
v -2.087090 0.804203 0.930615
v -2.079158 0.783762 0.948308
v -2.057490 0.787114 0.930615
v -0.530769 -2.653846 0.690000
v -0.548462 -2.653846 0.707692
v -2.087090 0.804203 0.884615
v -2.057490 0.787114 0.884615
v -2.047008 0.751611 0.948308
v -2.031145 0.760769 0.930615
v -2.021502 0.690603 0.930615
v -2.021502 0.724782 0.930615
v -2.035239 0.707692 0.948308
v -2.021502 0.724782 0.884615
v -2.021502 0.690603 0.884615
v -2.047008 0.309927 0.948308
v -2.031145 0.300769 0.930615
v -2.057490 0.274425 0.930615
v -2.079158 0.277777 0.948308
v -2.087090 0.257335 0.930615
v -2.057490 0.274425 0.884615
v -2.087090 0.257335 0.884615
v -2.123077 0.266009 0.948308
v -2.123077 0.247692 0.930615
v -0.530769 -2.317693 0.194615
v -0.530769 -2.300000 0.176923
v -0.513077 -2.300000 0.353846
v -0.530769 -2.317693 0.353846
v -2.159065 0.257335 0.930615
v -2.166996 0.277777 0.948308
v -2.188664 0.274425 0.930615
v -2.159065 0.257335 0.884615
v -2.188664 0.274425 0.884615
v -0.866923 -2.300000 0.176923
v -0.884615 -2.300000 0.194615
v -0.884615 -2.282308 0.176923
v -2.199146 0.309927 0.948308
v -2.215009 0.300769 0.930615
v -2.224652 0.336757 0.930615
v -2.210914 0.353846 0.948308
v -2.224652 0.370936 0.930615
v -2.224652 0.336757 0.884615
v -2.224652 0.370936 0.884615
v -2.199146 0.397765 0.948308
v -2.215009 0.406923 0.930615
v -0.513077 -2.300000 0.530769
v -0.530769 -2.317693 0.530769
v -2.188664 0.433268 0.930615
v -2.166996 0.429916 0.948308
v -2.159065 0.450357 0.930615
v -2.188664 0.433268 0.884615
v -2.159065 0.450357 0.884615
v -2.123077 0.441684 0.948308
v -2.123077 0.460000 0.930615
v -2.087090 0.450357 0.930615
v -2.079158 0.429916 0.948308
v -2.057490 0.433268 0.930615
v -2.087090 0.450357 0.884615
v -2.057490 0.433268 0.884615
v -2.047008 0.397765 0.948308
v -2.031145 0.406923 0.930615
v -2.021502 0.336757 0.930615
v -2.021502 0.370936 0.930615
v -2.035239 0.353846 0.948308
v -2.021502 0.370936 0.884615
v -2.021502 0.336757 0.884615
v -0.866923 -2.317693 0.707692
v -0.884615 -2.300000 0.707692
v -2.047008 -0.043919 0.948308
v -2.031145 -0.053077 0.930615
v -0.866923 -2.653846 0.707692
v -0.884615 -2.653846 0.690000
v -2.057490 -0.079422 0.930615
v -2.079158 -0.076070 0.948308
v -2.087090 -0.096511 0.930615
v -2.057490 -0.079422 0.884615
v -2.087090 -0.096511 0.884615
v -2.123077 -0.087837 0.948308
v -2.123077 -0.106154 0.930615
v -2.159065 -0.096511 0.930615
v -2.166996 -0.076070 0.948308
v -2.188664 -0.079422 0.930615
v -2.159065 -0.096511 0.884615
v -2.188664 -0.079422 0.884615
v -2.199146 -0.043919 0.948308
v -2.215009 -0.053077 0.930615
v -2.224652 -0.017089 0.930615
v -2.210914 -0.000000 0.948308
v -2.224652 0.017089 0.930615
v 0.530769 -3.007692 0.194615
v 0.548462 -3.007692 0.176923
v 0.530769 -3.361539 0.194615
v 0.548462 -3.361539 0.176923
v -2.224652 -0.017089 0.884615
v -2.224652 0.017089 0.884615
v -2.199146 0.043919 0.948308
v -2.215009 0.053077 0.930615
v 0.866923 -3.361539 0.176923
v 0.884615 -3.361539 0.194615
v -2.188664 0.079422 0.930615
v -2.166996 0.076069 0.948308
v -2.159065 0.096511 0.930615
v -2.188664 0.079422 0.884615
v -2.159065 0.096511 0.884615
v -2.123077 0.087837 0.948308
v -2.123077 0.106154 0.930615
v -2.087090 0.096511 0.930615
v -2.079158 0.076069 0.948308
v -2.057490 0.079422 0.930615
v -2.087090 0.096511 0.884615
v -2.057490 0.079422 0.884615
v 0.884615 -3.007692 0.690000
v 0.866923 -3.007692 0.707692
v 0.884615 -3.361539 0.690000
v 0.866923 -3.361539 0.707692
v 0.548462 -3.361539 0.707692
v 0.530769 -3.361539 0.690000
v 0.548462 -3.007692 0.707692
v 0.530769 -3.007692 0.690000
v -2.047008 0.043919 0.948308
v -2.031145 0.053077 0.930615
v -2.021502 -0.017089 0.930615
v -2.021502 0.017089 0.930615
v -2.035239 -0.000000 0.948308
v -2.021502 0.017089 0.884615
v -2.021502 -0.017089 0.884615
v 0.884615 -3.007692 0.194615
v 0.866923 -3.007692 0.176923
v 0.866923 -2.653846 0.176923
v 0.884615 -2.653846 0.194615
v -2.047008 -0.397765 0.948308
v -2.031145 -0.406923 0.930615
v -2.057490 -0.433268 0.930615
v -2.079158 -0.429916 0.948308
v -2.087090 -0.450357 0.930615
v -2.057490 -0.433268 0.884615
v -2.087090 -0.450357 0.884615
v 0.530769 -2.653846 0.194615
v 0.548462 -2.653846 0.176923
v -2.123077 -0.441684 0.948308
v -2.123077 -0.460000 0.930615
v -2.159065 -0.450357 0.930615
v -2.166996 -0.429916 0.948308
v -2.188664 -0.433268 0.930615
v -2.159065 -0.450357 0.884615
v -2.188664 -0.433268 0.884615
v -2.199146 -0.397765 0.948308
v -2.215009 -0.406923 0.930615
v -2.224652 -0.370936 0.930615
v -2.210914 -0.353846 0.948308
v -2.224652 -0.336757 0.930615
v -2.224652 -0.370936 0.884615
v -2.224652 -0.336757 0.884615
v -2.199146 -0.309927 0.948308
v -2.215009 -0.300769 0.930615
v -2.188664 -0.274425 0.930615
v -2.166996 -0.277777 0.948308
v -2.159065 -0.257335 0.930615
v 0.884615 -2.653846 0.690000
v 0.866923 -2.653846 0.707692
v -2.188664 -0.274425 0.884615
v -2.159065 -0.257335 0.884615
v -2.123077 -0.266009 0.948308
v -2.123077 -0.247692 0.930615
v -2.087090 -0.257335 0.930615
v -2.079158 -0.277777 0.948308
v -2.057490 -0.274425 0.930615
v -2.087090 -0.257335 0.884615
v -2.057490 -0.274425 0.884615
v -2.047008 -0.309927 0.948308
v -2.031145 -0.300769 0.930615
v -2.021502 -0.370936 0.930615
v -2.021502 -0.336757 0.930615
v -2.035239 -0.353846 0.948308
v 0.548462 -2.653846 0.707692
v 0.530769 -2.653846 0.690000
v -2.021502 -0.336757 0.884615
v -2.021502 -0.370936 0.884615
v 0.884615 -2.300000 0.194615
v 0.866923 -2.300000 0.176923
v 0.884615 -2.282308 0.176923
v -2.047008 -0.751611 0.948308
v -2.031145 -0.760769 0.930615
v 0.530769 -2.317693 0.194615
v 0.530769 -2.300000 0.176923
v -2.057490 -0.787114 0.930615
v -2.079158 -0.783762 0.948308
v -2.087090 -0.804203 0.930615
v -2.057490 -0.787114 0.884615
v -2.087090 -0.804203 0.884615
v -2.123077 -0.795530 0.948308
v -2.123077 -0.813846 0.930615
v -2.159065 -0.804203 0.930615
v -2.166996 -0.783762 0.948308
v -2.188664 -0.787114 0.930615
v -2.159065 -0.804203 0.884615
v -2.188664 -0.787114 0.884615
v -2.199146 -0.751611 0.948308
v -2.215009 -0.760769 0.930615
v -2.224652 -0.724782 0.930615
v -2.210914 -0.707692 0.948308
v -2.224652 -0.690603 0.930615
v 0.530769 -2.317693 0.353846
v 0.513077 -2.300000 0.353846
v -2.224652 -0.724782 0.884615
v -2.224652 -0.690603 0.884615
v -2.199146 -0.663774 0.948308
v -2.215009 -0.654615 0.930615
v -2.188664 -0.628271 0.930615
v -2.166996 -0.631623 0.948308
v -2.159065 -0.611181 0.930615
v -2.188664 -0.628271 0.884615
v -2.159065 -0.611181 0.884615
v -2.123077 -0.619855 0.948308
v -2.123077 -0.601539 0.930615
v -2.087090 -0.611181 0.930615
v -2.079158 -0.631623 0.948308
v -2.057490 -0.628271 0.930615
v -2.087090 -0.611181 0.884615
v -2.057490 -0.628271 0.884615
v -2.047008 -0.663774 0.948308
v -2.031145 -0.654615 0.930615
v -2.021502 -0.724782 0.930615
v -2.021502 -0.690603 0.930615
v -2.035239 -0.707692 0.948308
v -2.021502 -0.690603 0.884615
v -2.021502 -0.724782 0.884615
vn -1.0000 -0.0000 -0.0000
vn 1.0000 -0.0000 -0.0000
vn -0.0000 1.0000 -0.0000
vn -0.0000 -1.0000 -0.0000
vn 0.3949 -0.6840 0.6133
vn -0.3949 -0.6840 0.6133
vn -0.7899 -0.0000 0.6133
vn -0.5774 -0.5773 0.5774
vn -0.5773 -0.5774 0.5774
vn -0.3949 0.6840 0.6133
vn 0.3949 0.6840 0.6133
vn 0.7899 -0.0000 0.6133
vn -0.5773 0.5774 0.5774
vn -0.3015 0.3015 0.9045
vn -0.0000 0.7898 0.6133
vn -0.5774 0.5774 0.5774
vn -0.0000 -0.7898 0.6133
vn -0.0000 -0.7899 0.6133
vn -0.6840 -0.3949 0.6133
vn -0.6840 0.3949 0.6133
vn 0.6840 -0.3949 0.6133
vn 0.6840 0.3949 0.6133
vn -0.0000 0.7899 0.6133
vn 0.5773 0.5774 0.5774
vn 0.5773 -0.5774 0.5774
vn -0.5774 0.5773 0.5774
vn 0.3015 -0.9045 0.3015
vn -0.3015 -0.9045 0.3015
vn 0.9045 -0.3015 0.3015
vn 0.5774 -0.5773 0.5774
vn 0.5774 0.5773 0.5774
vn 0.3015 -0.3015 0.9045
vn 0.3015 0.3015 0.9045
vn 0.5774 -0.5774 0.5774
vn 0.5774 0.5774 0.5774
vn -0.5774 -0.5774 -0.5773
vn 0.5774 -0.5774 -0.5773
vn -0.7071 -0.7071 -0.0000
vn 0.5000 0.5000 0.7071
vn 0.6830 0.1830 0.7071
vn 0.6830 -0.1830 0.7071
vn 0.5000 -0.5000 0.7071
vn 0.1830 -0.6830 0.7071
vn 0.5000 -0.8660 -0.0000
vn -0.1830 -0.6830 0.7071
vn -0.5000 -0.5000 0.7071
vn -0.5000 -0.8660 -0.0000
vn -0.6830 -0.1830 0.7071
vn -0.6830 0.1830 0.7071
vn -0.5000 0.5000 0.7071
vn -0.1830 0.6830 0.7071
vn -0.5000 0.8660 -0.0000
vn 0.1830 0.6830 0.7071
vn 0.5000 0.8660 -0.0000
vn -0.7071 0.7071 -0.0000
vn -0.0000 0.7071 0.7071
vn -0.8660 -0.5000 -0.0000
vn -0.8660 0.5000 -0.0000
vn 0.8660 -0.5000 -0.0000
vn 0.8660 0.5000 -0.0000
vn -0.7071 -0.0000 0.7071
vn -0.0000 -0.7071 0.7071
vn 0.7071 -0.7071 -0.0000
vn 0.7071 0.7071 -0.0000
vn 0.8840 0.4652 0.0465
vn 0.8893 0.0240 0.4567
vn 0.8893 -0.0240 0.4567
vn -0.8840 0.4652 0.0465
vn 0.7071 -0.0000 0.7071
vn -0.7071 -0.0000 -0.7071
vn 0.7071 -0.0000 -0.7071
vn 0.8840 -0.4652 -0.0465
vn 0.4652 0.8840 0.0465
vn 0.4652 -0.8840 0.0465
vn -0.0230 -0.4379 0.8988
vn 0.0240 0.8893 0.4567
vn 0.8840 -0.4652 0.0465
vn 0.0240 -0.8893 0.4567
vn -0.8840 -0.4652 -0.0465
vn -0.8840 -0.4652 0.0465
vn -0.8893 0.0240 0.4567
vn -0.0240 0.8893 0.4567
vn -0.4652 0.8840 0.0465
vn -0.8893 -0.0240 0.4567
vn -0.4652 -0.8840 0.0465
vn -0.0240 -0.8893 0.4567
vn 0.8896 -0.0228 -0.4562
vn -0.4562 -0.0228 0.8896
vn -0.8896 -0.0228 -0.4562
vn 0.9659 -0.2588 -0.0000
vn -0.0000 -0.0000 1.0000
vn 0.2588 -0.9659 -0.0000
vn -0.2588 -0.9659 -0.0000
vn -0.9659 -0.2588 -0.0000
vn -0.9659 0.2588 -0.0000
vn -0.2588 0.9659 -0.0000
vn 0.2588 0.9659 -0.0000
vn 0.9659 0.2588 -0.0000
vn -0.0000 -0.0000 -1.0000
s 0
usemtl Dough
f 377//34 386//34 384//34 385//34
f 389//34 388//34 386//34 377//34
f 391//34 390//34 388//34 389//34
f 386//34 402//34 394//34 384//34
f 388//34 395//34 402//34 386//34
f 390//34 398//34 395//34 388//34
f 402//34 405//34 403//34 394//34
f 395//34 414//34 405//34 402//34
f 398//34 412//34 414//34 395//34
f 474//35 475//35 476//35 469//35
f 469//35 476//35 484//35 478//35
f 478//35 484//35 486//35 473//35
f 473//35 486//35 481//35 482//35
f 545//36 518//36 575//36 547//36
f 518//36 549//36 548//36 575//36
f 549//36 551//36 577//36 548//36
f 554//37 555//37 527//37 556//37
f 555//37 584//37 528//37 527//37
f 584//37 586//37 531//37 528//37
f 536//36 535//36 589//36 588//36
f 535//36 538//36 591//36 589//36
f 538//36 562//36 564//36 591//36
f 562//36 563//36 592//36 564//36
f 594//37 565//37 566//37 567//37
f 565//37 570//37 571//37 566//37
f 570//37 599//37 543//37 571//37
f 599//37 598//37 572//37 543//37
f 547//36 575//36 576//36 600//36
f 575//36 548//36 578//36 576//36
f 548//36 577//36 603//36 578//36
f 600//36 576//36 631//36 630//36
f 576//36 578//36 602//36 631//36
f 578//36 603//36 606//36 602//36
f 651//34 659//34 660//34 653//34
f 654//34 661//34 659//34 651//34
f 650//34 665//34 661//34 654//34
f 649//34 658//34 665//34 650//34
f 728//35 729//35 738//35 731//35
f 731//35 738//35 740//35 720//35
f 720//35 740//35 742//35 724//35
f 729//35 746//35 748//35 738//35
f 738//35 748//35 750//35 740//35
f 740//35 750//35 741//35 742//35
f 746//35 754//35 755//35 748//35
f 748//35 755//35 758//35 750//35
f 750//35 758//35 762//35 741//35
f 769//35 778//35 780//35 770//35
f 771//34 781//34 783//34 766//34
f 778//35 789//35 779//35 780//35
f 781//34 782//34 776//34 783//34
f 782//34 497//34 496//34 776//34
f 797//35 807//35 809//35 798//35
f 803//34 802//34 800//34 801//34
f 807//35 816//35 820//35 809//35
f 802//34 810//34 811//34 800//34
f 816//35 815//35 819//35 820//35
f 835//38 836//38 837//38
f 844//39 845//39 846//39
f 853//40 854//40 855//40
f 864//41 865//41 866//41
f 867//42 868//42 869//42
f 870//43 871//43 872//43
f 879//44 880//44 881//44
f 886//45 887//45 888//45
f 895//38 896//38 897//38
f 902//39 903//39 904//39
f 909//40 910//40 911//40
f 916//43 917//43 918//43
f 923//44 924//44 925//44
f 930//45 931//45 932//45
f 937//38 938//38 939//38
f 944//39 945//39 946//39
f 953//40 954//40 955//40
f 964//43 965//43 966//43
f 971//44 972//44 973//44
f 978//45 979//45 980//45
f 989//38 990//38 991//38
f 1000//39 1001//39 1002//39
f 1007//46 1008//46 1009//46
f 1010//47 1011//47 1012//47
f 1015//40 1016//40 1017//40
f 1024//43 1025//43 1026//43
f 1035//44 1036//44 1037//44
f 1042//45 1043//45 1044//45
f 1051//38 1052//38 1053//38
f 1058//39 1059//39 1060//39
f 1065//40 1066//40 1067//40
f 1072//43 1073//43 1074//43
f 1079//44 1080//44 1081//44
f 1090//45 1091//45 1092//45
f 1097//38 1098//38 1099//38
f 1104//39 1105//39 1106//39
f 1119//40 1120//40 1121//40
f 1128//48 1129//48 1130//48
f 1139//45 1140//45 1141//45
f 1144//49 1145//49 1146//49
f 1151//38 1152//38 1153//38
f 1160//39 1161//39 1162//39
f 1171//40 1172//40 1173//40
f 1180//43 1181//43 1182//43
f 1191//41 1192//41 1193//41
f 1196//44 1197//44 1198//44
f 1205//45 1206//45 1207//45
f 1214//42 1215//42 1216//42
f 1217//38 1218//38 1219//38
f 1230//39 1231//39 1232//39
f 1237//40 1238//40 1239//40
f 1246//43 1247//43 1248//43
f 1259//44 1260//44 1261//44
f 1266//45 1267//45 1268//45
f 1277//47 1278//47 1279//47
f 1280//50 1281//50 1282//50
f 1283//46 1284//46 1285//46
f 1294//40 1295//40 1296//40
f 1301//43 1302//43 1303//43
f 1308//44 1309//44 1310//44
f 1315//45 1316//45 1317//45
f 1324//51 1325//51 1326//51
f 1331//52 1332//52 1333//52
f 1338//53 1339//53 1340//53
f 1345//48 1346//48 1347//48
f 1358//45 1359//45 1360//45
f 1365//54 1366//54 1367//54
f 1374//51 1375//51 1376//51
f 1381//52 1382//52 1383//52
f 1392//53 1393//53 1394//53
f 1399//48 1400//48 1401//48
f 1410//55 1411//55 1412//55
f 1419//54 1420//54 1421//54
f 1428//50 1429//50 1430//50
f 1443//52 1444//52 1445//52
f 1452//53 1453//53 1454//53
f 1461//56 1462//56 1463//56
f 1470//55 1471//55 1472//55
f 1479//57 1480//57 1481//57
f 1486//54 1487//54 1488//54
f 1499//50 1500//50 1501//50
f 1506//52 1507//52 1508//52
f 1515//53 1516//53 1517//53
f 1524//48 1525//48 1526//48
f 1533//55 1534//55 1535//55
f 1544//38 1545//38 1546//38
f 1553//58 1554//58 1555//58
f 1568//53 1569//53 1570//53
f 1579//44 1580//44 1581//44
f 1586//55 1587//55 1588//55
f 1595//54 1596//54 1597//54
f 1600//38 1601//38 1602//38
f 1609//47 1610//47 1611//47
f 1614//59 1615//59 1616//59
f 1617//52 1618//52 1619//52
f 1628//60 1629//60 1630//60
f 1637//44 1638//44 1639//44
f 1650//54 1651//54 1652//54
f 1657//50 1658//50 1659//50
f 1664//52 1665//52 1666//52
f 1673//53 1674//53 1675//53
f 1686//48 1687//48 1688//48
f 1693//55 1694//55 1695//55
f 1700//54 1701//54 1702//54
f 1709//50 1710//50 1711//50
f 1716//52 1717//52 1718//52
f 1723//53 1724//53 1725//53
f 1730//48 1731//48 1732//48
f 1737//55 1738//55 1739//55
f 1746//38 1747//38 1748//38
f 1751//51 1752//51 1753//51
f 1760//40 1761//40 1762//40
f 1765//53 1766//53 1767//53
f 1772//48 1773//48 1774//48
f 1779//55 1780//55 1781//55
f 1784//45 1785//45 1786//45
f 1791//38 1792//38 1793//38
f 1796//51 1797//51 1798//51
f 1807//40 1808//40 1809//40
f 1816//61 1817//61 1818//61
f 1823//56 1824//56 1825//56
f 1830//44 1831//44 1832//44
f 1841//45 1842//45 1843//45
f 1846//54 1847//54 1848//54
f 1857//51 1858//51 1859//51
f 1864//52 1865//52 1866//52
f 1871//53 1872//53 1873//53
f 1878//56 1879//56 1880//56
f 1885//55 1886//55 1887//55
f 1892//54 1893//54 1894//54
f 1899//51 1900//51 1901//51
f 1906//52 1907//52 1908//52
f 1913//53 1914//53 1915//53
f 1920//56 1921//56 1922//56
f 1925//62 1926//62 1927//62
f 1930//55 1931//55 1932//55
f 1937//54 1938//54 1939//54
f 1942//63 1943//63 1944//63
f 1947//51 1948//51 1949//51
f 1960//52 1961//52 1962//52
f 1971//53 1972//53 1973//53
f 1978//56 1979//56 1980//56
f 1989//55 1990//55 1991//55
f 1992//46 1993//46 1994//46
f 2001//54 2002//54 2003//54
f 2010//51 2011//51 2012//51
f 2025//52 2026//52 2027//52
f 2036//53 2037//53 2038//53
f 2051//56 2052//56 2053//56
f 2060//55 2061//55 2062//55
f 2067//54 2068//54 2069//54
f 2070//42 2071//42 2072//42
f 2079//51 2080//51 2081//51
f 2090//52 2091//52 2092//52
f 2099//53 2100//53 2101//53
f 2106//56 2107//56 2108//56
f 2113//55 2114//55 2115//55
f 2126//64 2127//64 2128//64
f 2129//54 2130//54 2131//54
f 2136//50 2137//50 2138//50
f 2149//52 2150//52 2151//52
f 2156//53 2157//53 2158//53
f 2163//65 2164//65 2165//65
f 2170//48 2171//48 2172//48
f 2177//55 2178//55 2179//55
f 2192//39 2193//39 2194//39
f 2201//53 2202//53 2203//53
f 2206//43 2207//43 2208//43
f 2219//55 2220//55 2221//55
f 2228//54 2229//54 2230//54
f 2241//39 2242//39 2243//39
f 2246//52 2247//52 2248//52
f 2255//66 2256//66 2257//66
f 2260//43 2261//43 2262//43
f 2281//63 2282//63 2283//63
f 2284//54 2285//54 2286//54
f 2297//50 2298//50 2299//50
f 2304//52 2305//52 2306//52
f 2313//53 2314//53 2315//53
f 2320//48 2321//48 2322//48
f 2327//55 2328//55 2329//55
f 2338//54 2339//54 2340//54
f 2341//66 2342//66 2343//66
f 2348//57 2349//57 2350//57
f 2351//50 2352//50 2353//50
f 2358//52 2359//52 2360//52
f 2367//53 2368//53 2369//53
f 2378//48 2379//48 2380//48
f 2387//55 2388//55 2389//55
f 2402//51 2403//51 2404//51
f 2407//39 2408//39 2409//39
f 2414//67 2415//67 2416//67
f 2419//40 2420//40 2421//40
f 2426//53 2427//53 2428//53
f 2433//48 2434//48 2435//48
f 2444//65 2445//65 2446//65
f 2449//55 2450//55 2451//55
f 2454//45 2455//45 2456//45
f 2469//51 2470//51 2471//51
f 2474//39 2475//39 2476//39
f 2485//40 2486//40 2487//40
f 2496//43 2497//43 2498//43
f 2501//56 2502//56 2503//56
f 2512//45 2513//45 2514//45
f 2519//54 2520//54 2521//54
f 2528//51 2529//51 2530//51
f 2535//68 2536//68 2537//68
f 2540//52 2541//52 2542//52
f 2547//53 2548//53 2549//53
f 2556//48 2557//48 2558//48
f 2569//55 2570//55 2571//55
f 2576//54 2577//54 2578//54
f 2585//51 2586//51 2587//51
f 2592//58 2593//58 2594//58
f 2597//40 2598//40 2599//40
f 2608//48 2609//48 2610//48
f 2615//55 2616//55 2617//55
f 2622//54 2623//54 2624//54
f 2629//50 2630//50 2631//50
f 2638//40 2639//40 2640//40
f 2649//56 2650//56 2651//56
f 2658//55 2659//55 2660//55
f 2667//38 2668//38 2669//38
f 2674//39 2675//39 2676//39
f 2681//40 2682//40 2683//40
f 2696//48 2697//48 2698//48
f 2707//45 2708//45 2709//45
f 2714//38 2715//38 2716//38
f 2721//57 2722//57 2723//57
f 2726//39 2727//39 2728//39
f 2735//66 2736//66 2737//66
f 2740//40 2741//40 2742//40
f 2747//43 2748//43 2749//43
f 2754//44 2755//44 2756//44
f 2763//45 2764//45 2765//45
f 2774//38 2775//38 2776//38
f 2785//39 2786//39 2787//39
f 2792//40 2793//40 2794//40
f 2799//43 2800//43 2801//43
f 2814//44 2815//44 2816//44
f 2823//45 2824//45 2825//45
f 2830//38 2831//38 2832//38
f 2841//39 2842//39 2843//39
f 2846//69 2847//69 2848//69
f 2851//40 2852//40 2853//40
f 2860//43 2861//43 2862//43
f 2867//44 2868//44 2869//44
f 2874//45 2875//45 2876//45
f 2885//38 2886//38 2887//38
f 2892//39 2893//39 2894//39
f 2899//40 2900//40 2901//40
f 2912//43 2913//43 2914//43
f 2919//44 2920//44 2921//44
f 2934//45 2935//45 2936//45
f 2945//38 2946//38 2947//38
f 2954//39 2955//39 2956//39
f 2961//40 2962//40 2963//40
f 2968//43 2969//43 2970//43
f 2977//44 2978//44 2979//44
f 2984//45 2985//45 2986//45
f 2991//70 2992//70 2993//70
f 2998//38 2999//38 3000//38
f 3005//39 3006//39 3007//39
f 3012//40 3013//40 3014//40
f 3021//43 3022//43 3023//43
f 3028//44 3029//44 3030//44
f 3035//45 3036//45 3037//45
f 827//71 825//71 826//71 828//71
f 1135//72 1137//72 1138//72 1136//72
f 829//71 831//71 832//71 830//71
f 1137//73 1139//73 1141//73 1138//73
f 1140//35 1148//35 1147//35 1141//35
f 1207//74 1149//74 1150//74 1205//74
f 1149//75 1152//75 1151//75 1150//75
f 1152//76 1158//76 1159//76 1153//76
f 1154//77 1151//77 1153//77 1155//77
f 1158//78 1161//78 1160//78 1159//78
f 1161//79 1165//79 1166//79 1162//79
f 1163//80 1160//80 1162//80 1164//80
f 1165//81 1172//81 1171//81 1166//81
f 1172//82 1178//82 1179//82 1173//82
f 1174//34 1171//34 1173//34 1175//34
f 1178//83 1181//83 1180//83 1179//83
f 1181//84 1189//84 1190//84 1182//84
f 1187//85 1180//85 1182//85 1188//85
f 1189//86 1197//86 1196//86 1190//86
f 1197//72 1203//72 1204//72 1198//72
f 1201//87 1196//87 1198//87 1202//87
f 1203//73 1207//73 1206//73 1204//73
f 1205//35 1209//35 1208//35 1206//35
f 1268//74 1210//74 1211//74 1266//74
f 1210//75 1218//75 1217//75 1211//75
f 1218//76 1226//76 1227//76 1219//76
f 1220//77 1217//77 1219//77 1221//77
f 1226//78 1231//78 1230//78 1227//78
f 1231//79 1235//79 1236//79 1232//79
f 1233//80 1230//80 1232//80 1234//80
f 1235//81 1238//81 1237//81 1236//81
f 1238//82 1242//82 1243//82 1239//82
f 1240//34 1237//34 1239//34 1241//34
f 1242//83 1247//83 1246//83 1243//83
f 1247//84 1251//84 1252//84 1248//84
f 1249//85 1246//85 1248//85 1250//85
f 1251//86 1260//86 1259//86 1252//86
f 1260//72 1264//72 1265//72 1261//72
f 1262//87 1259//87 1261//87 1263//87
f 1264//73 1268//73 1267//73 1265//73
f 1266//35 1270//35 1269//35 1267//35
f 1317//74 1271//74 1272//74 1315//74
f 1271//75 1273//75 1274//75 1272//75
f 1273//76 1281//76 1280//76 1274//76
f 1281//78 1290//78 1291//78 1282//78
f 1286//37 1280//37 1282//37 1287//37
f 961//88 963//88 962//88 960//88
f 1290//79 1292//79 1293//79 1291//79
f 1292//81 1295//81 1294//81 1293//81
f 1295//82 1299//82 1300//82 1296//82
f 1297//34 1294//34 1296//34 1298//34
f 1299//83 1302//83 1301//83 1300//83
f 1302//84 1306//84 1307//84 1303//84
f 1304//85 1301//85 1303//85 1305//85
f 1306//86 1309//86 1308//86 1307//86
f 1309//72 1313//72 1314//72 1310//72
f 1311//87 1308//87 1310//87 1312//87
f 1313//73 1317//73 1316//73 1314//73
f 1315//35 1319//35 1318//35 1316//35
f 1009//89 1012//89 1011//89 1007//89
f 1010//88 1013//88 1014//88 1011//88
f 1360//74 1320//74 1321//74 1358//74
f 1320//75 1322//75 1323//75 1321//75
f 1322//76 1325//76 1324//76 1323//76
f 1325//78 1329//78 1330//78 1326//78
f 1327//37 1324//37 1326//37 1328//37
f 1329//79 1332//79 1331//79 1330//79
f 1332//81 1336//81 1337//81 1333//81
f 1334//90 1331//90 1333//90 1335//90
f 1336//82 1339//82 1338//82 1337//82
f 1339//83 1343//83 1344//83 1340//83
f 1341//91 1338//91 1340//91 1342//91
f 1343//84 1346//84 1345//84 1344//84
f 1346//86 1350//86 1351//86 1347//86
f 1348//36 1345//36 1347//36 1349//36
f 1350//72 1352//72 1353//72 1351//72
f 1352//73 1360//73 1359//73 1353//73
f 1358//35 1364//35 1363//35 1359//35
f 1418//74 1366//74 1365//74 1417//74
f 1366//75 1372//75 1373//75 1367//75
f 1370//92 1365//92 1367//92 1371//92
f 1372//76 1375//76 1374//76 1373//76
f 1375//78 1379//78 1380//78 1376//78
f 1377//37 1374//37 1376//37 1378//37
f 1379//79 1382//79 1381//79 1380//79
f 1382//81 1390//81 1391//81 1383//81
f 1388//90 1381//90 1383//90 1389//90
f 1390//82 1393//82 1392//82 1391//82
f 1393//83 1397//83 1398//83 1394//83
f 1395//91 1392//91 1394//91 1396//91
f 1397//84 1400//84 1399//84 1398//84
f 1400//86 1406//86 1407//86 1401//86
f 1402//36 1399//36 1401//36 1403//36
f 1406//72 1411//72 1410//72 1407//72
f 1411//73 1418//73 1417//73 1412//73
f 1413//93 1410//93 1412//93 1414//93
f 1485//74 1420//74 1419//74 1484//74
f 1420//75 1426//75 1427//75 1421//75
f 1424//92 1419//92 1421//92 1425//92
f 1426//76 1429//76 1428//76 1427//76
f 1143//94 1144//94 1146//94 1142//94
f 1429//78 1435//78 1436//78 1430//78
f 1431//37 1428//37 1430//37 1432//37
f 1435//79 1444//79 1443//79 1436//79
f 1444//81 1448//81 1449//81 1445//81
f 1446//90 1443//90 1445//90 1447//90
f 1448//82 1453//82 1452//82 1449//82
f 1168//71 1170//71 1169//71 1167//71
f 1453//83 1459//83 1460//83 1454//83
f 1457//91 1452//91 1454//91 1458//91
f 1459//84 1462//84 1461//84 1460//84
f 1462//86 1466//86 1467//86 1463//86
f 1464//36 1461//36 1463//36 1465//36
f 1466//72 1471//72 1470//72 1467//72
f 1191//71 1194//71 1195//71 1192//71
f 1471//73 1485//73 1484//73 1472//73
f 1477//93 1470//93 1472//93 1478//93
f 1539//74 1487//74 1486//74 1538//74
f 1487//75 1493//75 1494//75 1488//75
f 1491//92 1486//92 1488//92 1492//92
f 1493//76 1500//76 1499//76 1494//76
f 1212//95 1214//95 1216//95 1213//95
f 1500//78 1504//78 1505//78 1501//78
f 1502//37 1499//37 1501//37 1503//37
f 1504//79 1507//79 1506//79 1505//79
f 1507//81 1513//81 1514//81 1508//81
f 1511//90 1506//90 1508//90 1512//90
f 1513//82 1516//82 1515//82 1514//82
f 1516//83 1522//83 1523//83 1517//83
f 1520//91 1515//91 1517//91 1521//91
f 1522//84 1525//84 1524//84 1523//84
f 1525//86 1529//86 1530//86 1526//86
f 1527//36 1524//36 1526//36 1528//36
f 1529//72 1534//72 1533//72 1530//72
f 1534//73 1539//73 1538//73 1535//73
f 1536//93 1533//93 1535//93 1537//93
f 1594//74 1542//74 1543//74 1593//74
f 1542//75 1545//75 1544//75 1543//75
f 1545//76 1549//76 1550//76 1546//76
f 1285//94 1277//94 1279//94 1283//94
f 1547//77 1544//77 1546//77 1548//77
f 1549//78 1551//78 1552//78 1550//78
f 1551//79 1564//79 1565//79 1552//79
f 1564//81 1566//81 1567//81 1565//81
f 1566//82 1569//82 1568//82 1567//82
f 1569//83 1573//83 1574//83 1570//83
f 1571//91 1568//91 1570//91 1572//91
f 1573//84 1577//84 1578//84 1574//84
f 1577//86 1580//86 1579//86 1578//86
f 1580//72 1587//72 1586//72 1581//72
f 1584//87 1579//87 1581//87 1585//87
f 1587//73 1594//73 1593//73 1588//73
f 1591//93 1586//93 1588//93 1592//93
f 1649//74 1596//74 1595//74 1648//74
f 1596//75 1601//75 1600//75 1597//75
f 1598//92 1595//92 1597//92 1599//92
f 1601//76 1605//76 1606//76 1602//76
f 1603//77 1600//77 1602//77 1604//77
f 1605//78 1607//78 1608//78 1606//78
f 1607//79 1618//79 1617//79 1608//79
f 1618//81 1622//81 1623//81 1619//81
f 1620//90 1617//90 1619//90 1621//90
f 1622//82 1624//82 1625//82 1623//82
f 1355//96 1356//96 1357//96 1354//96
f 1624//83 1626//83 1627//83 1625//83
f 1626//84 1631//84 1632//84 1627//84
f 1631//86 1638//86 1637//86 1632//86
f 1638//72 1646//72 1647//72 1639//72
f 1640//87 1637//87 1639//87 1641//87
f 1646//73 1649//73 1648//73 1647//73
f 1699//74 1651//74 1650//74 1698//74
f 1385//88 1386//88 1387//88 1384//88
f 1651//75 1655//75 1656//75 1652//75
f 1653//92 1650//92 1652//92 1654//92
f 1655//76 1658//76 1657//76 1656//76
f 1658//78 1662//78 1663//78 1659//78
f 1660//37 1657//37 1659//37 1661//37
f 1662//79 1665//79 1664//79 1663//79
f 1665//81 1671//81 1672//81 1666//81
f 1667//90 1664//90 1666//90 1668//90
f 1671//82 1674//82 1673//82 1672//82
f 1674//83 1684//83 1685//83 1675//83
f 1678//91 1673//91 1675//91 1679//91
f 1684//84 1687//84 1686//84 1685//84
f 1687//86 1691//86 1692//86 1688//86
f 1689//36 1686//36 1688//36 1690//36
f 1691//72 1694//72 1693//72 1692//72
f 1694//73 1699//73 1698//73 1695//73
f 1696//93 1693//93 1695//93 1697//93
f 1437//97 1439//97 1440//97 1438//97
f 1743//74 1701//74 1700//74 1742//74
f 1701//75 1705//75 1706//75 1702//75
f 1703//92 1700//92 1702//92 1704//92
f 1705//76 1710//76 1709//76 1706//76
f 1710//78 1714//78 1715//78 1711//78
f 1712//37 1709//37 1711//37 1713//37
f 1714//79 1717//79 1716//79 1715//79
f 1717//81 1721//81 1722//81 1718//81
f 1483//98 1475//98 1476//98 1482//98
f 1719//90 1716//90 1718//90 1720//90
f 1479//99 1483//99 1482//99 1480//99
f 1721//82 1724//82 1723//82 1722//82
f 1724//83 1728//83 1729//83 1725//83
f 1726//91 1723//91 1725//91 1727//91
f 1728//84 1731//84 1730//84 1729//84
f 1731//86 1735//86 1736//86 1732//86
f 1733//36 1730//36 1732//36 1734//36
f 1735//72 1738//72 1737//72 1736//72
f 1738//73 1743//73 1742//73 1739//73
f 1740//93 1737//93 1739//93 1741//93
f 1786//74 1744//74 1745//74 1784//74
f 1744//75 1747//75 1746//75 1745//75
f 1747//76 1752//76 1751//76 1748//76
f 1749//77 1746//77 1748//77 1750//77
f 1752//78 1756//78 1757//78 1753//78
f 1754//37 1751//37 1753//37 1755//37
f 1756//79 1758//79 1759//79 1757//79
f 1758//81 1761//81 1760//81 1759//81
f 1761//82 1766//82 1765//82 1762//82
f 1763//34 1760//34 1762//34 1764//34
f 1766//83 1770//83 1771//83 1767//83
f 1768//91 1765//91 1767//91 1769//91
f 1555//100 1556//100 1557//100 1553//100
f 1562//88 1558//88 1559//88 1563//88
f 1770//84 1773//84 1772//84 1771//84
f 1773//86 1777//86 1778//86 1774//86
f 1775//36 1772//36 1774//36 1776//36
f 1777//72 1780//72 1779//72 1778//72
f 1780//73 1786//73 1785//73 1781//73
f 1782//93 1779//93 1781//93 1783//93
f 1784//35 1788//35 1787//35 1785//35
f 1843//74 1789//74 1790//74 1841//74
f 1789//75 1792//75 1791//75 1790//75
f 1792//76 1797//76 1796//76 1793//76
f 1794//77 1791//77 1793//77 1795//77
f 1797//78 1803//78 1804//78 1798//78
f 1801//37 1796//37 1798//37 1802//37
f 1803//79 1805//79 1806//79 1804//79
f 1805//81 1808//81 1807//81 1806//81
f 1614//94 1609//94 1611//94 1615//94
f 1613//89 1616//89 1615//89 1612//89
f 1808//82 1812//82 1813//82 1809//82
f 1810//34 1807//34 1809//34 1811//34
f 1812//83 1819//83 1820//83 1813//83
f 1819//84 1824//84 1823//84 1820//84
f 1824//86 1831//86 1830//86 1825//86
f 1828//36 1823//36 1825//36 1829//36
f 1633//95 1635//95 1636//95 1634//95
f 1831//72 1837//72 1838//72 1832//72
f 1833//87 1830//87 1832//87 1834//87
f 1642//97 1644//97 1645//97 1643//97
f 1837//73 1843//73 1842//73 1838//73
f 1841//35 1845//35 1844//35 1842//35
f 1891//74 1847//74 1846//74 1890//74
f 1847//75 1851//75 1852//75 1848//75
f 1849//92 1846//92 1848//92 1850//92
f 1851//76 1858//76 1857//76 1852//76
f 1858//78 1862//78 1863//78 1859//78
f 1860//37 1857//37 1859//37 1861//37
f 1862//79 1865//79 1864//79 1863//79
f 1865//81 1869//81 1870//81 1866//81
f 1867//90 1864//90 1866//90 1868//90
f 1869//82 1872//82 1871//82 1870//82
f 1681//96 1682//96 1683//96 1680//96
f 1872//83 1876//83 1877//83 1873//83
f 1874//91 1871//91 1873//91 1875//91
f 1876//84 1879//84 1878//84 1877//84
f 1879//86 1883//86 1884//86 1880//86
f 1881//36 1878//36 1880//36 1882//36
f 1883//72 1886//72 1885//72 1884//72
f 1886//73 1891//73 1890//73 1887//73
f 1888//93 1885//93 1887//93 1889//93
f 1936//74 1893//74 1892//74 1935//74
f 1893//75 1897//75 1898//75 1894//75
f 1895//92 1892//92 1894//92 1896//92
f 1897//76 1900//76 1899//76 1898//76
f 1900//78 1904//78 1905//78 1901//78
f 1902//37 1899//37 1901//37 1903//37
f 1904//79 1907//79 1906//79 1905//79
f 1907//81 1911//81 1912//81 1908//81
f 1909//90 1906//90 1908//90 1910//90
f 1911//82 1914//82 1913//82 1912//82
f 1914//83 1918//83 1919//83 1915//83
f 1916//91 1913//91 1915//91 1917//91
f 1918//84 1921//84 1920//84 1919//84
f 1921//86 1928//86 1929//86 1922//86
f 1923//36 1920//36 1922//36 1924//36
f 1928//72 1931//72 1930//72 1929//72
f 1931//73 1936//73 1935//73 1932//73
f 1933//93 1930//93 1932//93 1934//93
f 2000//74 1938//74 1937//74 1999//74
f 1938//75 1945//75 1946//75 1939//75
f 1940//92 1937//92 1939//92 1941//92
f 1945//76 1948//76 1947//76 1946//76
f 1948//78 1952//78 1953//78 1949//78
f 1950//37 1947//37 1949//37 1951//37
f 1952//79 1961//79 1960//79 1953//79
f 1961//81 1965//81 1966//81 1962//81
f 1963//90 1960//90 1962//90 1964//90
f 1965//82 1972//82 1971//82 1966//82
f 1972//83 1976//83 1977//83 1973//83
f 1974//91 1971//91 1973//91 1975//91
f 1976//84 1979//84 1978//84 1977//84
f 1979//86 1985//86 1986//86 1980//86
f 1981//36 1978//36 1980//36 1982//36
f 1985//72 1990//72 1989//72 1986//72
f 1990//73 2000//73 1999//73 1991//73
f 1815//71 1816//71 1818//71 1814//71
f 1997//93 1989//93 1991//93 1998//93
f 2066//74 2002//74 2001//74 2065//74
f 2002//75 2006//75 2007//75 2003//75
f 2004//92 2001//92 2003//92 2005//92
f 2006//76 2011//76 2010//76 2007//76
f 2011//78 2021//78 2022//78 2012//78
f 2013//37 2010//37 2012//37 2014//37
f 2021//79 2026//79 2025//79 2022//79
f 2026//81 2034//81 2035//81 2027//81
f 2032//90 2025//90 2027//90 2033//90
f 2034//82 2037//82 2036//82 2035//82
f 1853//101 1855//101 1856//101 1854//101
f 2037//83 2045//83 2046//83 2038//83
f 2039//91 2036//91 2038//91 2040//91
f 2045//84 2052//84 2051//84 2046//84
f 2052//86 2056//86 2057//86 2053//86
f 2054//36 2051//36 2053//36 2055//36
f 2056//72 2061//72 2060//72 2057//72
f 2061//73 2066//73 2065//73 2062//73
f 2063//93 2060//93 2062//93 2064//93
f 2123//74 2068//74 2067//74 2122//74
f 2068//75 2075//75 2076//75 2069//75
f 2073//92 2067//92 2069//92 2074//92
f 2075//76 2080//76 2079//76 2076//76
f 2080//78 2084//78 2085//78 2081//78
f 2082//37 2079//37 2081//37 2083//37
f 2084//79 2091//79 2090//79 2085//79
f 2091//81 2095//81 2096//81 2092//81
f 2093//90 2090//90 2092//90 2094//90
f 2095//82 2100//82 2099//82 2096//82
f 2100//83 2104//83 2105//83 2101//83
f 2102//91 2099//91 2101//91 2103//91
f 2104//84 2107//84 2106//84 2105//84
f 2107//86 2111//86 2112//86 2108//86
f 2109//36 2106//36 2108//36 2110//36
f 2111//72 2114//72 2113//72 2112//72
f 2114//73 2123//73 2122//73 2115//73
f 2120//93 2113//93 2115//93 2121//93
f 2183//74 2130//74 2129//74 2182//74
f 2130//75 2134//75 2135//75 2131//75
f 2132//92 2129//92 2131//92 2133//92
f 2134//76 2137//76 2136//76 2135//76
f 2137//78 2145//78 2146//78 2138//78
f 2139//37 2136//37 2138//37 2140//37
f 1957//88 1959//88 1958//88 1956//88
f 2145//79 2150//79 2149//79 2146//79
f 2150//81 2154//81 2155//81 2151//81
f 2152//90 2149//90 2151//90 2153//90
f 2154//82 2157//82 2156//82 2155//82
f 2157//83 2168//83 2169//83 2158//83
f 2159//91 2156//91 2158//91 2160//91
f 2168//84 2171//84 2170//84 2169//84
f 2171//86 2175//86 2176//86 2172//86
f 1992//88 1995//88 1996//88 1993//88
f 2173//36 2170//36 2172//36 2174//36
f 2175//72 2178//72 2177//72 2176//72
f 2178//73 2183//73 2182//73 2179//73
f 2180//93 2177//93 2179//93 2181//93
f 2225//74 2184//74 2185//74 2224//74
f 2184//75 2186//75 2187//75 2185//75
f 2186//76 2190//76 2191//76 2187//76
f 2029//71 2030//71 2031//71 2028//71
f 2190//78 2193//78 2192//78 2191//78
f 2193//79 2197//79 2198//79 2194//79
f 2195//80 2192//80 2194//80 2196//80
f 2048//71 2041//71 2042//71 2047//71
f 2197//81 2199//81 2200//81 2198//81
f 2199//82 2202//82 2201//82 2200//82
f 2202//83 2207//83 2206//83 2203//83
f 2204//91 2201//91 2203//91 2205//91
f 2207//84 2211//84 2212//84 2208//84
f 2209//85 2206//85 2208//85 2210//85
f 2211//86 2215//86 2216//86 2212//86
f 2215//72 2220//72 2219//72 2216//72
f 2220//73 2225//73 2224//73 2221//73
f 2222//93 2219//93 2221//93 2223//93
f 2276//74 2229//74 2228//74 2275//74
f 2229//75 2233//75 2234//75 2230//75
f 2231//92 2228//92 2230//92 2232//92
f 2233//76 2237//76 2238//76 2234//76
f 2237//78 2242//78 2241//78 2238//78
f 2242//79 2247//79 2246//79 2243//79
f 2244//80 2241//80 2243//80 2245//80
f 2247//81 2251//81 2252//81 2248//81
f 2249//90 2246//90 2248//90 2250//90
f 2251//82 2258//82 2259//82 2252//82
f 2258//83 2261//83 2260//83 2259//83
f 2125//89 2126//89 2128//89 2124//89
f 2261//84 2267//84 2268//84 2262//84
f 2265//85 2260//85 2262//85 2266//85
f 2267//86 2269//86 2270//86 2268//86
f 2142//96 2144//96 2143//96 2141//96
f 2269//72 2271//72 2272//72 2270//72
f 2271//73 2276//73 2275//73 2272//73
f 2337//74 2285//74 2284//74 2336//74
f 2285//75 2291//75 2292//75 2286//75
f 2164//95 2167//95 2166//95 2165//95
f 2287//92 2284//92 2286//92 2288//92
f 2291//76 2298//76 2297//76 2292//76
f 2298//78 2302//78 2303//78 2299//78
f 2300//37 2297//37 2299//37 2301//37
f 2302//79 2305//79 2304//79 2303//79
f 2305//81 2311//81 2312//81 2306//81
f 2307//90 2304//90 2306//90 2308//90
f 2311//82 2314//82 2313//82 2312//82
f 2314//83 2318//83 2319//83 2315//83
f 2316//91 2313//91 2315//91 2317//91
f 2318//84 2321//84 2320//84 2319//84
f 2321//86 2325//86 2326//86 2322//86
f 2323//36 2320//36 2322//36 2324//36
f 2325//72 2328//72 2327//72 2326//72
f 2328//73 2337//73 2336//73 2329//73
f 2330//93 2327//93 2329//93 2331//93
f 2395//74 2339//74 2338//74 2394//74
f 2339//75 2346//75 2347//75 2340//75
f 2344//92 2338//92 2340//92 2345//92
f 2346//76 2352//76 2351//76 2347//76
f 2352//78 2356//78 2357//78 2353//78
f 2354//37 2351//37 2353//37 2355//37
f 2356//79 2359//79 2358//79 2357//79
f 2359//81 2363//81 2364//81 2360//81
f 2361//90 2358//90 2360//90 2362//90
f 2363//82 2368//82 2367//82 2364//82
f 2368//83 2374//83 2375//83 2369//83
f 2372//91 2367//91 2369//91 2373//91
f 2374//84 2379//84 2378//84 2375//84
f 2254//89 2255//89 2257//89 2253//89
f 2379//86 2385//86 2386//86 2380//86
f 2381//36 2378//36 2380//36 2382//36
f 2385//72 2388//72 2387//72 2386//72
f 2388//73 2395//73 2394//73 2389//73
f 2390//93 2387//93 2389//93 2391//93
f 2456//74 2396//74 2397//74 2454//74
f 2396//75 2400//75 2401//75 2397//75
f 2280//96 2282//96 2281//96 2279//96
f 2400//76 2403//76 2402//76 2401//76
f 2403//78 2408//78 2407//78 2404//78
f 2405//37 2402//37 2404//37 2406//37
f 2408//79 2417//79 2418//79 2409//79
f 2410//80 2407//80 2409//80 2411//80
f 2417//81 2420//81 2419//81 2418//81
f 2420//82 2427//82 2426//82 2421//82
f 2422//34 2419//34 2421//34 2423//34
f 2427//83 2431//83 2432//83 2428//83
f 2429//91 2426//91 2428//91 2430//91
f 2431//84 2434//84 2433//84 2432//84
f 2434//86 2442//86 2443//86 2435//86
f 2440//36 2433//36 2435//36 2441//36
f 2442//72 2450//72 2449//72 2443//72
f 2333//97 2334//97 2335//97 2332//97
f 2450//73 2456//73 2455//73 2451//73
f 2452//93 2449//93 2451//93 2453//93
f 2454//35 2458//35 2457//35 2455//35
f 2514//74 2461//74 2462//74 2512//74
f 2461//75 2463//75 2464//75 2462//75
f 2463//76 2470//76 2469//76 2464//76
f 2470//78 2475//78 2474//78 2471//78
f 2472//37 2469//37 2471//37 2473//37
f 2475//79 2481//79 2482//79 2476//79
f 2477//80 2474//80 2476//80 2478//80
f 2481//81 2486//81 2485//81 2482//81
f 2486//82 2494//82 2495//82 2487//82
f 2492//34 2485//34 2487//34 2493//34
f 2494//83 2497//83 2496//83 2495//83
f 2497//84 2502//84 2501//84 2498//84
f 2499//85 2496//85 2498//85 2500//85
f 2502//86 2508//86 2509//86 2503//86
f 2504//36 2501//36 2503//36 2505//36
f 2508//72 2510//72 2511//72 2509//72
f 2510//73 2514//73 2513//73 2511//73
f 2512//35 2518//35 2517//35 2513//35
f 2575//74 2520//74 2519//74 2574//74
f 2412//95 2415//95 2414//95 2413//95
f 2520//75 2524//75 2525//75 2521//75
f 2522//92 2519//92 2521//92 2523//92
f 2524//76 2529//76 2528//76 2525//76
f 2529//78 2538//78 2539//78 2530//78
f 2533//37 2528//37 2530//37 2534//37
f 2538//79 2541//79 2540//79 2539//79
f 2437//96 2438//96 2439//96 2436//96
f 2541//81 2545//81 2546//81 2542//81
f 2543//90 2540//90 2542//90 2544//90
f 2545//82 2548//82 2547//82 2546//82
f 2548//83 2552//83 2553//83 2549//83
f 2550//91 2547//91 2549//91 2551//91
f 2552//84 2557//84 2556//84 2553//84
f 2557//86 2563//86 2564//86 2558//86
f 2561//36 2556//36 2558//36 2562//36
f 2468//97 2465//97 2466//97 2467//97
f 2563//72 2570//72 2569//72 2564//72
f 2570//73 2575//73 2574//73 2571//73
f 2572//93 2569//93 2571//93 2573//93
f 2621//74 2577//74 2576//74 2620//74
f 2577//75 2581//75 2582//75 2578//75
f 2579//92 2576//92 2578//92 2580//92
f 2581//76 2586//76 2585//76 2582//76
f 2586//78 2590//78 2591//78 2587//78
f 2588//37 2585//37 2587//37 2589//37
f 2590//79 2595//79 2596//79 2591//79
f 2595//81 2598//81 2597//81 2596//81
f 2598//82 2602//82 2603//82 2599//82
f 2600//34 2597//34 2599//34 2601//34
f 2602//83 2606//83 2607//83 2603//83
f 2606//84 2609//84 2608//84 2607//84
f 2609//86 2613//86 2614//86 2610//86
f 2611//36 2608//36 2610//36 2612//36
f 2613//72 2616//72 2615//72 2614//72
f 2616//73 2621//73 2620//73 2617//73
f 2618//93 2615//93 2617//93 2619//93
f 2664//74 2623//74 2622//74 2663//74
f 2623//75 2627//75 2628//75 2624//75
f 2625//92 2622//92 2624//92 2626//92
f 2627//76 2630//76 2629//76 2628//76
f 2630//78 2634//78 2635//78 2631//78
f 2632//37 2629//37 2631//37 2633//37
f 2634//79 2636//79 2637//79 2635//79
f 2636//81 2639//81 2638//81 2637//81
f 2639//82 2643//82 2644//82 2640//82
f 2641//34 2638//34 2640//34 2642//34
f 2643//83 2645//83 2646//83 2644//83
f 2645//84 2650//84 2649//84 2646//84
f 2650//86 2656//86 2657//86 2651//86
f 2654//36 2649//36 2651//36 2655//36
f 2656//72 2659//72 2658//72 2657//72
f 2659//73 2664//73 2663//73 2660//73
f 2661//93 2658//93 2660//93 2662//93
f 2709//74 2665//74 2666//74 2707//74
f 2665//75 2668//75 2667//75 2666//75
f 2668//76 2672//76 2673//76 2669//76
f 2670//77 2667//77 2669//77 2671//77
f 2672//78 2675//78 2674//78 2673//78
f 2675//79 2679//79 2680//79 2676//79
f 2677//80 2674//80 2676//80 2678//80
f 2679//81 2682//81 2681//81 2680//81
f 2682//82 2690//82 2691//82 2683//82
f 2686//34 2681//34 2683//34 2687//34
f 2690//83 2694//83 2695//83 2691//83
f 2694//84 2697//84 2696//84 2695//84
f 2697//86 2701//86 2702//86 2698//86
f 2699//36 2696//36 2698//36 2700//36
f 2701//72 2705//72 2706//72 2702//72
f 2705//73 2709//73 2708//73 2706//73
f 2707//35 2711//35 2710//35 2708//35
f 2765//74 2712//74 2713//74 2763//74
f 2712//75 2715//75 2714//75 2713//75
f 2715//76 2719//76 2720//76 2716//76
f 2717//77 2714//77 2716//77 2718//77
f 2719//78 2727//78 2726//78 2720//78
f 2727//79 2733//79 2734//79 2728//79
f 2729//80 2726//80 2728//80 2730//80
f 2733//81 2741//81 2740//81 2734//81
f 2741//82 2745//82 2746//82 2742//82
f 2743//34 2740//34 2742//34 2744//34
f 2745//83 2748//83 2747//83 2746//83
f 2748//84 2752//84 2753//84 2749//84
f 2750//85 2747//85 2749//85 2751//85
f 2752//86 2755//86 2754//86 2753//86
f 2755//72 2761//72 2762//72 2756//72
f 2759//87 2754//87 2756//87 2760//87
f 2761//73 2765//73 2764//73 2762//73
f 2763//35 2767//35 2766//35 2764//35
f 2825//74 2768//74 2769//74 2823//74
f 2768//75 2775//75 2774//75 2769//75
f 2775//76 2781//76 2782//76 2776//76
f 2721//102 2724//102 2725//102 2722//102
f 2779//77 2774//77 2776//77 2780//77
f 2781//78 2786//78 2785//78 2782//78
f 2786//79 2790//79 2791//79 2787//79
f 2788//80 2785//80 2787//80 2789//80
f 2790//81 2793//81 2792//81 2791//81
f 2793//82 2797//82 2798//82 2794//82
f 2795//34 2792//34 2794//34 2796//34
f 2797//83 2800//83 2799//83 2798//83
f 2800//84 2812//84 2813//84 2801//84
f 2810//85 2799//85 2801//85 2811//85
f 2812//86 2815//86 2814//86 2813//86
f 2815//72 2821//72 2822//72 2816//72
f 2819//87 2814//87 2816//87 2820//87
f 2821//73 2825//73 2824//73 2822//73
f 2771//102 2773//102 2772//102 2770//102
f 2823//35 2827//35 2826//35 2824//35
f 2876//74 2828//74 2829//74 2874//74
f 2828//75 2831//75 2830//75 2829//75
f 2831//76 2835//76 2836//76 2832//76
f 2833//77 2830//77 2832//77 2834//77
f 2835//78 2842//78 2841//78 2836//78
f 2842//79 2849//79 2850//79 2843//79
f 2844//80 2841//80 2843//80 2845//80
f 2849//81 2852//81 2851//81 2850//81
f 2809//103 2802//103 2803//103 2808//103
f 2805//104 2806//104 2807//104 2804//104
f 2852//82 2856//82 2857//82 2853//82
f 2854//34 2851//34 2853//34 2855//34
f 2856//83 2861//83 2860//83 2857//83
f 2861//84 2865//84 2866//84 2862//84
f 2863//85 2860//85 2862//85 2864//85
f 2865//86 2868//86 2867//86 2866//86
f 2868//72 2872//72 2873//72 2869//72
f 2870//87 2867//87 2869//87 2871//87
f 2872//73 2876//73 2875//73 2873//73
f 2838//105 2839//105 2840//105 2837//105
f 2874//35 2878//35 2877//35 2875//35
f 2936//74 2881//74 2882//74 2934//74
f 2881//75 2886//75 2885//75 2882//75
f 2886//76 2890//76 2891//76 2887//76
f 2888//77 2885//77 2887//77 2889//77
f 2890//78 2893//78 2892//78 2891//78
f 2893//79 2897//79 2898//79 2894//79
f 2895//80 2892//80 2894//80 2896//80
f 2897//81 2900//81 2899//81 2898//81
f 2900//82 2908//82 2909//82 2901//82
f 2906//34 2899//34 2901//34 2907//34
f 2908//83 2913//83 2912//83 2909//83
f 2913//84 2917//84 2918//84 2914//84
f 2915//85 2912//85 2914//85 2916//85
f 2917//86 2920//86 2919//86 2918//86
f 2920//72 2932//72 2933//72 2921//72
f 2922//87 2919//87 2921//87 2923//87
f 2932//73 2936//73 2935//73 2933//73
f 2903//103 2905//103 2904//103 2902//103
f 2934//35 2938//35 2937//35 2935//35
f 2986//74 2943//74 2944//74 2984//74
f 2943//75 2946//75 2945//75 2944//75
f 2946//76 2952//76 2953//76 2947//76
f 2948//77 2945//77 2947//77 2949//77
f 2952//78 2955//78 2954//78 2953//78
f 2925//102 2927//102 2926//102 2924//102
f 2928//94 2930//94 2931//94 2929//94
f 2955//79 2959//79 2960//79 2956//79
f 2957//80 2954//80 2956//80 2958//80
f 2959//81 2962//81 2961//81 2960//81
f 2940//104 2941//104 2942//104 2939//104
f 2962//82 2966//82 2967//82 2963//82
f 2964//34 2961//34 2963//34 2965//34
f 2966//83 2969//83 2968//83 2967//83
f 2969//84 2975//84 2976//84 2970//84
f 2973//85 2968//85 2970//85 2974//85
f 2975//86 2978//86 2977//86 2976//86
f 2978//72 2982//72 2983//72 2979//72
f 2980//87 2977//87 2979//87 2981//87
f 2982//73 2986//73 2985//73 2983//73
f 2984//35 2990//35 2989//35 2985//35
f 3037//74 2994//74 2995//74 3035//74
f 2994//75 2999//75 2998//75 2995//75
f 2999//76 3003//76 3004//76 3000//76
f 3001//77 2998//77 3000//77 3002//77
f 3003//78 3006//78 3005//78 3004//78
f 3006//79 3010//79 3011//79 3007//79
f 3008//80 3005//80 3007//80 3009//80
f 3010//81 3013//81 3012//81 3011//81
f 3013//82 3019//82 3020//82 3014//82
f 3017//34 3012//34 3014//34 3018//34
f 3019//83 3022//83 3021//83 3020//83
f 3022//84 3026//84 3027//84 3023//84
f 3024//85 3021//85 3023//85 3025//85
f 3026//86 3029//86 3028//86 3027//86
f 3029//72 3033//72 3034//72 3030//72
f 3031//87 3028//87 3030//87 3032//87
f 3033//73 3037//73 3036//73 3034//73
f 3035//35 3039//35 3038//35 3036//35
f 825//71 838//71 839//71 826//71
f 831//71 849//71 850//71 832//71
f 838//71 862//71 863//71 839//71
f 849//71 865//71 864//71 850//71
f 862//71 867//71 869//71 863//71
f 868//94 858//94 859//94 869//94
f 875//95 868//95 867//95 876//95
f 858//94 893//94 894//94 859//94
f 893//94 951//94 952//94 894//94
f 951//94 998//94 999//94 952//94
f 986//88 1083//88 1082//88 985//88
f 982//88 961//88 960//88 981//88
f 1085//88 986//88 985//88 1084//88
f 993//88 982//88 981//88 992//88
f 1013//88 1085//88 1084//88 1014//88
f 998//94 1009//94 1008//94 999//94
f 1007//88 993//88 992//88 1008//88
f 1022//71 1029//71 1030//71 1023//71
f 1029//71 1033//71 1034//71 1030//71
f 1167//71 1195//71 1194//71 1168//71
f 1033//71 1048//71 1047//71 1034//71
f 1012//94 1143//94 1142//94 1010//94
f 1112//88 1108//88 1107//88 1111//88
f 1225//88 1116//88 1115//88 1224//88
f 1118//88 1112//88 1111//88 1117//88
f 1256//88 1225//88 1224//88 1255//88
f 1132//88 1118//88 1117//88 1131//88
f 1157//88 1256//88 1255//88 1156//88
f 1145//88 1132//88 1131//88 1146//88
f 1144//89 1279//89 1278//89 1145//89
f 1277//88 1157//88 1156//88 1278//88
f 1176//71 1183//71 1184//71 1177//71
f 1183//71 1185//71 1186//71 1184//71
f 1185//71 1199//71 1200//71 1186//71
f 1199//71 1216//71 1215//71 1200//71
f 1214//94 1223//94 1222//94 1215//94
f 1245//88 1229//88 1228//88 1244//88
f 1258//88 1245//88 1244//88 1257//88
f 1254//88 1258//88 1257//88 1253//88
f 1284//88 1254//88 1253//88 1285//88
f 1283//89 1275//89 1276//89 1284//89
f 1404//71 1288//71 1289//71 1405//71
f 1288//71 1408//71 1409//71 1289//71
f 1408//71 1416//71 1415//71 1409//71
f 1456//97 1440//97 1439//97 1455//97
f 1469//97 1456//97 1455//97 1468//97
f 1495//106 1469//106 1468//106 1496//106
f 1509//96 1355//96 1354//96 1510//96
f 1356//96 1361//96 1362//96 1357//96
f 1361//107 1368//107 1369//107 1362//107
f 1386//88 1559//88 1558//88 1387//88
f 1275//89 1611//89 1610//89 1276//89
f 1609//88 1385//88 1384//88 1610//88
f 2879//108 1628//108 1630//108 2880//108
f 1635//95 1423//95 1422//95 1636//95
f 1433//97 1441//97 1442//97 1434//97
f 1451//97 1645//97 1644//97 1450//97
f 1441//97 1473//97 1474//97 1442//97
f 1475//97 1451//97 1450//97 1476//97
f 1473//97 1489//97 1490//97 1474//97
f 1489//97 1481//97 1480//97 1490//97
f 1496//109 1479//109 1481//109 1495//109
f 1519//96 1498//96 1497//96 1518//96
f 1669//96 1676//96 1677//96 1670//96
f 1532//96 1519//96 1518//96 1531//96
f 1676//96 1683//96 1682//96 1677//96
f 1541//96 1532//96 1531//96 1540//96
f 1554//96 1541//96 1540//96 1555//96
f 1680//110 1557//110 1556//110 1681//110
f 1553//111 1369//111 1368//111 1554//111
f 1576//88 1561//88 1560//88 1575//88
f 1590//88 1576//88 1575//88 1589//88
f 1583//88 1590//88 1589//88 1582//88
f 1616//88 1583//88 1582//88 1614//88
f 2859//96 2840//96 2839//96 2858//96
f 1629//96 2859//96 2858//96 1630//96
f 1612//89 1707//89 1708//89 1613//89
f 1707//89 1799//89 1800//89 1708//89
f 2996//112 3015//112 3016//112 2997//112
f 3015//71 1815//71 1814//71 3016//71
f 1822//95 1827//95 1826//95 1821//95
f 1968//88 1836//88 1835//88 1967//88
f 1840//88 1968//88 1967//88 1839//88
f 1855//88 1840//88 1839//88 1856//88
f 2015//71 2031//71 2030//71 2016//71
f 2028//71 2043//71 2044//71 2029//71
f 2043//113 2058//113 2059//113 2044//113
f 1799//89 2125//89 2124//89 1800//89
f 2141//96 2147//96 2148//96 2142//96
f 2147//96 2161//96 2162//96 2148//96
f 1942//96 1925//96 1927//96 1943//96
f 2161//96 2164//96 2163//96 2162//96
f 2165//102 1944//102 1943//102 2163//102
f 1817//95 1926//95 1925//95 1818//95
f 1944//95 1822//95 1821//95 1942//95
f 1970//88 1955//88 1954//88 1969//88
f 1984//88 1970//88 1969//88 1983//88
f 1988//88 1957//88 1956//88 1987//88
f 1995//88 1984//88 1983//88 1996//88
f 2189//88 1988//88 1987//88 2188//88
f 1854//114 1994//114 1993//114 1853//114
f 1994//115 2009//115 2008//115 1992//115
f 2009//116 2189//116 2188//116 2008//116
f 2017//71 2023//71 2024//71 2018//71
f 2019//71 2213//71 2214//71 2020//71
f 2023//71 2048//71 2047//71 2024//71
f 2213//71 2049//71 2050//71 2214//71
f 2049//71 2217//71 2218//71 2050//71
f 2041//71 2070//71 2072//71 2042//71
f 2071//117 2059//117 2058//117 2072//117
f 2217//118 2227//118 2226//118 2218//118
f 2227//119 2071//119 2070//119 2226//119
f 2236//97 2078//97 2077//97 2235//97
f 2086//97 2088//97 2089//97 2087//97
f 2240//97 2236//97 2235//97 2239//97
f 2088//97 2097//97 2098//97 2089//97
f 2117//97 2240//97 2239//97 2116//97
f 2097//97 2118//97 2119//97 2098//97
f 2255//97 2117//97 2116//97 2256//97
f 2118//97 2128//97 2127//97 2119//97
f 2126//102 2257//102 2256//102 2127//102
f 2274//96 2264//96 2263//96 2273//96
f 2370//96 2383//96 2384//96 2371//96
f 2278//96 2274//96 2273//96 2277//96
f 2383//96 2280//96 2279//96 2384//96
f 2289//96 2278//96 2277//96 2290//96
f 2489//97 2294//97 2293//97 2488//97
f 2295//97 2309//97 2310//97 2296//97
f 2516//97 2489//97 2488//97 2515//97
f 2309//97 2335//97 2334//97 2310//97
f 2532//97 2516//97 2515//97 2531//97
f 2341//97 2532//97 2531//97 2342//97
f 2332//97 2348//97 2350//97 2333//97
f 2349//102 2343//102 2342//102 2350//102
f 2253//89 2349//89 2348//89 2254//89
f 2377//96 2366//96 2365//96 2376//96
f 2393//96 2377//96 2376//96 2392//96
f 2399//96 2393//96 2392//96 2398//96
f 2415//96 2399//96 2398//96 2416//96
f 2448//102 2414//102 2416//102 2447//102
f 2559//96 2424//96 2425//96 2560//96
f 2424//96 2437//96 2436//96 2425//96
f 2438//96 2445//96 2444//96 2439//96
f 2446//102 2448//102 2447//102 2444//102
f 2460//97 2689//97 2688//97 2459//97
f 2465//97 2460//97 2459//97 2466//97
f 2735//97 2468//97 2467//97 2736//97
f 2480//102 2737//102 2736//102 2479//102
f 2483//97 2490//97 2491//97 2484//97
f 2490//97 2506//97 2507//97 2491//97
f 2506//97 2526//97 2527//97 2507//97
f 2526//97 2535//97 2537//97 2527//97
f 2536//102 2480//102 2479//102 2537//102
f 2343//89 2536//89 2535//89 2341//89
f 2568//96 2555//96 2554//96 2567//96
f 2566//96 2568//96 2567//96 2565//96
f 2584//96 2566//96 2565//96 2583//96
f 2592//96 2584//96 2583//96 2593//96
f 2605//102 2594//102 2593//102 2604//102
f 2594//95 2446//95 2445//95 2592//95
f 2653//102 2605//102 2604//102 2652//102
f 2648//102 2653//102 2652//102 2647//102
f 2724//102 2648//102 2647//102 2725//102
f 2684//97 2692//97 2693//97 2685//97
f 2692//97 2703//97 2704//97 2693//97
f 2703//97 2731//97 2732//97 2704//97
f 2731//97 2723//97 2722//97 2732//97
f 2737//89 2721//89 2723//89 2735//89
f 2738//104 2807//104 2806//104 2739//104
f 2808//103 2758//103 2757//103 2809//103
f 2783//94 2777//94 2778//94 2784//94
f 2818//102 2771//102 2770//102 2817//102
f 2777//94 2883//94 2884//94 2778//94
f 2804//120 2838//120 2837//120 2805//120
f 2846//103 2803//103 2802//103 2847//103
f 1628//102 2818//102 2817//102 1629//102
f 2883//121 2879//121 2880//121 2884//121
f 2910//104 2940//104 2939//104 2911//104
f 2951//103 2903//103 2902//103 2950//103
f 2972//102 2925//102 2924//102 2971//102
f 2930//94 2987//94 2988//94 2931//94
f 2941//104 2992//104 2991//104 2942//104
f 2997//122 2951//122 2950//122 2996//122
f 1926//102 2972//102 2971//102 1927//102
f 2987//94 1817//94 1816//94 2988//94
f 1133//36 1128//36 1130//36 1134//36
f 1129//86 1135//86 1136//86 1130//86
f 1126//84 1129//84 1128//84 1127//84
f 1124//83 1126//83 1127//83 1125//83
f 1122//34 1119//34 1121//34 1123//34
f 1120//82 1124//82 1125//82 1121//82
f 1113//81 1120//81 1119//81 1114//81
f 1109//80 1104//80 1106//80 1110//80
f 1105//79 1113//79 1114//79 1106//79
f 1102//78 1105//78 1104//78 1103//78
f 1100//77 1097//77 1099//77 1101//77
f 1098//76 1102//76 1103//76 1099//76
f 1095//75 1098//75 1097//75 1096//75
f 1139//74 1095//74 1096//74 1140//74
f 1090//35 1094//35 1093//35 1091//35
f 1088//73 1092//73 1091//73 1089//73
f 1086//87 1079//87 1081//87 1087//87
f 1080//72 1088//72 1089//72 1081//72
f 1077//86 1080//86 1079//86 1078//86
f 1075//85 1072//85 1074//85 1076//85
f 1073//84 1077//84 1078//84 1074//84
f 1070//83 1073//83 1072//83 1071//83
f 1068//34 1065//34 1067//34 1069//34
f 1066//82 1070//82 1071//82 1067//82
f 1063//81 1066//81 1065//81 1064//81
f 1061//80 1058//80 1060//80 1062//80
f 1059//79 1063//79 1064//79 1060//79
f 1056//78 1059//78 1058//78 1057//78
f 1054//77 1051//77 1053//77 1055//77
f 1052//76 1056//76 1057//76 1053//76
f 1049//75 1052//75 1051//75 1050//75
f 1092//74 1049//74 1050//74 1090//74
f 1042//35 1046//35 1045//35 1043//35
f 1040//73 1044//73 1043//73 1041//73
f 1038//87 1035//87 1037//87 1039//87
f 1036//72 1040//72 1041//72 1037//72
f 1031//86 1036//86 1035//86 1032//86
f 1027//85 1024//85 1026//85 1028//85
f 1025//84 1031//84 1032//84 1026//84
f 1020//83 1025//83 1024//83 1021//83
f 1018//34 1015//34 1017//34 1019//34
f 1016//82 1020//82 1021//82 1017//82
f 1005//81 1016//81 1015//81 1006//81
f 1003//80 1000//80 1002//80 1004//80
f 1001//79 1005//79 1006//79 1002//79
f 996//78 1001//78 1000//78 997//78
f 994//77 989//77 991//77 995//77
f 990//76 996//76 997//76 991//76
f 987//75 990//75 989//75 988//75
f 1044//74 987//74 988//74 1042//74
f 978//35 984//35 983//35 979//35
f 976//73 980//73 979//73 977//73
f 974//87 971//87 973//87 975//87
f 972//72 976//72 977//72 973//72
f 969//86 972//86 971//86 970//86
f 967//85 964//85 966//85 968//85
f 965//84 969//84 970//84 966//84
f 958//83 965//83 964//83 959//83
f 956//34 953//34 955//34 957//34
f 954//82 958//82 959//82 955//82
f 949//81 954//81 953//81 950//81
f 947//80 944//80 946//80 948//80
f 945//79 949//79 950//79 946//79
f 942//78 945//78 944//78 943//78
f 940//77 937//77 939//77 941//77
f 938//76 942//76 943//76 939//76
f 935//75 938//75 937//75 936//75
f 980//74 935//74 936//74 978//74
f 930//35 934//35 933//35 931//35
f 928//73 932//73 931//73 929//73
f 926//87 923//87 925//87 927//87
f 924//72 928//72 929//72 925//72
f 921//86 924//86 923//86 922//86
f 919//85 916//85 918//85 920//85
f 917//84 921//84 922//84 918//84
f 914//83 917//83 916//83 915//83
f 912//34 909//34 911//34 913//34
f 910//82 914//82 915//82 911//82
f 907//81 910//81 909//81 908//81
f 905//80 902//80 904//80 906//80
f 903//79 907//79 908//79 904//79
f 900//78 903//78 902//78 901//78
f 898//77 895//77 897//77 899//77
f 896//76 900//76 901//76 897//76
f 891//75 896//75 895//75 892//75
f 932//74 891//74 892//74 930//74
f 886//35 890//35 889//35 887//35
f 884//73 888//73 887//73 885//73
f 882//87 879//87 881//87 883//87
f 880//72 884//72 885//72 881//72
f 877//86 880//86 879//86 878//86
f 873//85 870//85 872//85 874//85
f 871//84 877//84 878//84 872//84
f 860//83 871//83 870//83 861//83
f 856//34 853//34 855//34 857//34
f 854//82 860//82 861//82 855//82
f 851//81 854//81 853//81 852//81
f 847//80 844//80 846//80 848//80
f 845//79 851//79 852//79 846//79
f 842//78 845//78 844//78 843//78
f 840//77 835//77 837//77 841//77
f 836//76 842//76 843//76 837//76
f 833//75 836//75 835//75 834//75
f 888//74 833//74 834//74 886//74
f 830//37 832//37 825//37 827//37
f 826//34 377//34 385//34 828//34
f 832//37 850//37 838//37 825//37
f 839//34 389//34 377//34 826//34
f 418//34 831//34 829//34 425//34
f 426//34 849//34 831//34 418//34
f 378//123 890//123 886//123 834//123
f 840//96 378//96 834//96 835//96
f 888//124 884//124 880//124 877//124 871//124 860//124 854//124 851//124 845//124 842//124 836//124 833//124
f 379//125 841//125 837//125 843//125
f 850//37 864//37 862//37 838//37
f 863//34 391//34 389//34 839//34
f 847//126 379//126 843//126 844//126
f 380//71 848//71 846//71 852//71
f 422//34 865//34 849//34 426//34
f 856//127 380//127 852//127 853//127
f 381//128 857//128 855//128 861//128
f 868//124 875//124 382//124 858//124
f 869//34 859//34 391//34 863//34
f 858//124 382//124 400//124 893//124
f 859//34 894//34 390//34 391//34
f 873//88 381//88 861//88 870//88
f 864//37 866//37 876//37 867//37 862//37
f 383//129 874//129 872//129 878//129
f 882//130 383//130 878//130 879//130
f 387//97 883//97 881//97 885//97
f 889//131 387//131 885//131 887//131
f 392//123 934//123 930//123 892//123
f 898//96 392//96 892//96 895//96
f 932//124 928//124 924//124 921//124 917//124 914//124 910//124 907//124 903//124 900//124 896//124 891//124
f 894//34 952//34 398//34 390//34
f 893//124 400//124 401//124 951//124
f 393//125 899//125 897//125 901//125
f 905//126 393//126 901//126 902//126
f 396//71 906//71 904//71 908//71
f 912//127 396//127 908//127 909//127
f 397//128 913//128 911//128 915//128
f 919//88 397//88 915//88 916//88
f 399//129 920//129 918//129 922//129
f 926//130 399//130 922//130 923//130
f 404//97 927//97 925//97 929//97
f 933//131 404//131 929//131 931//131
f 406//123 984//123 978//123 936//123
f 940//96 406//96 936//96 937//96
f 980//124 976//124 972//124 969//124 965//124 958//124 954//124 949//124 945//124 942//124 938//124 935//124
f 407//125 941//125 939//125 943//125
f 947//126 407//126 943//126 944//126
f 408//71 948//71 946//71 950//71
f 956//127 408//127 950//127 953//127
f 951//124 401//124 417//124 998//124
f 952//34 999//34 412//34 398//34
f 409//128 957//128 955//128 959//128
f 967//88 409//88 959//88 964//88
f 963//36 961//36 985//36 1082//36
f 961//36 982//36 1084//36 985//36
f 405//34 960//34 962//34 403//34
f 414//34 981//34 960//34 405//34
f 410//129 968//129 966//129 970//129
f 974//130 410//130 970//130 971//130
f 411//97 975//97 973//97 977//97
f 983//131 411//131 977//131 979//131
f 412//34 992//34 981//34 414//34
f 982//36 993//36 1014//36 1084//36
f 1085//34 430//34 431//34 986//34
f 986//34 431//34 438//34 1083//34
f 413//123 1046//123 1042//123 988//123
f 994//96 413//96 988//96 989//96
f 1044//124 1040//124 1036//124 1031//124 1025//124 1020//124 1016//124 1005//124 1001//124 996//124 990//124 987//124
f 415//125 995//125 991//125 997//125
f 999//34 1008//34 992//34 412//34
f 993//36 1007//36 1011//36 1014//36
f 1003//126 415//126 997//126 1000//126
f 998//124 417//124 1012//124 1009//124
f 416//71 1004//71 1002//71 1006//71
f 1018//127 416//127 1006//127 1015//127
f 1010//34 1142//34 434//34 1013//34
f 1012//124 435//124 436//124 1143//124
f 1013//34 434//34 430//34 1085//34
f 419//128 1019//128 1017//128 1021//128
f 1027//88 419//88 1021//88 1024//88
f 1170//37 1168//37 1029//37 1022//37
f 1030//34 418//34 425//34 1023//34
f 420//129 1028//129 1026//129 1032//129
f 1168//37 1194//37 1033//37 1029//37
f 1034//34 426//34 418//34 1030//34
f 1038//130 420//130 1032//130 1035//130
f 1194//37 1191//37 1048//37 1033//37
f 1047//34 422//34 426//34 1034//34
f 421//97 1039//97 1037//97 1041//97
f 1045//131 421//131 1041//131 1043//131
f 423//123 1094//123 1090//123 1050//123
f 1054//96 423//96 1050//96 1051//96
f 1092//124 1088//124 1080//124 1077//124 1073//124 1070//124 1066//124 1063//124 1059//124 1056//124 1052//124 1049//124
f 424//125 1055//125 1053//125 1057//125
f 1061//126 424//126 1057//126 1058//126
f 427//71 1062//71 1060//71 1064//71
f 1068//127 427//127 1064//127 1065//127
f 428//128 1069//128 1067//128 1071//128
f 1075//88 428//88 1071//88 1072//88
f 429//129 1076//129 1074//129 1078//129
f 1086//130 429//130 1078//130 1079//130
f 432//97 1087//97 1081//97 1089//97
f 1093//131 432//131 1089//131 1091//131
f 433//123 1148//123 1140//123 1096//123
f 1100//96 433//96 1096//96 1097//96
f 1139//124 1137//124 1135//124 1129//124 1126//124 1124//124 1120//124 1113//124 1105//124 1102//124 1098//124 1095//124
f 437//125 1101//125 1099//125 1103//125
f 1109//126 437//126 1103//126 1104//126
f 439//71 1110//71 1106//71 1114//71
f 431//34 1111//34 1107//34 438//34
f 1108//36 1112//36 1224//36 1115//36
f 430//34 1117//34 1111//34 431//34
f 1112//36 1118//36 1255//36 1224//36
f 1122//127 439//127 1114//127 1119//127
f 1225//34 1244//34 1228//34 1116//34
f 434//34 1131//34 1117//34 430//34
f 1118//36 1132//36 1156//36 1255//36
f 440//128 1123//128 1121//128 1125//128
f 441//88 440//88 1125//88 1127//88
f 1133//129 441//129 1127//129 1128//129
f 442//130 1134//130 1130//130 1136//130
f 1142//34 1146//34 1131//34 434//34
f 1132//36 1145//36 1278//36 1156//36
f 443//97 442//97 1136//97 1138//97
f 1147//131 443//131 1138//131 1141//131
f 1143//124 436//124 1279//124 1144//124
f 1207//124 1203//124 1197//124 1189//124 1181//124 1178//124 1172//124 1165//124 1161//124 1158//124 1152//124 1149//124
f 1154//96 444//96 1150//96 1151//96
f 444//123 1209//123 1205//123 1150//123
f 445//125 1155//125 1153//125 1159//125
f 1277//34 1285//34 1253//34 1157//34
f 1157//34 1253//34 1257//34 1256//34
f 1163//126 445//126 1159//126 1160//126
f 446//71 1164//71 1162//71 1166//71
f 1174//127 446//127 1166//127 1171//127
f 1184//34 1167//34 1169//34 1177//34
f 1186//34 1195//34 1167//34 1184//34
f 448//128 1175//128 1173//128 1179//128
f 447//37 449//37 1183//37 1176//37
f 1187//88 448//88 1179//88 1180//88
f 451//129 1188//129 1182//129 1190//129
f 449//37 450//37 1185//37 1183//37
f 450//37 452//37 1199//37 1185//37
f 1200//34 1192//34 1195//34 1186//34
f 1201//130 451//130 1190//130 1196//130
f 1215//34 1222//34 1193//34 1192//34 1200//34
f 453//97 1202//97 1198//97 1204//97
f 452//37 1213//37 1216//37 1199//37
f 1208//131 453//131 1204//131 1206//131
f 1268//124 1264//124 1260//124 1251//124 1247//124 1242//124 1238//124 1235//124 1231//124 1226//124 1218//124 1210//124
f 1220//96 454//96 1211//96 1217//96
f 454//123 1270//123 1266//123 1211//123
f 1214//124 1212//124 455//124 1223//124
f 456//125 1221//125 1219//125 1227//125
f 1256//34 1257//34 1244//34 1225//34
f 1233//126 456//126 1227//126 1230//126
f 1229//36 1245//36 457//36 487//36
f 458//71 1234//71 1232//71 1236//71
f 1240//127 458//127 1236//127 1237//127
f 459//128 1241//128 1239//128 1243//128
f 1249//88 459//88 1243//88 1246//88
f 1245//36 1258//36 489//36 457//36
f 460//129 1250//129 1248//129 1252//129
f 1262//130 460//130 1252//130 1259//130
f 1258//36 1254//36 491//36 489//36
f 1254//36 1284//36 1276//36 491//36
f 461//97 1263//97 1261//97 1265//97
f 1269//131 461//131 1265//131 1267//131
f 1317//124 1313//124 1309//124 1306//124 1302//124 1299//124 1295//124 1292//124 1290//124 1281//124 1273//124 1271//124
f 463//96 462//96 1272//96 1274//96
f 462//123 1319//123 1315//123 1272//123
f 1286//125 463//125 1274//125 1280//125
f 1279//124 464//124 1275//124 1283//124
f 464//124 493//124 1611//124 1275//124
f 491//36 1276//36 1610//36 1384//36
f 465//126 1287//126 1282//126 1291//126
f 496//34 1288//34 1404//34 2848//34 2847//34
f 1405//37 1289//37 449//37 447//37
f 1289//37 1409//37 450//37 449//37
f 497//34 1408//34 1288//34 496//34
f 466//71 465//71 1291//71 1293//71
f 1297//127 466//127 1293//127 1294//127
f 467//128 1298//128 1296//128 1300//128
f 1304//88 467//88 1300//88 1301//88
f 468//129 1305//129 1303//129 1307//129
f 1311//130 468//130 1307//130 1308//130
f 470//97 1312//97 1310//97 1314//97
f 1318//131 470//131 1314//131 1316//131
f 1360//124 1352//124 1350//124 1346//124 1343//124 1339//124 1336//124 1332//124 1329//124 1325//124 1322//124 1320//124
f 472//96 471//96 1321//96 1323//96
f 471//123 1364//123 1358//123 1321//123
f 1327//125 472//125 1323//125 1324//125
f 477//126 1328//126 1326//126 1330//126
f 1334//71 477//71 1330//71 1331//71
f 479//127 1335//127 1333//127 1337//127
f 1341//128 479//128 1337//128 1338//128
f 480//88 1342//88 1340//88 1344//88
f 1348//129 480//129 1344//129 1345//129
f 483//130 1349//130 1347//130 1351//130
f 485//97 483//97 1351//97 1353//97
f 1363//131 485//131 1353//131 1359//131
f 1519//37 1532//37 1356//37 1355//37
f 476//35 1354//35 1357//35 484//35
f 1498//37 1519//37 1355//37 1509//37
f 475//35 1510//35 1354//35 476//35
f 484//35 1357//35 1362//35 486//35
f 1532//37 1541//37 1361//37 1356//37
f 486//35 1362//35 1369//35 481//35
f 1541//37 1554//37 1368//37 1361//37
f 1418//124 1411//124 1406//124 1400//124 1397//124 1393//124 1390//124 1382//124 1379//124 1375//124 1372//124 1366//124
f 488//96 1371//96 1367//96 1373//96
f 1370//123 498//123 1417//123 1365//123
f 1369//124 1553//124 1557//124 515//124
f 1377//125 488//125 1373//125 1374//125
f 490//126 1378//126 1376//126 1380//126
f 1388//71 490//71 1380//71 1381//71
f 492//127 1389//127 1383//127 1391//127
f 489//36 491//36 1384//36 1387//36
f 1609//34 1614//34 1582//34 1385//34
f 1385//34 1582//34 1589//34 1386//34
f 457//36 489//36 1387//36 1558//36
f 1386//34 1589//34 1575//34 1559//34
f 1395//128 492//128 1391//128 1392//128
f 494//88 1396//88 1394//88 1398//88
f 1402//129 494//129 1398//129 1399//129
f 495//130 1403//130 1401//130 1407//130
f 1413//97 495//97 1407//97 1410//97
f 1409//37 1415//37 452//37 450//37
f 2880//34 1416//34 1408//34 497//34
f 498//131 1414//131 1412//131 1417//131
f 1485//124 1471//124 1466//124 1462//124 1459//124 1453//124 1448//124 1444//124 1435//124 1429//124 1426//124 1420//124
f 499//96 1425//96 1421//96 1427//96
f 1424//123 505//123 1484//123 1419//123
f 1423//124 1635//124 534//124 500//124
f 1630//37 1636//37 1422//37 2880//37
f 1431//125 499//125 1427//125 1428//125
f 501//126 1432//126 1430//126 1436//126
f 1642//35 1434//35 1442//35 1644//35
f 1438//36 1440//36 1441//36 1433//36
f 1446//71 501//71 1436//71 1443//71
f 1437//35 474//35 469//35 1439//35
f 1439//35 469//35 478//35 1455//35
f 1440//36 1456//36 1473//36 1441//36
f 1644//35 1442//35 1474//35 1450//35
f 502//127 1447//127 1445//127 1449//127
f 1457//128 502//128 1449//128 1452//128
f 1645//36 1451//36 538//36 535//36
f 1450//35 1474//35 1490//35 1476//35
f 1451//36 1475//36 562//36 538//36
f 503//88 1458//88 1454//88 1460//88
f 1455//35 478//35 473//35 1468//35
f 1456//36 1469//36 1489//36 1473//36
f 1464//129 503//129 1460//129 1461//129
f 504//130 1465//130 1463//130 1467//130
f 1477//97 504//97 1467//97 1470//97
f 1468//35 473//35 482//35 1496//35
f 1469//36 1495//36 1481//36 1489//36
f 505//131 1478//131 1472//131 1484//131
f 1475//36 1483//36 563//36 562//36
f 1476//35 1490//35 1480//35 1482//35
f 506//124 1483//124 1479//124 1496//124
f 1539//124 1534//124 1529//124 1525//124 1522//124 1516//124 1513//124 1507//124 1504//124 1500//124 1493//124 1487//124
f 507//96 1492//96 1488//96 1494//96
f 1491//123 512//123 1538//123 1486//123
f 1502//125 507//125 1494//125 1499//125
f 1497//35 1670//35 1677//35 1518//35
f 508//126 1503//126 1501//126 1505//126
f 1511//71 508//71 1505//71 1506//71
f 509//127 1512//127 1508//127 1514//127
f 1520//128 509//128 1514//128 1515//128
f 510//88 1521//88 1517//88 1523//88
f 1518//35 1677//35 1682//35 1531//35
f 1527//129 510//129 1523//129 1524//129
f 511//130 1528//130 1526//130 1530//130
f 1536//97 511//97 1530//97 1533//97
f 1531//35 1682//35 1681//35 1540//35
f 512//131 1537//131 1535//131 1538//131
f 1540//35 1681//35 1556//35 1555//35
f 1594//124 1587//124 1580//124 1577//124 1573//124 1569//124 1566//124 1564//124 1551//124 1549//124 1545//124 1542//124
f 1547//96 513//96 1543//96 1544//96
f 513//123 522//123 1593//123 1543//123
f 514//125 1548//125 1546//125 1550//125
f 516//126 514//126 1550//126 1552//126
f 517//71 516//71 1552//71 1565//71
f 543//37 572//37 1557//37 1680//37
f 1559//34 1575//34 1560//34 1563//34
f 487//36 457//36 1558//36 1562//36
f 1561//36 1576//36 518//36 545//36
f 519//127 517//127 1565//127 1567//127
f 1571//128 519//128 1567//128 1568//128
f 520//88 1572//88 1570//88 1574//88
f 521//129 520//129 1574//129 1578//129
f 1576//36 1590//36 549//36 518//36
f 1584//130 521//130 1578//130 1579//130
f 1591//97 1585//97 1581//97 1586//97
f 1590//36 1583//36 551//36 549//36
f 1583//36 1616//36 1613//36 551//36
f 522//131 1592//131 1588//131 1593//131
f 1649//124 1646//124 1638//124 1631//124 1626//124 1624//124 1622//124 1618//124 1607//124 1605//124 1601//124 1596//124
f 1603//96 1599//96 1597//96 1600//96
f 1598//123 539//123 1648//123 1595//123
f 523//125 1604//125 1602//125 1606//125
f 524//126 523//126 1606//126 1608//126
f 1620//71 524//71 1608//71 1617//71
f 1611//124 525//124 1612//124 1615//124
f 525//124 580//124 1707//124 1612//124
f 551//36 1613//36 1708//36 577//36
f 526//127 1621//127 1619//127 1623//127
f 529//128 526//128 1623//128 1625//128
f 530//88 529//88 1625//88 1627//88
f 532//129 530//129 1627//129 1632//129
f 2883//124 2818//124 1628//124 2879//124
f 531//37 1634//37 1636//37 1630//37
f 528//37 531//37 1630//37 2858//37
f 779//35 2859//35 1629//35 2817//35
f 1640//130 532//130 1632//130 1637//130
f 1635//124 1633//124 533//124 534//124
f 537//97 1641//97 1639//97 1647//97
f 1643//36 1645//36 535//36 536//36
f 539//131 537//131 1647//131 1648//131
f 1699//124 1694//124 1691//124 1687//124 1684//124 1674//124 1671//124 1665//124 1662//124 1658//124 1655//124 1651//124
f 540//96 1654//96 1652//96 1656//96
f 1653//123 550//123 1698//123 1650//123
f 1660//125 540//125 1656//125 1657//125
f 541//126 1661//126 1659//126 1663//126
f 1667//71 541//71 1663//71 1664//71
f 542//127 1668//127 1666//127 1672//127
f 567//37 566//37 1676//37 1669//37
f 1678//128 542//128 1672//128 1673//128
f 544//88 1679//88 1675//88 1685//88
f 566//37 571//37 1683//37 1676//37
f 571//37 543//37 1680//37 1683//37
f 1689//129 544//129 1685//129 1686//129
f 546//130 1690//130 1688//130 1692//130
f 1696//97 546//97 1692//97 1693//97
f 550//131 1697//131 1695//131 1698//131
f 1743//124 1738//124 1735//124 1731//124 1728//124 1724//124 1721//124 1717//124 1714//124 1710//124 1705//124 1701//124
f 552//96 1704//96 1702//96 1706//96
f 1703//123 560//123 1742//123 1700//123
f 1712//125 552//125 1706//125 1709//125
f 580//124 607//124 1799//124 1707//124
f 577//36 1708//36 1800//36 603//36
f 553//126 1713//126 1711//126 1715//126
f 1719//71 553//71 1715//71 1716//71
f 557//127 1720//127 1718//127 1722//127
f 1726//128 557//128 1722//128 1723//128
f 558//88 1727//88 1725//88 1729//88
f 1733//129 558//129 1729//129 1730//129
f 559//130 1734//130 1732//130 1736//130
f 1740//97 559//97 1736//97 1737//97
f 560//131 1741//131 1739//131 1742//131
f 1786//124 1780//124 1777//124 1773//124 1770//124 1766//124 1761//124 1758//124 1756//124 1752//124 1747//124 1744//124
f 1749//96 561//96 1745//96 1746//96
f 561//123 1788//123 1784//123 1745//123
f 1754//125 1750//125 1748//125 1751//125
f 568//126 1755//126 1753//126 1757//126
f 569//71 568//71 1757//71 1759//71
f 1763//127 569//127 1759//127 1760//127
f 1768//128 1764//128 1762//128 1765//128
f 573//88 1769//88 1767//88 1771//88
f 1775//129 573//129 1771//129 1772//129
f 574//130 1776//130 1774//130 1778//130
f 1782//97 574//97 1778//97 1779//97
f 1787//131 1783//131 1781//131 1785//131
f 1843//124 1837//124 1831//124 1824//124 1819//124 1812//124 1808//124 1805//124 1803//124 1797//124 1792//124 1789//124
f 1794//96 579//96 1790//96 1791//96
f 579//123 1845//123 1841//123 1790//123
f 1801//125 1795//125 1793//125 1796//125
f 581//126 1802//126 1798//126 1804//126
f 607//124 608//124 2125//124 1799//124
f 603//36 1800//36 2124//36 606//36
f 582//71 581//71 1804//71 1806//71
f 1810//127 582//127 1806//127 1807//127
f 583//128 1811//128 1809//128 1813//128
f 585//88 583//88 1813//88 1820//88
f 1814//37 1818//37 586//37 584//37
f 810//34 1815//34 3015//34 811//34
f 2988//34 1816//34 1815//34 810//34
f 3016//37 1814//37 584//37 555//37
f 1818//37 1821//37 1826//37 586//37
f 1925//37 1942//37 1821//37 1818//37
f 2987//124 2972//124 1926//124 1817//124
f 1828//129 585//129 1820//129 1823//129
f 1827//124 1822//124 614//124 587//124
f 1822//124 1944//124 2165//124 614//124
f 1833//130 1829//130 1825//130 1830//130
f 590//97 1834//97 1832//97 1838//97
f 588//36 589//36 1967//36 1835//36
f 1968//34 1969//34 1954//34 1836//34
f 1844//131 590//131 1838//131 1842//131
f 591//36 564//36 1856//36 1839//36
f 589//36 591//36 1839//36 1967//36
f 1855//34 1996//34 1983//34 1840//34
f 1840//34 1983//34 1969//34 1968//34
f 1891//124 1886//124 1883//124 1879//124 1876//124 1872//124 1869//124 1865//124 1862//124 1858//124 1851//124 1847//124
f 593//96 1850//96 1848//96 1852//96
f 1849//123 604//123 1890//123 1846//123
f 1860//125 593//125 1852//125 1857//125
f 564//36 592//36 1854//36 1856//36
f 1853//34 1993//34 1996//34 1855//34
f 1854//124 621//124 2009//124 1994//124
f 595//126 1861//126 1859//126 1863//126
f 1867//71 595//71 1863//71 1864//71
f 596//127 1868//127 1866//127 1870//127
f 1874//128 596//128 1870//128 1871//128
f 597//88 1875//88 1873//88 1877//88
f 1881//129 597//129 1877//129 1878//129
f 601//130 1882//130 1880//130 1884//130
f 1888//97 601//97 1884//97 1885//97
f 604//131 1889//131 1887//131 1890//131
f 1936//124 1931//124 1928//124 1921//124 1918//124 1914//124 1911//124 1907//124 1904//124 1900//124 1897//124 1893//124
f 605//96 1896//96 1894//96 1898//96
f 1895//123 613//123 1935//123 1892//123
f 1902//125 605//125 1898//125 1899//125
f 609//126 1903//126 1901//126 1905//126
f 1909//71 609//71 1905//71 1906//71
f 610//127 1910//127 1908//127 1912//127
f 1916//128 610//128 1912//128 1913//128
f 611//88 1917//88 1915//88 1919//88
f 1923//129 611//129 1919//129 1920//129
f 612//130 1924//130 1922//130 1929//130
f 820//35 819//35 1927//35 2971//35
f 819//35 2148//35 2162//35 1927//35
f 1927//35 2162//35 2163//35 1943//35
f 1933//97 612//97 1929//97 1930//97
f 613//131 1934//131 1932//131 1935//131
f 2000//124 1990//124 1985//124 1979//124 1976//124 1972//124 1965//124 1961//124 1952//124 1948//124 1945//124 1938//124
f 615//96 1941//96 1939//96 1946//96
f 1940//123 620//123 1999//123 1937//123
f 1950//125 615//125 1946//125 1947//125
f 616//126 1951//126 1949//126 1953//126
f 1963//71 616//71 1953//71 1960//71
f 1955//36 1970//36 1956//36 1958//36
f 1957//34 651//34 653//34 1959//34
f 1970//36 1984//36 1987//36 1956//36
f 1988//34 654//34 651//34 1957//34
f 617//127 1964//127 1962//127 1966//127
f 1974//128 617//128 1966//128 1971//128
f 618//88 1975//88 1973//88 1977//88
f 1981//129 618//129 1977//129 1978//129
f 619//130 1982//130 1980//130 1986//130
f 1984//36 1995//36 2188//36 1987//36
f 1997//97 619//97 1986//97 1989//97
f 2189//34 650//34 654//34 1988//34
f 620//131 1998//131 1991//131 1999//131
f 1995//36 1992//36 2008//36 2188//36
f 2066//124 2061//124 2056//124 2052//124 2045//124 2037//124 2034//124 2026//124 2021//124 2011//124 2006//124 2002//124
f 622//96 2005//96 2003//96 2007//96
f 2004//123 627//123 2065//123 2001//123
f 2013//125 622//125 2007//125 2010//125
f 2009//34 649//34 650//34 2189//34
f 623//126 2014//126 2012//126 2022//126
f 2024//34 2031//34 2015//34 2018//34
f 2016//37 2030//37 565//37 594//37
f 2020//37 2214//37 2023//37 2017//37
f 659//34 2213//34 2019//34 660//34
f 2032//71 623//71 2022//71 2025//71
f 2214//37 2050//37 2048//37 2023//37
f 2047//34 2028//34 2031//34 2024//34
f 624//127 2033//127 2027//127 2035//127
f 2030//37 2029//37 570//37 565//37
f 2029//37 2044//37 599//37 570//37
f 2042//34 2043//34 2028//34 2047//34
f 2039//128 624//128 2035//128 2036//128
f 625//88 2040//88 2038//88 2046//88
f 2050//37 2218//37 2041//37 2048//37
f 2218//37 2226//37 2070//37 2041//37
f 2072//34 2058//34 2043//34 2042//34
f 2044//37 2059//37 598//37 599//37
f 2054//129 625//129 2046//129 2051//129
f 661//34 2049//34 2213//34 659//34
f 665//34 2217//34 2049//34 661//34
f 626//130 2055//130 2053//130 2057//130
f 2063//97 626//97 2057//97 2060//97
f 2071//124 2227//124 628//124 2059//124
f 627//131 2064//131 2062//131 2065//131
f 2123//124 2114//124 2111//124 2107//124 2104//124 2100//124 2095//124 2091//124 2084//124 2080//124 2075//124 2068//124
f 629//96 2074//96 2069//96 2076//96
f 2073//123 636//123 2122//123 2067//123
f 2082//125 629//125 2076//125 2079//125
f 2078//36 2236//36 668//36 681//36
f 2077//35 2087//35 2089//35 2235//35
f 632//126 2083//126 2081//126 2085//126
f 2093//71 632//71 2085//71 2090//71
f 630//36 631//36 2088//36 2086//36
f 631//36 602//36 2097//36 2088//36
f 2235//35 2089//35 2098//35 2239//35
f 633//127 2094//127 2092//127 2096//127
f 2102//128 633//128 2096//128 2099//128
f 602//36 606//36 2118//36 2097//36
f 2239//35 2098//35 2119//35 2116//35
f 634//88 2103//88 2101//88 2105//88
f 2109//129 634//129 2105//129 2106//129
f 635//130 2110//130 2108//130 2112//130
f 2120//97 635//97 2112//97 2113//97
f 636//131 2121//131 2115//131 2122//131
f 2116//35 2119//35 2127//35 2256//35
f 2117//36 2255//36 2254//36 669//36
f 2240//36 2117//36 669//36 670//36
f 606//36 2124//36 2128//36 2118//36
f 608//124 2257//124 2126//124 2125//124
f 2183//124 2178//124 2175//124 2171//124 2168//124 2157//124 2154//124 2150//124 2145//124 2137//124 2134//124 2130//124
f 637//96 2133//96 2131//96 2135//96
f 2132//123 647//123 2182//123 2129//123
f 2139//125 637//125 2135//125 2136//125
f 640//126 2140//126 2138//126 2146//126
f 638//37 639//37 2147//37 2141//37
f 675//37 638//37 2141//37 2143//37
f 2991//35 2993//35 2144//35 2142//35 815//35
f 815//35 2142//35 2148//35 819//35
f 2152//71 640//71 2146//71 2149//71
f 639//37 642//37 2161//37 2147//37
f 641//127 2153//127 2151//127 2155//127
f 2159//128 641//128 2155//128 2156//128
f 645//88 2160//88 2158//88 2169//88
f 642//37 2167//37 2164//37 2161//37
f 2165//124 2166//124 643//124 644//124
f 2173//129 645//129 2169//129 2170//129
f 646//130 2174//130 2172//130 2176//130
f 2180//97 646//97 2176//97 2177//97
f 647//131 2181//131 2179//131 2182//131
f 2225//124 2220//124 2215//124 2211//124 2207//124 2202//124 2199//124 2197//124 2193//124 2190//124 2186//124 2184//124
f 652//96 648//96 2185//96 2187//96
f 648//123 664//123 2224//123 2185//123
f 655//125 652//125 2187//125 2191//125
f 2195//126 655//126 2191//126 2192//126
f 656//71 2196//71 2194//71 2198//71
f 657//127 656//127 2198//127 2200//127
f 2204//128 657//128 2200//128 2201//128
f 2209//88 2205//88 2203//88 2206//88
f 662//129 2210//129 2208//129 2212//129
f 663//130 662//130 2212//130 2216//130
f 2222//97 663//97 2216//97 2219//97
f 658//34 2227//34 2217//34 665//34
f 664//131 2223//131 2221//131 2224//131
f 2276//124 2271//124 2269//124 2267//124 2261//124 2258//124 2251//124 2247//124 2242//124 2237//124 2233//124 2229//124
f 666//96 2232//96 2230//96 2234//96
f 2231//123 679//123 2275//123 2228//123
f 667//125 666//125 2234//125 2238//125
f 2236//36 2240//36 670//36 668//36
f 2244//126 667//126 2238//126 2241//126
f 2249//71 2245//71 2243//71 2246//71
f 673//127 2250//127 2248//127 2252//127
f 674//128 673//128 2252//128 2259//128
f 672//124 2343//124 2349//124 2253//124
f 671//124 672//124 2253//124 2257//124
f 669//36 2254//36 2348//36 2332//36
f 2265//88 674//88 2259//88 2260//88
f 676//129 2266//129 2262//129 2268//129
f 2264//37 2274//37 638//37 675//37
f 2263//35 2371//35 2384//35 2273//35
f 677//130 676//130 2268//130 2270//130
f 678//97 677//97 2270//97 2272//97
f 679//131 678//131 2272//131 2275//131
f 2274//37 2278//37 639//37 638//37
f 2273//35 2384//35 2279//35 2277//35
f 2277//35 2279//35 2281//35 2290//35
f 2278//37 2289//37 642//37 639//37
f 2377//37 2393//37 2280//37 2383//37
f 2393//37 2399//37 2282//37 2280//37
f 2399//37 2415//37 2412//37 2283//37 2282//37
f 2337//124 2328//124 2325//124 2321//124 2318//124 2314//124 2311//124 2305//124 2302//124 2298//124 2291//124 2285//124
f 680//96 2288//96 2286//96 2292//96
f 2287//123 686//123 2336//123 2284//123
f 2300//125 680//125 2292//125 2297//125
f 2293//35 2296//35 2310//35 2488//35
f 2294//36 2489//36 2490//36 2483//36
f 681//36 668//36 2309//36 2295//36
f 682//126 2301//126 2299//126 2303//126
f 2307//71 682//71 2303//71 2304//71
f 683//127 2308//127 2306//127 2312//127
f 668//36 670//36 2335//36 2309//36
f 2488//35 2310//35 2334//35 2515//35
f 2316//128 683//128 2312//128 2313//128
f 684//88 2317//88 2315//88 2319//88
f 2323//129 684//129 2319//129 2320//129
f 685//130 2324//130 2322//130 2326//130
f 2330//97 685//97 2326//97 2327//97
f 686//131 2331//131 2329//131 2336//131
f 670//36 669//36 2332//36 2335//36
f 2515//35 2334//35 2333//35 2531//35
f 2531//35 2333//35 2350//35 2342//35
f 2395//124 2388//124 2385//124 2379//124 2374//124 2368//124 2363//124 2359//124 2356//124 2352//124 2346//124 2339//124
f 687//96 2345//96 2340//96 2347//96
f 2344//123 694//123 2394//123 2338//123
f 2532//36 2341//36 2535//36 2526//36
f 710//124 2480//124 2536//124 2343//124
f 2354//125 687//125 2347//125 2351//125
f 688//126 2355//126 2353//126 2357//126
f 2361//71 688//71 2357//71 2358//71
f 690//127 2362//127 2360//127 2364//127
f 2372//128 690//128 2364//128 2367//128
f 2366//37 2377//37 2383//37 2370//37
f 2365//35 689//35 698//35 2376//35
f 692//88 2373//88 2369//88 2375//88
f 2381//129 692//129 2375//129 2378//129
f 2376//35 698//35 691//35 2392//35
f 693//130 2382//130 2380//130 2386//130
f 2390//97 693//97 2386//97 2387//97
f 694//131 2391//131 2389//131 2394//131
f 2392//35 691//35 700//35 2398//35
f 2456//124 2450//124 2442//124 2434//124 2431//124 2427//124 2420//124 2417//124 2408//124 2403//124 2400//124 2396//124
f 696//96 695//96 2397//96 2401//96
f 695//123 2458//123 2454//123 2397//123
f 2398//35 700//35 2447//35 2416//35
f 2405//125 696//125 2401//125 2402//125
f 2410//126 2406//126 2404//126 2407//126
f 697//71 2411//71 2409//71 2418//71
f 2413//124 2414//124 2448//124 702//124
f 2422//127 697//127 2418//127 2419//127
f 2429//128 2423//128 2421//128 2426//128
f 2555//37 2568//37 2424//37 2559//37
f 689//35 2560//35 2425//35 698//35
f 698//35 2425//35 2436//35 691//35
f 2568//37 2566//37 2437//37 2424//37
f 699//88 2430//88 2428//88 2432//88
f 2440//129 699//129 2432//129 2433//129
f 701//130 2441//130 2435//130 2443//130
f 2566//37 2584//37 2438//37 2437//37
f 691//35 2436//35 2439//35 700//35
f 700//35 2439//35 2444//35 2447//35
f 2584//37 2592//37 2445//37 2438//37
f 2452//97 701//97 2443//97 2449//97
f 702//124 2448//124 2446//124 703//124
f 2446//124 2594//124 2605//124 727//124
f 2457//131 2453//131 2451//131 2455//131
f 2689//36 2460//36 2692//36 2684//36
f 2688//35 704//35 712//35 2459//35
f 2459//35 712//35 706//35 2466//35
f 2460//36 2465//36 2703//36 2692//36
f 2514//124 2510//124 2508//124 2502//124 2497//124 2494//124 2486//124 2481//124 2475//124 2470//124 2463//124 2461//124
f 707//96 705//96 2462//96 2464//96
f 705//123 2518//123 2512//123 2462//123
f 2472//125 707//125 2464//125 2469//125
f 2465//36 2468//36 2731//36 2703//36
f 2466//35 706//35 708//35 2467//35
f 2467//35 708//35 2479//35 2736//35
f 2468//36 2735//36 2723//36 2731//36
f 2477//126 2473//126 2471//126 2474//126
f 711//71 2478//71 2476//71 2482//71
f 709//124 2737//124 2480//124 710//124
f 708//35 2527//35 2537//35 2479//35
f 2492//127 711//127 2482//127 2485//127
f 704//35 2484//35 2491//35 712//35
f 713//128 2493//128 2487//128 2495//128
f 2489//36 2516//36 2506//36 2490//36
f 712//35 2491//35 2507//35 706//35
f 2499//88 713//88 2495//88 2496//88
f 2504//129 2500//129 2498//129 2501//129
f 714//130 2505//130 2503//130 2509//130
f 2516//36 2532//36 2526//36 2506//36
f 706//35 2507//35 2527//35 708//35
f 715//97 714//97 2509//97 2511//97
f 2517//131 715//131 2511//131 2513//131
f 2575//124 2570//124 2563//124 2557//124 2552//124 2548//124 2545//124 2541//124 2538//124 2529//124 2524//124 2520//124
f 716//96 2523//96 2521//96 2525//96
f 2522//123 722//123 2574//123 2519//123
f 2533//125 716//125 2525//125 2528//125
f 717//126 2534//126 2530//126 2539//126
f 2543//71 717//71 2539//71 2540//71
f 718//127 2544//127 2542//127 2546//127
f 2550//128 718//128 2546//128 2547//128
f 719//88 2551//88 2549//88 2553//88
f 2561//129 719//129 2553//129 2556//129
f 2554//35 728//35 731//35 2567//35
f 721//130 2562//130 2558//130 2564//130
f 2572//97 721//97 2564//97 2569//97
f 2565//35 720//35 724//35 2583//35
f 2567//35 731//35 720//35 2565//35
f 722//131 2573//131 2571//131 2574//131
f 2621//124 2616//124 2613//124 2609//124 2606//124 2602//124 2598//124 2595//124 2590//124 2586//124 2581//124 2577//124
f 723//96 2580//96 2578//96 2582//96
f 2579//123 734//123 2620//123 2576//123
f 2588//125 723//125 2582//125 2585//125
f 2583//35 724//35 2604//35 2593//35
f 725//126 2589//126 2587//126 2591//126
f 726//71 725//71 2591//71 2596//71
f 2600//127 726//127 2596//127 2597//127
f 730//128 2601//128 2599//128 2603//128
f 732//88 730//88 2603//88 2607//88
f 727//124 2605//124 2653//124 736//124
f 724//35 742//35 2652//35 2604//35
f 2611//129 732//129 2607//129 2608//129
f 733//130 2612//130 2610//130 2614//130
f 2618//97 733//97 2614//97 2615//97
f 734//131 2619//131 2617//131 2620//131
f 2664//124 2659//124 2656//124 2650//124 2645//124 2643//124 2639//124 2636//124 2634//124 2630//124 2627//124 2623//124
f 735//96 2626//96 2624//96 2628//96
f 2625//123 749//123 2663//123 2622//123
f 2632//125 735//125 2628//125 2629//125
f 737//126 2633//126 2631//126 2635//126
f 739//71 737//71 2635//71 2637//71
f 2641//127 739//127 2637//127 2638//127
f 743//128 2642//128 2640//128 2644//128
f 744//88 743//88 2644//88 2646//88
f 2654//129 744//129 2646//129 2649//129
f 741//35 762//35 2725//35 2647//35
f 742//35 741//35 2647//35 2652//35
f 736//124 2653//124 2648//124 745//124
f 745//124 2648//124 2724//124 764//124
f 747//130 2655//130 2651//130 2657//130
f 2661//97 747//97 2657//97 2658//97
f 749//131 2662//131 2660//131 2663//131
f 2709//124 2705//124 2701//124 2697//124 2694//124 2690//124 2682//124 2679//124 2675//124 2672//124 2668//124 2665//124
f 2670//96 751//96 2666//96 2667//96
f 751//123 2711//123 2707//123 2666//123
f 752//125 2671//125 2669//125 2673//125
f 2677//126 752//126 2673//126 2674//126
f 753//71 2678//71 2676//71 2680//71
f 2686//127 753//127 2680//127 2681//127
f 756//128 2687//128 2683//128 2691//128
f 754//35 2685//35 2693//35 755//35
f 757//88 756//88 2691//88 2695//88
f 755//35 2693//35 2704//35 758//35
f 2699//129 757//129 2695//129 2696//129
f 759//130 2700//130 2698//130 2702//130
f 760//97 759//97 2702//97 2706//97
f 758//35 2704//35 2732//35 762//35
f 2710//131 760//131 2706//131 2708//131
f 2765//124 2761//124 2755//124 2752//124 2748//124 2745//124 2741//124 2733//124 2727//124 2719//124 2715//124 2712//124
f 2717//96 761//96 2713//96 2714//96
f 761//123 2767//123 2763//123 2713//123
f 763//125 2718//125 2716//125 2720//125
f 2729//126 763//126 2720//126 2726//126
f 764//124 2724//124 2721//124 2737//124
f 762//35 2732//35 2722//35 2725//35
f 765//71 2730//71 2728//71 2734//71
f 2743//127 765//127 2734//127 2740//127
f 2739//35 2806//35 778//35 769//35
f 2808//132 2807//132 2738//132 2758//132
f 767//128 2744//128 2742//128 2746//128
f 2750//88 767//88 2746//88 2747//88
f 768//129 2751//129 2749//129 2753//129
f 2759//130 768//130 2753//130 2754//130
f 772//97 2760//97 2756//97 2762//97
f 766//34 783//34 2809//34 2757//34
f 2766//131 772//131 2762//131 2764//131
f 2825//124 2821//124 2815//124 2812//124 2800//124 2797//124 2793//124 2790//124 2786//124 2781//124 2775//124 2768//124
f 2779//96 773//96 2769//96 2774//96
f 773//123 2827//123 2823//123 2769//123
f 2783//124 2773//124 2771//124 2777//124
f 2777//124 2771//124 2818//124 2883//124
f 770//35 780//35 2770//35 2772//35
f 780//35 779//35 2817//35 2770//35
f 774//125 2780//125 2776//125 2782//125
f 2784//34 2778//34 781//34 771//34
f 2778//34 2884//34 782//34 781//34
f 2788//126 774//126 2782//126 2785//126
f 775//71 2789//71 2787//71 2791//71
f 2795//127 775//127 2791//127 2792//127
f 777//128 2796//128 2794//128 2798//128
f 2810//88 777//88 2798//88 2799//88
f 784//129 2811//129 2801//129 2813//129
f 2803//132 2804//132 2807//132 2808//132
f 776//34 496//34 2847//34 2802//34
f 2846//132 2838//132 2804//132 2803//132
f 783//34 776//34 2802//34 2809//34
f 2806//35 2805//35 789//35 778//35
f 2805//35 2837//35 2840//35 789//35
f 2819//130 784//130 2813//130 2814//130
f 785//97 2820//97 2816//97 2822//97
f 2826//131 785//131 2822//131 2824//131
f 2876//124 2872//124 2868//124 2865//124 2861//124 2856//124 2852//124 2849//124 2842//124 2835//124 2831//124 2828//124
f 2833//96 786//96 2829//96 2830//96
f 786//123 2878//123 2874//123 2829//123
f 787//125 2834//125 2832//125 2836//125
f 2844//126 787//126 2836//126 2841//126
f 556//37 527//37 2839//37 2838//37
f 527//37 528//37 2858//37 2839//37
f 789//35 2840//35 2859//35 779//35
f 788//71 2845//71 2843//71 2850//71
f 2854//127 788//127 2850//127 2851//127
f 790//128 2855//128 2853//128 2857//128
f 2863//88 790//88 2857//88 2860//88
f 791//129 2864//129 2862//129 2866//129
f 2870//130 791//130 2866//130 2867//130
f 792//97 2871//97 2869//97 2873//97
f 2877//131 792//131 2873//131 2875//131
f 2884//34 2880//34 497//34 782//34
f 2936//124 2932//124 2920//124 2917//124 2913//124 2908//124 2900//124 2897//124 2893//124 2890//124 2886//124 2881//124
f 2888//96 793//96 2882//96 2885//96
f 793//123 2938//123 2934//123 2882//123
f 794//125 2889//125 2887//125 2891//125
f 2895//126 794//126 2891//126 2892//126
f 795//71 2896//71 2894//71 2898//71
f 2906//127 795//127 2898//127 2899//127
f 796//128 2907//128 2901//128 2909//128
f 2903//132 2940//132 2910//132 2905//132
f 2951//132 2941//132 2940//132 2903//132
f 801//34 800//34 2902//34 2904//34
f 800//34 811//34 2950//34 2902//34
f 2915//88 796//88 2909//88 2912//88
f 2911//35 2939//35 807//35 797//35
f 799//129 2916//129 2914//129 2918//129
f 2922//130 799//130 2918//130 2919//130
f 804//97 2923//97 2921//97 2933//97
f 2928//124 2927//124 2925//124 2930//124
f 2930//124 2925//124 2972//124 2987//124
f 798//35 809//35 2924//35 2926//35
f 809//35 820//35 2971//35 2924//35
f 2929//34 2931//34 802//34 803//34
f 2931//34 2988//34 810//34 802//34
f 2937//131 804//131 2933//131 2935//131
f 2939//35 2942//35 816//35 807//35
f 2997//132 2992//132 2941//132 2951//132
f 2942//35 2991//35 815//35 816//35
f 2986//124 2982//124 2978//124 2975//124 2969//124 2966//124 2962//124 2959//124 2955//124 2952//124 2946//124 2943//124
f 2948//96 805//96 2944//96 2945//96
f 805//123 2990//123 2984//123 2944//123
f 806//125 2949//125 2947//125 2953//125
f 811//34 3015//34 2996//34 2950//34
f 2957//126 806//126 2953//126 2954//126
f 808//71 2958//71 2956//71 2960//71
f 2964//127 808//127 2960//127 2961//127
f 812//128 2965//128 2963//128 2967//128
f 2973//88 812//88 2967//88 2968//88
f 813//129 2974//129 2970//129 2976//129
f 2980//130 813//130 2976//130 2977//130
f 814//97 2981//97 2979//97 2983//97
f 2989//131 814//131 2983//131 2985//131
f 3037//124 3033//124 3029//124 3026//124 3022//124 3019//124 3013//124 3010//124 3006//124 3003//124 2999//124 2994//124
f 3001//96 817//96 2995//96 2998//96
f 817//123 3039//123 3035//123 2995//123
f 2997//37 3016//37 555//37 554//37
f 818//125 3002//125 3000//125 3004//125
f 3008//126 818//126 3004//126 3005//126
f 821//71 3009//71 3007//71 3011//71
f 3017//127 821//127 3011//127 3012//127
f 822//128 3018//128 3014//128 3020//128
f 3024//88 822//88 3020//88 3021//88
f 823//129 3025//129 3023//129 3027//129
f 3031//130 823//130 3027//130 3028//130
f 824//97 3032//97 3030//97 3034//97
f 3038//131 824//131 3034//131 3036//131
o Glaze
v -1.946154 -1.238462 0.707692
v 1.153470 -0.053077 1.238462
v -1.592308 -1.592308 0.707692
v -1.946154 -1.238462 0.884615
v -1.946154 -0.884615 0.707692
v 1.061538 -0.106154 1.238462
v -1.946154 -0.884615 0.884615
v -1.946154 -0.530769 1.061538
v 0.969607 -0.053077 1.238462
v 0.955385 -0.000000 1.238462
v 0.969607 0.053077 1.238462
v -1.592308 -0.530769 1.238462
v -1.946154 -0.176923 1.061538
v -1.946154 -0.176923 0.884615
v -1.946154 -0.530769 0.884615
v 1.061538 0.106154 1.238462
v -1.592308 -0.176923 1.238462
v 1.153470 0.053077 1.238462
v 1.167692 -0.000000 1.238462
v -1.946154 0.176923 0.884615
v -1.946154 0.176923 1.061538
v 0.760769 1.677299 1.238462
v 0.654615 1.677299 1.238462
v -1.592308 0.176923 1.238462
v -1.592308 0.530769 1.238462
v 0.601538 1.769231 1.238462
v -1.946154 0.530769 1.061538
v -1.946154 0.530769 0.884615
v 0.654615 1.861163 1.238462
v 0.760769 1.861163 1.238462
v 0.813846 1.769231 1.238462
v 0.760769 -1.861163 1.238461
v -1.592308 -1.592308 0.884615
v 0.654615 -1.861163 1.238461
v -1.238462 -1.238462 1.238462
v 0.601538 -1.769231 1.238461
v -1.592308 1.238462 0.884615
v 0.654615 -1.677299 1.238461
v 0.760769 -1.677299 1.238461
v -1.238462 1.592308 0.884615
v 0.813846 -1.769231 1.238461
v -1.592308 1.238462 1.061538
v 0.406923 1.677299 1.238462
v -1.238462 1.238462 1.238462
v 0.300769 1.677299 1.238462
v -0.884615 -0.530769 0.884615
v 0.247692 1.769231 1.238462
v 0.300769 1.861163 1.238462
v -0.884615 -0.176923 0.884615
v -0.884615 -0.176923 1.061538
v -0.884615 -0.530769 1.061538
v 0.406923 1.861163 1.238462
v -1.238462 -0.530769 1.238462
v -0.884615 0.176923 0.884615
v 0.460000 1.769231 1.238462
v 0.406923 -1.153470 1.238462
v -1.238462 -0.176923 1.238462
v 0.353846 -1.167692 1.238462
v -1.238462 0.176923 1.238462
v 0.300769 -1.153470 1.238462
v -0.884615 0.176923 1.061538
v 0.247692 -1.061538 1.238462
v -1.238462 0.530769 1.238462
v -0.884615 0.530769 0.884615
v 0.300769 -0.969607 1.238462
v -0.884615 0.530769 1.061538
v 0.353846 -0.955385 1.238462
v 0.406923 -0.969607 1.238462
v -1.238462 1.592308 1.061539
v 0.460000 -1.061538 1.238462
v -0.530769 -1.946154 0.884615
v 0.053077 -1.153470 1.238462
v -0.000000 -1.167692 1.238462
v -0.530769 -1.946154 1.061538
v -0.053077 -1.153470 1.238462
v -0.106154 -1.061538 1.238462
v -0.053077 -0.969607 1.238462
v 0.000000 -0.955385 1.238462
v 0.053077 -0.969607 1.238462
v 0.106154 -1.061538 1.238462
v 0.053077 -2.215009 1.061538
v -0.530769 1.946154 1.061539
v -0.053077 -2.215009 1.061538
v -0.106154 -2.123077 1.061538
v -0.053077 -2.031145 1.061538
v 0.053077 -2.031145 1.061538
v -0.176923 -1.592308 1.238461
v -0.530769 -1.592308 1.238461
v -0.530769 -0.884615 0.884615
v -0.530769 -0.884615 1.061538
v -0.176923 -0.884615 0.884615
v 0.106154 -2.123077 1.061538
v -0.530769 -1.238462 1.238462
v 0.053077 -2.568855 1.061538
v -0.176923 0.884615 1.061538
v -0.530769 0.884615 0.884615
v -0.053077 -2.568855 1.061538
v -0.530769 0.884615 1.061538
v -0.106154 -2.476923 1.061538
v -0.530769 1.238462 1.238462
v -0.530769 1.946154 0.884615
v -0.176923 1.946154 0.884615
v -0.053077 -2.384991 1.061538
v -0.530769 1.592308 1.238462
v -0.176923 1.592308 1.238462
v 0.053077 -2.384991 1.061538
v -0.176923 -0.884615 1.061538
v 0.176923 -0.884615 1.061538
v 0.106154 -2.476923 1.061538
v -0.176923 -1.238462 1.238462
v -0.300769 1.677299 1.238462
v 0.176923 0.884615 0.884615
v 0.176923 0.884615 1.061538
v -0.176923 0.884615 0.884615
v -0.406923 1.677299 1.238462
v -0.460000 1.769231 1.238462
v 0.176923 1.238462 1.238462
v -0.176923 1.238462 1.238462
v -0.176923 1.946154 1.061539
v -0.406923 1.861163 1.238462
v -0.300769 1.861163 1.238462
v -0.247692 1.769231 1.238462
v -0.654615 1.677299 1.238462
v 0.176923 -1.592308 1.238461
v 0.176923 -0.884615 0.884615
v -0.760769 1.677299 1.238462
v 0.176923 -1.238462 1.238462
v 0.530769 -1.238462 1.238462
v -0.813846 1.769231 1.238462
v -0.760769 1.861163 1.238462
v 0.530769 1.238462 1.238462
v -0.654615 1.861163 1.238462
v 0.176923 1.946154 0.884615
v 0.176923 1.946154 1.061539
v -0.601538 1.769231 1.238462
v 0.176923 1.592308 1.238462
v -0.654615 -1.861163 1.238461
v -0.760769 -1.861163 1.238461
v 0.530769 -1.946154 0.884615
v -0.813846 -1.769231 1.238461
v 0.530769 -1.946154 1.061538
v 0.530769 -1.592308 1.238461
v 0.530769 -0.884615 0.884615
v -0.760769 -1.677299 1.238461
v 0.530769 -0.884615 1.061538
v 0.530769 0.884615 0.884615
v -0.654615 -1.677299 1.238461
v 0.530769 0.884615 1.061538
v 0.530769 1.946154 0.884615
v -0.601538 -1.769231 1.238461
v -0.969607 0.300769 1.238462
v 0.530769 1.946154 1.061539
v -1.061538 0.247692 1.238462
v 0.530769 1.592308 1.238462
v -1.153470 0.300769 1.238462
v -1.167692 0.353846 1.238462
v -1.153470 0.406923 1.238462
v -1.061538 0.460000 1.238462
v -0.969607 0.406923 1.238462
v -0.955385 0.353846 1.238462
v -0.969607 -0.053077 1.238462
v 0.884615 -0.530769 0.884615
v 0.884615 -0.530769 1.061538
v -1.061538 -0.106154 1.238462
v 1.238462 -0.530769 1.238462
v 1.238462 -0.176923 1.238462
v -1.153470 -0.053077 1.238462
v 0.884615 -0.176923 0.884615
v -1.167692 -0.000000 1.238462
v 0.884615 -0.176923 1.061538
v -1.153470 0.053077 1.238462
v 1.238462 0.176923 1.238462
v 0.884615 0.176923 1.061538
v 0.884615 0.530769 1.061538
v 0.884615 0.530769 0.884615
v 0.884615 0.176923 0.884615
v -1.061538 0.106154 1.238462
v 1.238462 0.530769 1.238462
v -0.969607 0.053077 1.238462
v -0.955385 -0.000000 1.238462
v -0.969607 -0.406923 1.238462
v -1.061538 -0.460000 1.238462
v 1.238462 1.592308 0.884615
v 1.238462 1.592308 1.061539
v 1.592308 -1.592308 0.707692
v 1.592308 -1.592308 0.884615
v -1.153470 -0.406923 1.238462
v 1.592308 -1.238462 0.884615
v -1.167692 -0.353846 1.238462
v -1.153470 -0.300769 1.238462
v 1.592308 -1.238462 1.061538
v -1.061538 -0.247692 1.238462
v 1.238462 -1.238462 1.238462
v -0.969607 -0.300769 1.238462
v -0.955385 -0.353846 1.238462
v 1.592308 1.238462 0.884615
v 1.592308 1.238462 1.061538
v -1.008461 -1.861163 1.061538
v -1.114615 -1.861163 1.061538
v -1.167692 -1.769231 1.061538
v -1.114615 -1.677299 1.061538
v 1.238462 1.238462 1.238462
v -1.008461 -1.677299 1.061538
v -0.955385 -1.769231 1.061538
v -1.008461 -2.215009 1.061538
v -1.114615 -2.215009 1.061538
v 1.592308 -0.530769 1.238462
v 1.946154 -0.530769 0.884615
v -1.167692 -2.123077 1.061538
v 1.946154 -0.176923 1.061538
v 1.946154 -0.530769 1.061538
v -1.114615 -2.031145 1.061538
v 1.592308 -0.176923 1.238462
v 1.946154 -0.176923 0.884615
v -1.008461 -2.031145 1.061538
v -0.955385 -2.123077 1.061538
v 1.946154 0.176923 0.884615
v 1.946154 0.176923 1.061538
v 1.946154 0.530769 1.061538
v -1.362308 -1.507317 1.238461
v 1.592308 0.176923 1.238462
v 1.946154 0.530769 0.884615
v -1.468462 -1.507317 1.238461
v -1.507317 -1.468462 1.238461
v -1.507317 -1.362308 1.238462
v -1.415385 -1.309231 1.238462
v 1.592308 0.530769 1.238462
v -1.309231 -1.415385 1.238461
v -1.677299 0.300769 1.238462
v -1.769231 0.247692 1.238462
v -1.861163 0.300769 1.238462
v -1.861163 0.406923 1.238462
v -1.769231 0.460000 1.238462
v -1.677299 0.406923 1.238462
v -1.677299 -0.406923 1.238462
v -0.884615 -1.946154 0.707692
v -1.769231 -0.460000 1.238462
v -1.238462 -1.946154 0.884615
v -1.861163 -0.406923 1.238462
v -1.861163 -0.300769 1.238462
v -1.769231 -0.247692 1.238462
v -1.677299 -0.300769 1.238462
v 0.176923 -2.300000 0.884615
v -1.677299 -1.114615 1.061538
v -1.769231 -1.167692 1.061538
v -1.861163 -1.114615 1.061538
v -0.176923 -2.300000 0.884615
v -1.861163 -1.008461 1.061538
v -1.769231 -0.955385 1.061538
v -1.677299 -1.008461 1.061538
v 1.238462 -1.946154 0.884615
v -1.677299 -1.468462 1.061538
v -1.716154 -1.507317 1.061538
v -1.822308 -1.507317 1.061538
v -1.861163 -1.468462 1.061538
v -1.861163 -1.362308 1.061538
v 1.592308 -1.946154 0.884615
v -1.769231 -1.309231 1.061538
v -1.677299 -1.362308 1.061538
v 1.167692 0.353846 1.238462
v 1.153470 0.406923 1.238462
v 1.061538 0.460000 1.238462
v 0.969607 0.406923 1.238462
v 0.955385 0.353846 1.238462
v 0.969607 0.300769 1.238462
v 1.061538 0.247692 1.238462
v 1.153470 0.300769 1.238462
v 1.507317 -2.070000 1.061538
v 1.468462 -2.031145 1.061538
v 1.362308 -2.031145 1.061538
v 1.309231 -2.123077 1.061538
v 1.362308 -2.215009 1.061538
v 1.468462 -2.215009 1.061538
v 1.507317 -2.176154 1.061538
v 1.507317 -1.716154 1.061538
v 1.468462 -1.677299 1.061538
v 1.362308 -1.677299 1.061538
v 1.309231 -1.769231 1.061538
v 1.362308 -1.861163 1.061538
v 1.468462 -1.861163 1.061538
v 1.507317 -1.822308 1.061538
v 1.861163 -0.654615 1.238462
v 1.769231 -0.601539 1.238462
v 1.677299 -0.654615 1.238462
v 1.677299 -0.760769 1.238462
v 1.769231 -0.813846 1.238462
v 1.861163 -0.760769 1.238462
v 1.861163 -0.300769 1.238462
v 1.769231 -0.247692 1.238462
v 1.677299 -0.300769 1.238462
v 1.677299 -0.406923 1.238462
v 1.769231 -0.460000 1.238462
v 1.861163 -0.406923 1.238462
v 1.861163 0.406923 1.238462
v 1.769231 0.460000 1.238462
v 1.677299 0.406923 1.238462
v 1.677299 0.300769 1.238462
v 1.769231 0.247692 1.238462
v 1.861163 0.300769 1.238462
v 1.861163 0.760769 1.238462
v 1.769231 0.813846 1.238462
v 1.677299 0.760769 1.238462
v 1.677299 0.654615 1.238462
v 1.769231 0.601538 1.238462
v 1.861163 0.654615 1.238462
v -1.928462 -1.592308 0.884615
v -1.946154 -1.574615 0.884615
v 1.137608 -0.043919 1.302154
v 1.153470 -0.053077 1.284462
v 1.127126 -0.079422 1.284462
v 1.105457 -0.076070 1.302154
v 1.097526 -0.096511 1.284462
v 1.127126 -0.079422 1.238462
v 1.097526 -0.096511 1.238462
v -1.928462 -1.592308 0.707692
v -1.946154 -1.574615 0.707692
v 1.061538 -0.087837 1.302154
v 1.061538 -0.106154 1.284462
v -1.928462 -0.884615 1.079231
v -1.946154 -0.866923 1.043846
v -1.928462 -0.902308 1.061538
v 1.025551 -0.096511 1.284462
v 1.017620 -0.076070 1.302154
v 0.995951 -0.079422 1.284462
v 1.025551 -0.096511 1.238462
v 0.995951 -0.079422 1.238462
v -1.928462 -0.884615 1.220769
v -1.928462 -0.866923 1.238462
v -1.946154 -0.866923 1.220769
v 0.985469 -0.043919 1.302154
v 0.969607 -0.053077 1.284462
v -1.610000 -0.902308 1.061538
v -1.592308 -0.902308 1.079231
v -1.610000 -0.884615 1.079231
v 0.973701 -0.000000 1.302154
v 0.955385 -0.000000 1.284462
v 0.985469 0.043919 1.302154
v 0.969607 0.053077 1.284462
v 0.995951 0.079422 1.284462
v 1.017620 0.076069 1.302154
v 1.025551 0.096511 1.284462
v -1.928462 -0.530769 1.238462
v -1.946154 -0.530769 1.220769
v 0.995951 0.079422 1.238462
v 1.025551 0.096511 1.238462
v 1.061538 0.087837 1.302154
v 1.061538 0.106154 1.284462
v -1.946154 -0.176923 1.220769
v -1.928462 -0.176923 1.238462
v -1.946154 -0.159231 1.238462
v 1.097526 0.096511 1.284462
v 1.105457 0.076069 1.302154
v 1.127126 0.079422 1.284462
v 1.097526 0.096511 1.238462
v 1.127126 0.079422 1.238462
v 1.137608 0.043919 1.302154
v 1.153470 0.053077 1.284462
v 1.149376 -0.000000 1.302154
v 1.167692 -0.000000 1.284462
v 0.804203 1.733243 1.284462
v 0.783762 1.725312 1.302154
v 0.787114 1.703643 1.284462
v 0.804203 1.733243 1.238462
v 0.787114 1.703643 1.238462
v 0.751611 1.693161 1.302154
v 0.760769 1.677299 1.284462
v 0.724782 1.667656 1.284462
v 0.707692 1.681393 1.302154
v 0.690603 1.667656 1.284462
v 0.724782 1.667656 1.238462
v 0.690603 1.667656 1.238462
v 0.663774 1.693161 1.302154
v 0.654615 1.677299 1.284462
v 0.628271 1.703644 1.284462
v 0.631623 1.725312 1.302154
v 0.611181 1.733243 1.284462
v -1.928462 0.530769 1.238462
v -1.946154 0.530769 1.220769
v 0.628271 1.703644 1.238462
v 0.611181 1.733243 1.238462
v 0.619855 1.769231 1.302154
v 0.601538 1.769231 1.284462
v -1.928462 0.176923 1.238462
v -1.946154 0.176923 1.220769
v -1.946154 0.159231 1.238462
v -1.946154 0.866923 1.061538
v -1.928462 0.884615 1.061538
v -1.946154 0.866923 0.884615
v -1.928462 0.884615 0.884615
v 0.611181 1.805218 1.284462
v 0.631623 1.813149 1.302154
v 0.628271 1.834818 1.284462
v 0.611181 1.805218 1.238462
v 0.628271 1.834818 1.238462
v 0.663774 1.845300 1.302154
v 0.654615 1.861163 1.284462
v 0.690603 1.870806 1.284462
v 0.707692 1.857068 1.302154
v 0.724782 1.870806 1.284462
v -1.928462 0.866923 1.238462
v -1.928462 0.884615 1.220769
v -1.946154 0.866923 1.220769
v 0.690603 1.870806 1.238462
v 0.724782 1.870806 1.238462
v 0.751611 1.845300 1.302154
v 0.760769 1.861163 1.284462
v 0.787114 1.834818 1.284462
v 0.783762 1.813149 1.302154
v 0.804203 1.805218 1.284462
v -1.610000 0.884615 1.220769
v -1.592308 0.884615 1.238462
v 0.787114 1.834818 1.238462
v 0.804203 1.805218 1.238462
v 0.795530 1.769231 1.302154
v 0.813846 1.769231 1.284462
v 0.804203 -1.805218 1.284461
v 0.783762 -1.813149 1.302154
v 0.787114 -1.834818 1.284461
v 0.804203 -1.805218 1.238461
v 0.787114 -1.834818 1.238461
v -1.238462 -1.610000 0.884615
v -1.256154 -1.592308 0.884615
v 0.751611 -1.845300 1.302154
v 0.760769 -1.861163 1.284461
v -1.574615 -1.592308 1.220769
v -1.574615 -1.574615 1.238461
v -1.592308 -1.574615 1.220769
v 0.724782 -1.870806 1.284461
v 0.707692 -1.857068 1.302154
v 0.690603 -1.870806 1.284461
v -1.592308 -1.238462 1.079231
v -1.610000 -1.238462 1.061538
v -1.592308 -1.574615 1.079231
v -1.610000 -1.574615 1.061538
v -1.574615 -1.592308 1.043846
v 0.724782 -1.870806 1.238461
v 0.690603 -1.870806 1.238461
v 0.663774 -1.845300 1.302154
v 0.654615 -1.861163 1.284461
v 0.628271 -1.834818 1.284461
v 0.631623 -1.813149 1.302154
v 0.611181 -1.805218 1.284461
v 0.628271 -1.834818 1.238461
v 0.611181 -1.805218 1.238461
v -1.238462 -1.574615 1.238461
v -1.238462 -1.592308 1.220769
v -1.220769 -1.592308 1.238461
v 0.619855 -1.769231 1.302154
v 0.601538 -1.769231 1.284461
v -1.592308 -1.238462 1.220769
v -1.574615 -1.238462 1.238462
v -1.592308 -1.220769 1.238462
v -1.610000 -0.884615 1.220769
v -1.592308 -0.884615 1.238462
v 0.611181 -1.733243 1.284461
v 0.631623 -1.725312 1.302154
v 0.628271 -1.703644 1.284461
v 0.611181 -1.733243 1.238461
v 0.628271 -1.703644 1.238461
v 0.663774 -1.693161 1.302154
v 0.654615 -1.677299 1.284461
v -1.610000 0.884615 0.884615
v -1.592308 0.902308 0.884615
v -1.574615 1.238462 1.238462
v -1.592308 1.238462 1.220769
v -1.592308 1.220769 1.238462
v 0.690603 -1.667656 1.284461
v 0.707692 -1.681393 1.302154
v 0.724782 -1.667656 1.284461
v -1.610000 0.884615 1.061538
v -1.592308 0.902308 1.061538
v 0.690603 -1.667656 1.238461
v 0.724782 -1.667656 1.238461
v -1.592308 1.574615 1.061539
v -1.574615 1.592308 1.061539
v -1.592308 1.574615 0.884615
v -1.574615 1.592308 0.884615
v 0.751611 -1.693161 1.302154
v 0.760769 -1.677299 1.284461
v 0.787114 -1.703643 1.284461
v 0.783762 -1.725312 1.302154
v 0.804203 -1.733243 1.284461
v 0.787114 -1.703643 1.238461
v 0.804203 -1.733243 1.238461
v 0.795530 -1.769231 1.302154
v 0.813846 -1.769231 1.284461
v 0.450357 1.733243 1.284462
v 0.429916 1.725312 1.302154
v 0.433268 1.703644 1.284462
v 0.450357 1.733243 1.238462
v 0.433268 1.703644 1.238462
v -1.574615 1.574615 1.238462
v -1.574615 1.592308 1.220769
v -1.592308 1.574615 1.220769
v 0.397765 1.693161 1.302154
v 0.406923 1.677299 1.284462
v 0.370936 1.667656 1.284462
v 0.353846 1.681393 1.302154
v 0.336757 1.667656 1.284462
v -1.238462 1.592308 1.220769
v -1.238462 1.574615 1.238462
v -1.220769 1.592308 1.238462
v 0.370936 1.667656 1.238462
v 0.336757 1.667656 1.238462
v 0.309927 1.693161 1.302154
v 0.300769 1.677299 1.284462
v 0.274425 1.703644 1.284462
v 0.277777 1.725312 1.302154
v 0.257335 1.733243 1.284462
v 0.274425 1.703644 1.238462
v 0.257335 1.733243 1.238462
v 0.266009 1.769231 1.302154
v 0.247692 1.769231 1.284462
v -0.884615 -0.866923 1.061538
v -0.866923 -0.884615 1.061538
v 0.257335 1.805218 1.284462
v 0.277777 1.813149 1.302154
v 0.274425 1.834818 1.284462
v 0.257335 1.805218 1.238462
v 0.274425 1.834818 1.238462
v 0.309927 1.845300 1.302154
v 0.300769 1.861163 1.284462
v -0.866923 -0.884615 1.238462
v -0.884615 -0.866923 1.238462
v 0.336757 1.870806 1.284462
v 0.353846 1.857068 1.302154
v 0.370936 1.870806 1.284462
v 0.336757 1.870806 1.238462
v 0.370936 1.870806 1.238462
v 0.397765 1.845300 1.302154
v 0.406923 1.861163 1.284462
v -0.884615 -0.530769 1.220769
v -0.902308 -0.530769 1.238462
v -0.884615 -0.548462 1.238462
v 0.433268 1.834818 1.284462
v 0.429916 1.813149 1.302154
v 0.450357 1.805218 1.284462
v 0.433268 1.834818 1.238462
v 0.450357 1.805218 1.238462
v 0.460000 1.769231 1.284462
v 0.441684 1.769231 1.302154
v 0.450357 -1.097526 1.284462
v 0.429916 -1.105457 1.302154
v 0.433268 -1.127126 1.284462
v 0.450357 -1.097526 1.238462
v 0.433268 -1.127126 1.238462
v 0.397765 -1.137608 1.302154
v 0.406923 -1.153470 1.284462
v -0.884615 -0.176923 1.220769
v -0.902308 -0.176923 1.238462
v 0.353846 -1.149376 1.302154
v 0.353846 -1.167692 1.284462
v 0.309927 -1.137608 1.302154
v 0.300769 -1.153470 1.284462
v 0.274425 -1.127126 1.284462
v 0.277777 -1.105457 1.302154
v 0.257335 -1.097526 1.284462
v 0.274425 -1.127126 1.238462
v 0.257335 -1.097526 1.238462
v 0.266009 -1.061538 1.302154
v 0.247692 -1.061538 1.284462
v -0.884615 0.176923 1.220769
v -0.902308 0.176923 1.238462
v 0.257335 -1.025551 1.284462
v 0.277777 -1.017620 1.302154
v 0.274425 -0.995951 1.284462
v 0.257335 -1.025551 1.238462
v 0.274425 -0.995951 1.238462
v 0.309927 -0.985469 1.302154
v 0.300769 -0.969607 1.284462
v -0.866923 0.884615 0.884615
v -0.884615 0.866923 0.884615
v 0.353846 -0.973701 1.302154
v 0.353846 -0.955385 1.284462
v 0.397765 -0.985469 1.302154
v 0.406923 -0.969607 1.284462
v -0.902308 0.530769 1.238462
v -0.884615 0.530769 1.220769
v -0.884615 0.548461 1.238462
v 0.433268 -0.995951 1.284462
v 0.429916 -1.017620 1.302154
v 0.450357 -1.025551 1.284462
v 0.433268 -0.995951 1.238462
v 0.450357 -1.025551 1.238462
v 0.460000 -1.061538 1.284462
v 0.441684 -1.061538 1.302154
v 0.096511 -1.097526 1.284462
v 0.076069 -1.105457 1.302154
v 0.079422 -1.127126 1.284462
v 0.096511 -1.097526 1.238462
v 0.079422 -1.127126 1.238462
v 0.043919 -1.137608 1.302154
v 0.053077 -1.153470 1.284462
v 0.000000 -1.149376 1.302154
v -0.000000 -1.167692 1.284462
v -0.884615 -1.610000 1.220769
v -0.884615 -1.592308 1.238461
v -0.043919 -1.137608 1.302154
v -0.053077 -1.153470 1.284462
v -0.884615 -1.963846 1.043846
v -0.866923 -1.946154 1.061538
v -0.884615 -1.928462 1.079231
v -0.902308 -1.946154 1.061538
v -0.866923 -1.946154 1.220769
v -0.866923 -1.928462 1.238461
v -0.884615 -1.928462 1.220769
v -0.079422 -1.127126 1.284462
v -0.076069 -1.105457 1.302154
v -0.096511 -1.097526 1.284462
v -0.079422 -1.127126 1.238462
v -0.096511 -1.097526 1.238462
v -0.087837 -1.061538 1.302154
v -0.106154 -1.061538 1.284462
v -0.096511 -1.025551 1.284462
v -0.076069 -1.017620 1.302154
v -0.079422 -0.995951 1.284462
v -0.884615 -0.866923 0.884615
v -0.866923 -0.884615 0.884615
v -0.096511 -1.025551 1.238462
v -0.079422 -0.995951 1.238462
v -0.043919 -0.985469 1.302154
v -0.053077 -0.969607 1.284462
v 0.000000 -0.973701 1.302154
v 0.000000 -0.955385 1.284462
v 0.043919 -0.985469 1.302154
v 0.053077 -0.969607 1.284462
v 0.079422 -0.995951 1.284462
v 0.076069 -1.017620 1.302154
v 0.096511 -1.025551 1.284462
v 0.079422 -0.995951 1.238462
v 0.096511 -1.025551 1.238462
v -0.866923 0.884615 1.061538
v -0.884615 0.866923 1.061538
v 0.106154 -1.061538 1.284462
v 0.087837 -1.061538 1.302154
v -0.530769 0.884615 1.220769
v -0.530769 0.902308 1.238462
v -0.548462 0.884615 1.238462
v -0.884615 0.866923 1.238462
v -0.866923 0.884615 1.238462
v 0.096511 -2.159065 1.107538
v 0.076069 -2.166996 1.125231
v 0.079422 -2.188664 1.107538
v 0.096511 -2.159065 1.061538
v 0.079422 -2.188664 1.061538
v 0.043919 -2.199146 1.125231
v 0.053077 -2.215009 1.107538
v -0.902308 1.592308 0.884615
v -0.884615 1.610000 0.884615
v -0.884615 1.928462 0.884615
v -0.866923 1.946154 0.884615
v 0.017089 -2.224652 1.107538
v 0.000000 -2.210914 1.125231
v -0.017089 -2.224652 1.107538
v 0.017089 -2.224652 1.061538
v -0.017089 -2.224652 1.061538
v -0.884615 1.610000 1.220769
v -0.884615 1.592308 1.238462
v -0.866923 1.928462 1.238462
v -0.866923 1.946154 1.220769
v -0.884615 1.928462 1.220769
v -0.043919 -2.199146 1.125231
v -0.053077 -2.215009 1.107538
v -0.884615 1.610000 1.061539
v -0.902308 1.592308 1.061539
v -0.884615 1.928462 1.061539
v -0.866923 1.946154 1.061539
v -0.079422 -2.188664 1.107538
v -0.076069 -2.166996 1.125231
v -0.096511 -2.159065 1.107538
v -0.079422 -2.188664 1.061538
v -0.096511 -2.159065 1.061538
v -0.087837 -2.123077 1.125231
v -0.106154 -2.123077 1.107538
v -0.096511 -2.087090 1.107538
v -0.076069 -2.079158 1.125231
v -0.079422 -2.057490 1.107538
v -0.096511 -2.087090 1.061538
v -0.079422 -2.057490 1.061538
v -0.043919 -2.047008 1.125231
v -0.053077 -2.031145 1.107538
v -0.017089 -2.021502 1.107538
v 0.000000 -2.035239 1.125231
v 0.017089 -2.021502 1.107538
v -0.017089 -2.021502 1.061538
v 0.017089 -2.021502 1.061538
v 0.043919 -2.047008 1.125231
v 0.053077 -2.031145 1.107538
v -0.176923 -1.928462 1.238461
v -0.176923 -1.946154 1.220769
v -0.159231 -1.946154 1.238461
v 0.079422 -2.057490 1.107538
v 0.076069 -2.079158 1.125231
v 0.096511 -2.087090 1.107538
v -0.530769 -1.946154 1.220769
v -0.530769 -1.928462 1.238461
v 0.079422 -2.057490 1.061538
v 0.096511 -2.087090 1.061538
v 0.106154 -2.123077 1.107538
v 0.087837 -2.123077 1.125231
v 0.096511 -2.512911 1.107538
v 0.076069 -2.520842 1.125231
v 0.079422 -2.542510 1.107538
v 0.096511 -2.512911 1.061538
v 0.079422 -2.542510 1.061538
v 0.043919 -2.552993 1.125231
v 0.053077 -2.568855 1.107538
v -0.176923 -0.902308 1.238462
v -0.176923 -0.884615 1.220769
v -0.530769 -0.902308 1.238462
v -0.530769 -0.884615 1.220769
v -0.548462 -0.884615 1.238462
v 0.017089 -2.578498 1.107538
v 0.000000 -2.564760 1.125231
v -0.017089 -2.578498 1.107538
v 0.017089 -2.578498 1.061538
v -0.017089 -2.578498 1.061538
v -0.043919 -2.552993 1.125231
v -0.053077 -2.568855 1.107538
v -0.079422 -2.542510 1.107538
v -0.076069 -2.520842 1.125231
v -0.096511 -2.512911 1.107538
v -0.079422 -2.542510 1.061538
v -0.096511 -2.512911 1.061538
v -0.087837 -2.476923 1.125231
v -0.106154 -2.476923 1.107538
v -0.096511 -2.440936 1.107538
v -0.076069 -2.433005 1.125231
v -0.079422 -2.411336 1.107538
v -0.096511 -2.440936 1.061538
v -0.079422 -2.411336 1.061538
v -0.043919 -2.400854 1.125231
v -0.053077 -2.384991 1.107538
v -0.017089 -2.375348 1.107538
v 0.000000 -2.389086 1.125231
v 0.017089 -2.375348 1.107538
v -0.017089 -2.375348 1.061538
v 0.017089 -2.375348 1.061538
v -0.176923 1.946154 1.220769
v -0.176923 1.928462 1.238462
v -0.159231 1.946154 1.238462
v -0.530769 1.946154 1.220769
v -0.530769 1.928462 1.238462
v 0.043919 -2.400854 1.125231
v 0.053077 -2.384991 1.107538
v 0.176923 -1.946154 1.220769
v 0.176923 -1.928462 1.238461
v 0.159231 -1.946154 1.238461
v 0.079422 -2.411336 1.107538
v 0.076069 -2.433005 1.125231
v 0.096511 -2.440936 1.107538
v 0.079422 -2.411336 1.061538
v 0.096511 -2.440936 1.061538
v 0.106154 -2.476923 1.107538
v 0.087837 -2.476923 1.125231
v -0.257335 1.733243 1.284462
v -0.277777 1.725312 1.302154
v -0.274425 1.703644 1.284462
v -0.257335 1.733243 1.238462
v -0.274425 1.703644 1.238462
v -0.309927 1.693161 1.302154
v -0.300769 1.677299 1.284462
v -0.336757 1.667656 1.284462
v -0.353846 1.681393 1.302154
v -0.370936 1.667656 1.284462
v -0.336757 1.667656 1.238462
v -0.370936 1.667656 1.238462
v -0.397765 1.693161 1.302154
v -0.406923 1.677299 1.284462
v -0.433268 1.703644 1.284462
v -0.429916 1.725312 1.302154
v -0.450357 1.733243 1.284462
v -0.433268 1.703644 1.238462
v -0.450357 1.733243 1.238462
v -0.441684 1.769231 1.302154
v -0.460000 1.769231 1.284462
v -0.176923 0.884615 1.220769
v -0.176923 0.902308 1.238462
v -0.450357 1.805218 1.284462
v -0.429916 1.813149 1.302154
v -0.433268 1.834818 1.284462
v -0.450357 1.805218 1.238462
v -0.433268 1.834818 1.238462
v -0.397765 1.845300 1.302154
v -0.406923 1.861163 1.284462
v -0.370936 1.870806 1.284462
v -0.353846 1.857068 1.302154
v -0.336757 1.870806 1.284462
v -0.370936 1.870806 1.238462
v -0.336757 1.870806 1.238462
v -0.309927 1.845300 1.302154
v -0.300769 1.861163 1.284462
v -0.274425 1.834818 1.284462
v -0.277777 1.813149 1.302154
v -0.257335 1.805218 1.284462
v -0.274425 1.834818 1.238462
v -0.257335 1.805218 1.238462
v -0.247692 1.769231 1.284462
v -0.266009 1.769231 1.302154
v -0.611181 1.733243 1.284462
v -0.631623 1.725312 1.302154
v -0.628271 1.703644 1.284462
v -0.611181 1.733243 1.238462
v -0.628271 1.703644 1.238462
v 0.159231 -1.963846 1.061538
v 0.176923 -1.963846 1.043846
v 0.194615 -1.946154 1.079231
v -0.663774 1.693161 1.302154
v -0.654615 1.677299 1.284462
v 0.530769 -1.946154 1.220769
v 0.530769 -1.928462 1.238461
v -0.690603 1.667656 1.284462
v -0.707692 1.681393 1.302154
v -0.724782 1.667656 1.284462
v -0.690603 1.667656 1.238462
v -0.724782 1.667656 1.238462
v -0.751611 1.693161 1.302154
v -0.760769 1.677299 1.284462
v 0.176923 -0.884615 1.220769
v 0.176923 -0.902308 1.238462
v 0.530769 -0.884615 1.220769
v 0.530769 -0.902308 1.238462
v 0.548462 -0.884615 1.238462
v -0.787114 1.703643 1.284462
v -0.783762 1.725312 1.302154
v -0.804203 1.733243 1.284462
v -0.787114 1.703643 1.238462
v -0.804203 1.733243 1.238462
v -0.795530 1.769231 1.302154
v -0.813846 1.769231 1.284462
v -0.804203 1.805218 1.284462
v -0.783762 1.813149 1.302154
v -0.787114 1.834818 1.284462
v -0.804203 1.805218 1.238462
v -0.787114 1.834818 1.238462
v -0.751611 1.845300 1.302154
v -0.760769 1.861163 1.284462
v -0.724782 1.870806 1.284462
v -0.707692 1.857068 1.302154
v -0.690603 1.870806 1.284462
v -0.724782 1.870806 1.238462
v -0.690603 1.870806 1.238462
v -0.663774 1.845300 1.302154
v -0.654615 1.861163 1.284462
v 0.176923 0.902308 1.238462
v 0.176923 0.884615 1.220769
v 0.530769 0.902308 1.238462
v 0.530769 0.884615 1.220769
v 0.548462 0.884615 1.238462
v -0.628271 1.834818 1.284462
v -0.631623 1.813149 1.302154
v -0.611181 1.805218 1.284462
v -0.628271 1.834818 1.238462
v -0.611181 1.805218 1.238462
v -0.601538 1.769231 1.284462
v -0.619855 1.769231 1.302154
v -0.611181 -1.805218 1.284461
v -0.631623 -1.813149 1.302154
v -0.628271 -1.834818 1.284461
v -0.611181 -1.805218 1.238461
v -0.628271 -1.834818 1.238461
v -0.663774 -1.845300 1.302154
v -0.654615 -1.861163 1.284461
v 0.176923 1.928462 1.238462
v 0.176923 1.946154 1.220769
v 0.159231 1.946154 1.238462
v -0.690603 -1.870806 1.284461
v -0.707692 -1.857068 1.302154
v -0.724782 -1.870806 1.284461
v 0.902308 -1.592308 0.884615
v 0.884615 -1.610000 0.884615
v -0.690603 -1.870806 1.238461
v -0.724782 -1.870806 1.238461
v 0.884615 -1.928462 1.061538
v 0.866923 -1.946154 1.061538
v 0.884615 -1.928462 0.884615
v 0.866923 -1.946154 0.884615
v -0.751611 -1.845300 1.302154
v -0.760769 -1.861163 1.284461
v -0.787114 -1.834818 1.284461
v -0.783762 -1.813149 1.302154
v -0.804203 -1.805218 1.284461
v 0.902308 -1.592308 1.061538
v 0.884615 -1.610000 1.061538
v -0.787114 -1.834818 1.238461
v -0.804203 -1.805218 1.238461
v 0.866923 -1.946154 1.220769
v 0.884615 -1.928462 1.220769
v 0.866923 -1.928462 1.238461
v -0.795530 -1.769231 1.302154
v -0.813846 -1.769231 1.284461
v -0.804203 -1.733243 1.284461
v -0.783762 -1.725312 1.302154
v -0.787114 -1.703643 1.284461
v -0.804203 -1.733243 1.238461
v -0.787114 -1.703643 1.238461
v -0.751611 -1.693161 1.302154
v -0.760769 -1.677299 1.284461
v 0.884615 -1.610000 1.220769
v 0.884615 -1.592308 1.238461
v 0.866923 -0.884615 1.061538
v 0.884615 -0.866923 1.061538
v 0.866923 -0.884615 0.884615
v 0.884615 -0.866923 0.884615
v -0.724782 -1.667656 1.284461
v -0.707692 -1.681393 1.302154
v -0.690603 -1.667656 1.284461
v 0.884615 -0.866923 1.238462
v 0.866923 -0.884615 1.238462
v -0.724782 -1.667656 1.238461
v -0.690603 -1.667656 1.238461
v 0.884615 0.866923 0.884615
v 0.866923 0.884615 0.884615
v 0.884615 0.866923 1.061538
v 0.866923 0.884615 1.061538
v -0.663774 -1.693161 1.302154
v -0.654615 -1.677299 1.284461
v 0.866923 0.884615 1.238462
v 0.884615 0.866923 1.238462
v -0.628271 -1.703644 1.284461
v -0.631623 -1.725312 1.302154
v -0.611181 -1.733243 1.284461
v 0.884615 1.610000 0.884615
v 0.902308 1.592308 0.884615
v 0.866923 1.946154 0.884615
v 0.884615 1.928462 0.884615
v -0.628271 -1.703644 1.238461
v -0.611181 -1.733243 1.238461
v 0.884615 1.610000 1.061539
v 0.902308 1.592308 1.061539
v -0.601538 -1.769231 1.284461
v -0.619855 -1.769231 1.302154
v -0.985469 0.309927 1.302154
v -0.969607 0.300769 1.284462
v -0.995951 0.274425 1.284462
v -1.017620 0.277777 1.302154
v -1.025551 0.257335 1.284462
v 0.866923 1.946154 1.220769
v 0.866923 1.928462 1.238462
v 0.884615 1.928462 1.220769
v -0.995951 0.274425 1.238462
v -1.025551 0.257335 1.238462
v -1.061538 0.266009 1.302154
v -1.061538 0.247692 1.284462
v 0.866923 1.946154 1.061539
v 0.884615 1.928462 1.061539
v -1.097526 0.257335 1.284462
v -1.105457 0.277777 1.302154
v -1.127126 0.274425 1.284462
v -1.097526 0.257335 1.238462
v -1.127126 0.274425 1.238462
v 0.530769 1.928462 1.238462
v 0.530769 1.946154 1.220769
v -1.137608 0.309927 1.302154
v -1.153470 0.300769 1.284462
v -1.149376 0.353846 1.302154
v -1.167692 0.353846 1.284462
v -1.137608 0.397765 1.302154
v -1.153470 0.406923 1.284462
v -1.127126 0.433268 1.284462
v -1.105457 0.429916 1.302154
v -1.097526 0.450357 1.284462
v -1.127126 0.433268 1.238462
v -1.097526 0.450357 1.238462
v -1.061538 0.441684 1.302154
v -1.061538 0.460000 1.284462
v -1.025551 0.450357 1.284462
v -1.017620 0.429916 1.302154
v -0.995951 0.433268 1.284462
v -1.025551 0.450357 1.238462
v -0.995951 0.433268 1.238462
v -0.985469 0.397765 1.302154
v -0.969607 0.406923 1.284462
v -0.955385 0.353846 1.284462
v -0.973701 0.353846 1.302154
v -0.985469 -0.043919 1.302154
v -0.969607 -0.053077 1.284462
v -0.995951 -0.079422 1.284462
v -1.017620 -0.076070 1.302154
v -1.025551 -0.096511 1.284462
v 0.902308 -0.530769 1.238462
v 0.884615 -0.530769 1.220769
v 0.884615 -0.548462 1.238462
v -0.995951 -0.079422 1.238462
v -1.025551 -0.096511 1.238462
v -1.061538 -0.087837 1.302154
v -1.061538 -0.106154 1.284462
v -1.097526 -0.096511 1.284462
v -1.105457 -0.076070 1.302154
v -1.127126 -0.079422 1.284462
v -1.097526 -0.096511 1.238462
v -1.127126 -0.079422 1.238462
v -1.137608 -0.043919 1.302154
v -1.153470 -0.053077 1.284462
v -1.149376 -0.000000 1.302154
v -1.167692 -0.000000 1.284462
v -1.137608 0.043919 1.302154
v -1.153470 0.053077 1.284462
v 0.884615 -0.176923 1.220769
v 0.902308 -0.176923 1.238462
v 0.902308 0.176923 1.238462
v 0.884615 0.176923 1.220769
v -1.127126 0.079422 1.284462
v -1.105457 0.076069 1.302154
v -1.097526 0.096511 1.284462
v 0.884615 0.530769 1.220769
v 0.902308 0.530769 1.238462
v 0.884615 0.548461 1.238462
v -1.127126 0.079422 1.238462
v -1.097526 0.096511 1.238462
v -1.061538 0.087837 1.302154
v -1.061538 0.106154 1.284462
v -1.025551 0.096511 1.284462
v -1.017620 0.076069 1.302154
v -0.995951 0.079422 1.284462
v -1.025551 0.096511 1.238462
v -0.995951 0.079422 1.238462
v -0.985469 0.043919 1.302154
v -0.969607 0.053077 1.284462
v -0.955385 -0.000000 1.284462
v -0.973701 -0.000000 1.302154
v -0.985469 -0.397765 1.302154
v -0.969607 -0.406923 1.284462
v -0.995951 -0.433268 1.284462
v -1.017620 -0.429916 1.302154
v -1.025551 -0.450357 1.284462
v -0.995951 -0.433268 1.238462
v -1.025551 -0.450357 1.238462
v -1.061538 -0.441684 1.302154
v -1.061538 -0.460000 1.284462
v -1.097526 -0.450357 1.284462
v -1.105457 -0.429916 1.302154
v -1.127126 -0.433268 1.284462
v -1.097526 -0.450357 1.238462
v -1.127126 -0.433268 1.238462
v 0.884615 1.610000 1.220769
v 0.884615 1.592308 1.238462
v -1.137608 -0.397765 1.302154
v -1.153470 -0.406923 1.284462
v 1.592308 -1.946154 0.725385
v 1.574615 -1.946154 0.707692
v 1.592308 -1.928462 0.707692
v -1.149376 -0.353846 1.302154
v -1.167692 -0.353846 1.284462
v -1.137608 -0.309928 1.302154
v -1.153470 -0.300769 1.284462
v 1.574615 -1.238462 1.238462
v 1.592308 -1.238462 1.220769
v 1.592308 -1.220769 1.238462
v 1.574615 -1.574615 1.238461
v 1.574615 -1.592308 1.220769
v 1.592308 -1.574615 1.220769
v -1.127126 -0.274425 1.284462
v -1.105457 -0.277777 1.302154
v -1.097526 -0.257335 1.284462
v -1.127126 -0.274425 1.238462
v -1.097526 -0.257335 1.238462
v 1.238462 -1.592308 1.220769
v 1.238462 -1.574615 1.238461
v 1.220769 -1.592308 1.238461
v -1.061538 -0.266009 1.302154
v -1.061538 -0.247692 1.284462
v -1.025551 -0.257335 1.284462
v -1.017620 -0.277777 1.302154
v -0.995951 -0.274425 1.284462
v -1.025551 -0.257335 1.238462
v -0.995951 -0.274425 1.238462
v -0.985469 -0.309928 1.302154
v -0.969607 -0.300769 1.284462
v -0.955385 -0.353846 1.284462
v -0.973701 -0.353846 1.302154
v -0.965028 -1.805218 1.107538
v -0.985469 -1.813149 1.125231
v -0.982117 -1.834818 1.107538
v 1.592308 -0.902308 1.061538
v 1.610000 -0.884615 1.061538
v 1.610000 -0.884615 1.220769
v 1.592308 -0.884615 1.238462
v -0.965028 -1.805218 1.061538
v -0.982117 -1.834818 1.061538
v 1.592308 0.902308 0.884615
v 1.610000 0.884615 0.884615
v -1.017620 -1.845300 1.125231
v -1.008461 -1.861163 1.107538
v 1.592308 0.902308 1.061538
v 1.610000 0.884615 1.061538
v 1.592308 1.238462 1.220769
v 1.574615 1.238462 1.238462
v 1.592308 1.220769 1.238462
v -1.044449 -1.870806 1.107538
v -1.061538 -1.857068 1.125231
v -1.078628 -1.870806 1.107538
v -1.044449 -1.870806 1.061538
v -1.078628 -1.870806 1.061538
v -1.105457 -1.845300 1.125231
v -1.114615 -1.861163 1.107538
v -1.140960 -1.834818 1.107538
v -1.137608 -1.813149 1.125231
v -1.158049 -1.805218 1.107538
v -1.140960 -1.834818 1.061538
v -1.158049 -1.805218 1.061538
v -1.149376 -1.769231 1.125231
v -1.167692 -1.769231 1.107538
v 1.574615 1.592308 0.884615
v 1.592308 1.574615 0.884615
v -1.158049 -1.733243 1.107538
v -1.137608 -1.725312 1.125231
v -1.140960 -1.703643 1.107538
v 1.574615 1.592308 1.061539
v 1.592308 1.574615 1.061539
v -1.158049 -1.733243 1.061538
v -1.140960 -1.703643 1.061538
v -1.105457 -1.693161 1.125231
v -1.114615 -1.677299 1.107538
v -1.078628 -1.667656 1.107538
v -1.061538 -1.681393 1.125231
v -1.044449 -1.667656 1.107538
v 1.574615 1.592308 1.220769
v 1.574615 1.574615 1.238462
v 1.592308 1.574615 1.220769
v -1.078628 -1.667656 1.061538
v -1.044449 -1.667656 1.061538
v -1.017620 -1.693161 1.125231
v -1.008461 -1.677299 1.107538
v 1.238462 1.574615 1.238462
v 1.238462 1.592308 1.220769
v 1.220769 1.592308 1.238462
v 1.946154 -0.866923 0.884615
v 1.928462 -0.884615 0.884615
v -0.982117 -1.703643 1.107538
v -0.985469 -1.725312 1.125231
v -0.965028 -1.733243 1.107538
v -0.982117 -1.703643 1.061538
v -0.965028 -1.733243 1.061538
v -0.955385 -1.769231 1.107538
v -0.973701 -1.769231 1.125231
v -0.965028 -2.159065 1.107538
v -0.985469 -2.166996 1.125231
v -0.982117 -2.188664 1.107538
v -0.965028 -2.159065 1.061538
v -0.982117 -2.188664 1.061538
v 1.610000 -0.884615 0.884615
v 1.592308 -0.902308 0.884615
v 1.946154 -0.866923 1.061538
v 1.928462 -0.884615 1.061538
v -1.017620 -2.199146 1.125231
v -1.008461 -2.215009 1.107538
v -1.044449 -2.224652 1.107538
v -1.061538 -2.210914 1.125231
v -1.078628 -2.224652 1.107538
v -1.044449 -2.224652 1.061538
v -1.078628 -2.224652 1.061538
v 1.928462 -0.884615 1.220769
v 1.946154 -0.866923 1.220769
v 1.928462 -0.866923 1.238462
v -1.105457 -2.199146 1.125231
v -1.114615 -2.215009 1.107538
v -1.140960 -2.188664 1.107538
v -1.137608 -2.166996 1.125231
v -1.158049 -2.159065 1.107538
v -1.140960 -2.188664 1.061538
v -1.158049 -2.159065 1.061538
v -1.149376 -2.123077 1.125231
v -1.167692 -2.123077 1.107538
v -1.158049 -2.087090 1.107538
v -1.137608 -2.079158 1.125231
v -1.140960 -2.057490 1.107538
v -1.158049 -2.087090 1.061538
v -1.140960 -2.057490 1.061538
v -1.105457 -2.047008 1.125231
v -1.114615 -2.031145 1.107538
v 1.946154 -0.530769 1.220769
v 1.928462 -0.530769 1.238462
v -1.078628 -2.021502 1.107538
v -1.061538 -2.035239 1.125231
v -1.044449 -2.021502 1.107538
v -1.078628 -2.021502 1.061538
v -1.044449 -2.021502 1.061538
v -1.017620 -2.047008 1.125231
v -1.008461 -2.031145 1.107538
v -0.982117 -2.057490 1.107538
v -0.985469 -2.079158 1.125231
v -0.965028 -2.087090 1.107538
v -0.982117 -2.057490 1.061538
v -0.965028 -2.087090 1.061538
v -0.955385 -2.123077 1.107538
v -0.973701 -2.123077 1.125231
v 1.928462 -0.176923 1.238462
v 1.946154 -0.176923 1.220769
v 1.946154 -0.159231 1.238462
v -1.318874 -1.451372 1.284461
v -1.339315 -1.459303 1.302154
v -1.335963 -1.480972 1.284461
v -1.318874 -1.451372 1.238461
v -1.335963 -1.480972 1.238461
v -1.371466 -1.491454 1.302154
v -1.362308 -1.507317 1.284461
v 1.946154 0.176923 1.220769
v 1.928462 0.176923 1.238462
v 1.946154 0.159231 1.238462
v -1.398295 -1.516959 1.284461
v -1.415385 -1.503222 1.302154
v -1.432474 -1.516959 1.284461
v -1.398295 -1.516959 1.238461
v -1.432474 -1.516959 1.238461
v -1.459303 -1.491454 1.302154
v -1.468462 -1.507317 1.284461
v 1.928462 0.884615 0.884615
v 1.946154 0.866923 0.884615
v -1.491454 -1.459303 1.302154
v -1.507317 -1.468462 1.284461
v -1.516959 -1.432474 1.284461
v -1.503222 -1.415385 1.302154
v -1.516959 -1.398295 1.284461
v -1.516959 -1.432474 1.238461
v -1.516959 -1.398295 1.238461
v -1.491454 -1.371466 1.302154
v -1.507317 -1.362308 1.284462
v -1.480972 -1.335963 1.284462
v -1.459303 -1.339315 1.302154
v -1.451372 -1.318874 1.284462
v -1.480972 -1.335963 1.238462
v -1.451372 -1.318874 1.238462
v -1.415385 -1.327547 1.302154
v -1.415385 -1.309231 1.284462
v -1.379397 -1.318874 1.284462
v -1.371466 -1.339315 1.302154
v -1.349797 -1.335963 1.284462
v -1.379397 -1.318874 1.238462
v -1.349797 -1.335963 1.238462
v 1.928462 0.884615 1.061538
v 1.946154 0.866923 1.061538
v 1.928462 0.530769 1.238462
v 1.946154 0.530769 1.220769
v 1.946154 0.866923 1.220769
v 1.928462 0.884615 1.220769
v 1.928462 0.866923 1.238462
v 1.610000 0.884615 1.220769
v 1.592308 0.884615 1.238462
v -1.335963 -1.349797 1.284462
v -1.339315 -1.371466 1.302154
v -1.318874 -1.379397 1.284461
v -1.335963 -1.349797 1.238462
v -1.318874 -1.379397 1.238461
v -1.309231 -1.415385 1.284461
v -1.327547 -1.415385 1.302154
v -1.693161 0.309927 1.302154
v -1.677299 0.300769 1.284462
v -1.703644 0.274425 1.284462
v -1.725312 0.277777 1.302154
v -1.733243 0.257335 1.284462
v -1.703644 0.274424 1.238462
v -1.733243 0.257335 1.238462
v -1.769231 0.266009 1.302154
v -1.769231 0.247692 1.284462
v -1.946154 -1.238462 1.043846
v -1.928462 -1.238462 1.061538
v -1.805218 0.257335 1.284462
v -1.813149 0.277777 1.302154
v -1.834818 0.274424 1.284462
v -1.805218 0.257335 1.238462
v -1.834818 0.274425 1.238462
v -1.845300 0.309927 1.302154
v -1.861163 0.300769 1.284462
v -1.928462 -1.592308 1.043846
v -1.928462 -1.574615 1.061538
v -1.946154 -1.574615 1.043846
v -1.870806 0.336757 1.284462
v -1.857068 0.353846 1.302154
v -1.870806 0.370936 1.284462
v -1.870806 0.336757 1.238462
v -1.870806 0.370936 1.238462
v -1.845300 0.397765 1.302154
v -1.861163 0.406923 1.284462
v -1.238462 -1.946154 1.043846
v -1.220769 -1.946154 1.061538
v -1.220769 -1.610000 1.061538
v -1.256154 -1.592308 1.079231
v -1.238462 -1.610000 1.043846
v -1.834818 0.433268 1.284462
v -1.813149 0.429916 1.302154
v -1.805218 0.450357 1.284462
v -1.834818 0.433268 1.238462
v -1.805218 0.450357 1.238462
v -1.769231 0.441684 1.302154
v -1.769231 0.460000 1.284462
v -0.902308 -1.610000 1.061538
v -0.884615 -1.610000 1.079231
v -0.902308 -1.592308 1.079231
v -1.733243 0.450357 1.284462
v -1.725312 0.429916 1.302154
v -1.703644 0.433268 1.284462
v -1.733243 0.450357 1.238462
v -1.703644 0.433268 1.238462
v -1.693161 0.397765 1.302154
v -1.677299 0.406923 1.284462
v -1.220769 -1.946154 0.707692
v -1.238462 -1.946154 0.725385
v -1.667656 0.336757 1.284462
v -1.667656 0.370936 1.284462
v -1.681393 0.353846 1.302154
v -1.667656 0.370936 1.238462
v -1.667656 0.336757 1.238462
v -1.693161 -0.397765 1.302154
v -1.677299 -0.406923 1.284462
v -1.220769 -2.300000 0.725384
v -1.238462 -2.282308 0.725384
v -1.220769 -2.282308 0.707692
v -0.884615 -2.300000 0.725384
v -0.884615 -2.282308 0.707692
v -1.703644 -0.433268 1.284462
v -1.725312 -0.429916 1.302154
v -1.733243 -0.450357 1.284462
v -0.884615 -2.282308 0.884615
v -0.902308 -2.300000 0.884615
v -0.884615 -2.300000 0.866923
v -0.866923 -1.946154 0.884615
v -0.884615 -1.963846 0.884615
v -1.703644 -0.433268 1.238462
v -1.733243 -0.450357 1.238462
v -1.769231 -0.441684 1.302154
v -1.769231 -0.460000 1.284462
v -1.220769 -2.300000 1.043846
v -1.220769 -2.282308 1.061538
v -1.238462 -2.282308 1.043846
v -1.805218 -0.450357 1.284462
v -1.813149 -0.429916 1.302154
v -1.834818 -0.433268 1.284462
v -1.805218 -0.450357 1.238462
v -1.834818 -0.433268 1.238462
v -1.845300 -0.397765 1.302154
v -1.861163 -0.406923 1.284462
v -1.220769 -2.300000 0.884615
v -1.238462 -2.282308 0.884615
v -1.870806 -0.370936 1.284462
v -1.857068 -0.353846 1.302154
v -1.870806 -0.336757 1.284462
v -0.902308 -2.300000 1.043846
v -0.884615 -2.282308 1.043846
v -0.902308 -2.282308 1.061538
v -1.870806 -0.370936 1.238462
v -1.870806 -0.336757 1.238462
v -1.845300 -0.309928 1.302154
v -1.861163 -0.300769 1.284462
v 0.194615 -1.946154 0.884615
v 0.176923 -1.963846 0.884615
v -1.834818 -0.274425 1.284462
v -1.813149 -0.277777 1.302154
v -1.805218 -0.257335 1.284462
v -1.834818 -0.274425 1.238462
v -1.805218 -0.257335 1.238462
v -1.769231 -0.266009 1.302154
v -1.769231 -0.247692 1.284462
v -0.176923 -1.963846 0.884615
v -0.194615 -1.946154 0.884615
v -1.733243 -0.257335 1.284462
v -1.725312 -0.277777 1.302154
v -1.703644 -0.274425 1.284462
v -1.733243 -0.257335 1.238462
v -1.703644 -0.274425 1.238462
v -1.693161 -0.309928 1.302154
v -1.677299 -0.300769 1.284462
v -0.176923 -1.963846 1.043846
v -0.159231 -1.963846 1.061538
v -0.194615 -1.946154 1.079231
v -1.667656 -0.370936 1.284462
v -1.667656 -0.336757 1.284462
v -1.681393 -0.353846 1.302154
v 0.176923 -2.300000 0.725384
v 0.159231 -2.300000 0.707692
v -1.667656 -0.336757 1.238462
v -1.667656 -0.370936 1.238462
v -1.693161 -1.105457 1.125231
v -1.677299 -1.114615 1.107539
v -0.159231 -2.300000 0.707692
v -0.176923 -2.300000 0.725384
v -1.703643 -1.140960 1.107539
v -1.725312 -1.137608 1.125231
v -1.733243 -1.158049 1.107539
v -1.703643 -1.140960 1.061538
v -1.733243 -1.158049 1.061538
v -1.769231 -1.149376 1.125231
v -1.769231 -1.167692 1.107539
v -1.805218 -1.158049 1.107539
v -1.813149 -1.137608 1.125231
v -1.834818 -1.140960 1.107539
v -1.805218 -1.158049 1.061538
v -1.834818 -1.140960 1.061538
v -1.845300 -1.105457 1.125231
v -1.861163 -1.114615 1.107539
v 0.159231 -2.636154 0.707692
v 0.176923 -2.636154 0.725384
v 0.159231 -2.653846 0.725384
v -0.159231 -2.636154 0.707692
v -0.159231 -2.653846 0.725384
v -0.176923 -2.636154 0.725384
v 0.176923 -2.636154 0.884615
v 0.159231 -2.653846 0.884615
v 0.159231 -2.300000 1.061538
v 0.176923 -2.300000 1.043846
v -1.870806 -1.078628 1.107539
v -1.857068 -1.061538 1.125231
v -1.870806 -1.044449 1.107539
v -0.159231 -2.653846 1.043846
v -0.159231 -2.636154 1.061538
v -0.176923 -2.636154 1.043846
v -1.870806 -1.078628 1.061538
v -1.870806 -1.044449 1.061538
v -0.176923 -2.636154 0.884615
v -0.159231 -2.653846 0.884615
v -1.845300 -1.017620 1.125231
v -1.861163 -1.008461 1.107539
v -1.834818 -0.982117 1.107539
v -1.813149 -0.985469 1.125231
v -1.805218 -0.965028 1.107539
v -1.834818 -0.982117 1.061538
v -1.805218 -0.965028 1.061538
v -1.769231 -0.973701 1.125231
v -1.769231 -0.955385 1.107539
v 0.159231 -2.653846 1.043846
v 0.176923 -2.636154 1.043846
v 0.159231 -2.636154 1.061538
v -0.176923 -2.300000 1.043846
v -0.159231 -2.300000 1.061538
v -1.733243 -0.965028 1.107539
v -1.725312 -0.985469 1.125231
v -1.703643 -0.982117 1.107539
v -1.733243 -0.965028 1.061538
v -1.703643 -0.982117 1.061538
v -1.693161 -1.017620 1.125231
v -1.677299 -1.008461 1.107539
v -1.667656 -1.078628 1.107539
v -1.667656 -1.044449 1.107539
v -1.681393 -1.061538 1.125231
v 1.238462 -1.610000 1.043846
v 1.256154 -1.610000 1.061538
v 1.220769 -1.592308 1.079231
v 1.238462 -1.610000 0.884615
v 1.220769 -1.592308 0.884615
v 1.238462 -1.946154 1.043846
v 1.256154 -1.946154 1.061538
v -1.667656 -1.044449 1.061538
v -1.667656 -1.078628 1.061538
v 1.574615 -1.592308 1.079231
v 1.574615 -1.610000 1.061538
v 1.592308 -1.574615 1.043846
v -1.693161 -1.459303 1.125231
v -1.677299 -1.468462 1.107538
v 1.574615 -2.300000 0.725384
v 1.574615 -2.282308 0.707692
v 1.592308 -2.282308 0.725384
v -1.725312 -1.491454 1.125231
v -1.716154 -1.507317 1.107538
v -1.752141 -1.516959 1.107538
v -1.769231 -1.503222 1.125231
v -1.786320 -1.516959 1.107538
v -1.752141 -1.516959 1.061538
v -1.786320 -1.516959 1.061538
v -1.813149 -1.491454 1.125231
v -1.822308 -1.507317 1.107538
v 1.256154 -2.300000 0.725384
v 1.238462 -2.282308 0.725384
v 1.256154 -2.282308 0.707692
v -1.845300 -1.459303 1.125231
v -1.861163 -1.468462 1.107538
v 1.256154 -2.300000 0.884615
v 1.238462 -2.282308 0.884615
v 1.256154 -1.946154 0.707692
v 1.238462 -1.946154 0.725385
v -1.870806 -1.432474 1.107538
v -1.857068 -1.415385 1.125231
v -1.870806 -1.398295 1.107538
v -1.870806 -1.432474 1.061538
v -1.870806 -1.398295 1.061538
v -1.845300 -1.371466 1.125231
v -1.861163 -1.362308 1.107539
v 1.574615 -1.946154 1.061538
v 1.592308 -1.946154 1.043846
v -1.834818 -1.335963 1.107539
v -1.813149 -1.339315 1.125231
v -1.805218 -1.318874 1.107539
v 1.256154 -2.300000 1.043846
v 1.256154 -2.282308 1.061538
v 1.238462 -2.282308 1.043846
v -1.834818 -1.335963 1.061538
v -1.805218 -1.318874 1.061538
v -1.769231 -1.327547 1.125231
v -1.769231 -1.309231 1.107539
v 1.592308 -2.282308 0.884615
v 1.574615 -2.300000 0.884615
v -1.733243 -1.318874 1.107539
v -1.725312 -1.339315 1.125231
v -1.703643 -1.335963 1.107539
v -1.733243 -1.318874 1.061538
v -1.703643 -1.335963 1.061538
v -1.693161 -1.371466 1.125231
v -1.677299 -1.362308 1.107539
v 1.574615 -2.300000 1.043846
v 1.592308 -2.282308 1.043846
v 1.574615 -2.282308 1.061538
v -1.667656 -1.432474 1.107538
v -1.667656 -1.398295 1.107538
v -1.681393 -1.415385 1.125231
v -1.667656 -1.398295 1.061538
v -1.667656 -1.432474 1.061538
v 1.149376 0.353846 1.302154
v 1.167692 0.353846 1.284462
v 1.137608 0.397765 1.302154
v 1.153470 0.406923 1.284462
v 1.097526 0.450357 1.238462
v 1.127126 0.433268 1.238462
v 1.097526 0.450357 1.284462
v 1.105457 0.429916 1.302154
v 1.127126 0.433268 1.284462
v 1.061538 0.441684 1.302154
v 1.061538 0.460000 1.284462
v 0.995951 0.433268 1.238462
v 1.025551 0.450357 1.238462
v 0.995951 0.433268 1.284462
v 1.017620 0.429916 1.302154
v 1.025551 0.450357 1.284462
v 0.985469 0.397765 1.302154
v 0.969607 0.406923 1.284462
v 0.973701 0.353846 1.302154
v 0.955385 0.353846 1.284462
v 0.985469 0.309927 1.302154
v 0.969607 0.300769 1.284462
v 1.025551 0.257335 1.238462
v 0.995951 0.274425 1.238462
v 1.025551 0.257335 1.284462
v 1.017620 0.277777 1.302154
v 0.995951 0.274425 1.284462
v 1.061538 0.266009 1.302154
v 1.061538 0.247692 1.284462
v 1.127126 0.274425 1.238462
v 1.097526 0.257335 1.238462
v 1.127126 0.274425 1.284462
v 1.105457 0.277777 1.302154
v 1.097526 0.257335 1.284462
v 1.137608 0.309927 1.302154
v 1.153470 0.300769 1.284462
v 1.516959 -2.105988 1.061538
v 1.516959 -2.140167 1.061538
v 1.516959 -2.140167 1.107538
v 1.516959 -2.105988 1.107538
v 1.503222 -2.123077 1.125231
v 1.491454 -2.079158 1.125231
v 1.507317 -2.070000 1.107538
v 1.459303 -2.047008 1.125231
v 1.468462 -2.031145 1.107538
v 1.398295 -2.021502 1.061538
v 1.432474 -2.021502 1.061538
v 1.398295 -2.021502 1.107538
v 1.415385 -2.035239 1.125231
v 1.432474 -2.021502 1.107538
v 1.371466 -2.047008 1.125231
v 1.362308 -2.031145 1.107538
v 1.318874 -2.087090 1.061538
v 1.335963 -2.057490 1.061538
v 1.318874 -2.087090 1.107538
v 1.339315 -2.079158 1.125231
v 1.335963 -2.057490 1.107538
v 1.327547 -2.123077 1.125231
v 1.309231 -2.123077 1.107538
v 1.335963 -2.188664 1.061538
v 1.318874 -2.159065 1.061538
v 1.335963 -2.188664 1.107538
v 1.339315 -2.166996 1.125231
v 1.318874 -2.159065 1.107538
v 1.371466 -2.199146 1.125231
v 1.362308 -2.215009 1.107538
v 1.432474 -2.224652 1.061538
v 1.398295 -2.224652 1.061538
v 1.432474 -2.224652 1.107538
v 1.415385 -2.210914 1.125231
v 1.398295 -2.224652 1.107538
v 1.459303 -2.199146 1.125231
v 1.468462 -2.215009 1.107538
v 1.491454 -2.166996 1.125231
v 1.507317 -2.176154 1.107538
v 1.516959 -1.752141 1.061538
v 1.516959 -1.786320 1.061538
v 1.516959 -1.786320 1.107538
v 1.516959 -1.752141 1.107538
v 1.503222 -1.769231 1.125231
v 1.491454 -1.725312 1.125231
v 1.507317 -1.716154 1.107538
v 1.459303 -1.693161 1.125231
v 1.468462 -1.677299 1.107538
v 1.398295 -1.667656 1.061538
v 1.432474 -1.667656 1.061538
v 1.398295 -1.667656 1.107538
v 1.415385 -1.681393 1.125231
v 1.432474 -1.667656 1.107538
v 1.371466 -1.693161 1.125231
v 1.362308 -1.677299 1.107538
v 1.318874 -1.733243 1.061538
v 1.335963 -1.703643 1.061538
v 1.318874 -1.733243 1.107538
v 1.339315 -1.725312 1.125231
v 1.335963 -1.703643 1.107538
v 1.327547 -1.769231 1.125231
v 1.309231 -1.769231 1.107538
v 1.335963 -1.834818 1.061538
v 1.318874 -1.805218 1.061538
v 1.335963 -1.834818 1.107538
v 1.339315 -1.813149 1.125231
v 1.318874 -1.805218 1.107538
v 1.371466 -1.845300 1.125231
v 1.362308 -1.861163 1.107538
v 1.432474 -1.870806 1.061538
v 1.398295 -1.870806 1.061538
v 1.432474 -1.870806 1.107538
v 1.415385 -1.857068 1.125231
v 1.398295 -1.870806 1.107538
v 1.459303 -1.845300 1.125231
v 1.468462 -1.861163 1.107538
v 1.491454 -1.813149 1.125231
v 1.507317 -1.822308 1.107538
v 1.870806 -0.690603 1.238462
v 1.870806 -0.724782 1.238462
v 1.870806 -0.724782 1.284462
v 1.870806 -0.690603 1.284462
v 1.857068 -0.707692 1.302154
v 1.845300 -0.663774 1.302154
v 1.861163 -0.654615 1.284462
v 1.805218 -0.611181 1.238462
v 1.834818 -0.628271 1.238462
v 1.805218 -0.611181 1.284462
v 1.813149 -0.631623 1.302154
v 1.834818 -0.628271 1.284462
v 1.769231 -0.619855 1.302154
v 1.769231 -0.601539 1.284462
v 1.703644 -0.628271 1.238462
v 1.733243 -0.611181 1.238462
v 1.703644 -0.628271 1.284462
v 1.725312 -0.631623 1.302154
v 1.733243 -0.611181 1.284462
v 1.693161 -0.663774 1.302154
v 1.677299 -0.654615 1.284462
v 1.667656 -0.724782 1.238462
v 1.667656 -0.690603 1.238462
v 1.667656 -0.724782 1.284462
v 1.681393 -0.707692 1.302154
v 1.667656 -0.690603 1.284462
v 1.693161 -0.751611 1.302154
v 1.677299 -0.760769 1.284462
v 1.733243 -0.804203 1.238462
v 1.703643 -0.787114 1.238462
v 1.733243 -0.804203 1.284462
v 1.725312 -0.783762 1.302154
v 1.703643 -0.787114 1.284462
v 1.769231 -0.795530 1.302154
v 1.769231 -0.813846 1.284462
v 1.834818 -0.787114 1.238462
v 1.805218 -0.804203 1.238462
v 1.834818 -0.787114 1.284462
v 1.813149 -0.783762 1.302154
v 1.805218 -0.804203 1.284462
v 1.845300 -0.751611 1.302154
v 1.861163 -0.760769 1.284462
v 1.870806 -0.336757 1.238462
v 1.870806 -0.370936 1.238462
v 1.870806 -0.370936 1.284462
v 1.870806 -0.336757 1.284462
v 1.857068 -0.353846 1.302154
v 1.845300 -0.309928 1.302154
v 1.861163 -0.300769 1.284462
v 1.805218 -0.257335 1.238462
v 1.834818 -0.274425 1.238462
v 1.805218 -0.257335 1.284462
v 1.813149 -0.277777 1.302154
v 1.834818 -0.274425 1.284462
v 1.769231 -0.266009 1.302154
v 1.769231 -0.247692 1.284462
v 1.703644 -0.274425 1.238462
v 1.733243 -0.257335 1.238462
v 1.703644 -0.274425 1.284462
v 1.725312 -0.277777 1.302154
v 1.733243 -0.257335 1.284462
v 1.693161 -0.309928 1.302154
v 1.677299 -0.300769 1.284462
v 1.667656 -0.370936 1.238462
v 1.667656 -0.336757 1.238462
v 1.667656 -0.370936 1.284462
v 1.681393 -0.353846 1.302154
v 1.667656 -0.336757 1.284462
v 1.693161 -0.397765 1.302154
v 1.677299 -0.406923 1.284462
v 1.733243 -0.450357 1.238462
v 1.703644 -0.433268 1.238462
v 1.733243 -0.450357 1.284462
v 1.725312 -0.429916 1.302154
v 1.703644 -0.433268 1.284462
v 1.769231 -0.441684 1.302154
v 1.769231 -0.460000 1.284462
v 1.834818 -0.433268 1.238462
v 1.805218 -0.450357 1.238462
v 1.834818 -0.433268 1.284462
v 1.813149 -0.429916 1.302154
v 1.805218 -0.450357 1.284462
v 1.845300 -0.397765 1.302154
v 1.861163 -0.406923 1.284462
v 1.870806 0.370936 1.238462
v 1.870806 0.336757 1.238462
v 1.870806 0.336757 1.284462
v 1.870806 0.370936 1.284462
v 1.857068 0.353846 1.302154
v 1.845300 0.397765 1.302154
v 1.861163 0.406923 1.284462
v 1.805218 0.450357 1.238462
v 1.834818 0.433268 1.238462
v 1.805218 0.450357 1.284462
v 1.813149 0.429916 1.302154
v 1.834818 0.433268 1.284462
v 1.769231 0.441684 1.302154
v 1.769231 0.460000 1.284462
v 1.703644 0.433268 1.238462
v 1.733243 0.450357 1.238462
v 1.703644 0.433268 1.284462
v 1.725312 0.429916 1.302154
v 1.733243 0.450357 1.284462
v 1.693161 0.397765 1.302154
v 1.677299 0.406923 1.284462
v 1.667656 0.336757 1.238462
v 1.667656 0.370936 1.238462
v 1.667656 0.336757 1.284462
v 1.681393 0.353846 1.302154
v 1.667656 0.370936 1.284462
v 1.693161 0.309927 1.302154
v 1.677299 0.300769 1.284462
v 1.733243 0.257335 1.238462
v 1.703644 0.274425 1.238462
v 1.733243 0.257335 1.284462
v 1.725312 0.277777 1.302154
v 1.703644 0.274424 1.284462
v 1.769231 0.266009 1.302154
v 1.769231 0.247692 1.284462
v 1.834818 0.274424 1.238462
v 1.805218 0.257335 1.238462
v 1.834818 0.274425 1.284462
v 1.813149 0.277777 1.302154
v 1.805218 0.257335 1.284462
v 1.845300 0.309927 1.302154
v 1.861163 0.300769 1.284462
v 1.870806 0.724782 1.238462
v 1.870806 0.690603 1.238462
v 1.870806 0.690603 1.284462
v 1.870806 0.724782 1.284462
v 1.857068 0.707692 1.302154
v 1.845300 0.751611 1.302154
v 1.861163 0.760769 1.284462
v 1.805218 0.804203 1.238462
v 1.834818 0.787114 1.238462
v 1.805218 0.804203 1.284462
v 1.813149 0.783762 1.302154
v 1.834818 0.787114 1.284462
v 1.769231 0.795530 1.302154
v 1.769231 0.813846 1.284462
v 1.703643 0.787114 1.238462
v 1.733243 0.804203 1.238462
v 1.703643 0.787114 1.284462
v 1.725312 0.783762 1.302154
v 1.733243 0.804203 1.284462
v 1.693161 0.751611 1.302154
v 1.677299 0.760769 1.284462
v 1.667656 0.690603 1.238462
v 1.667656 0.724782 1.238462
v 1.667656 0.690603 1.284462
v 1.681393 0.707692 1.302154
v 1.667656 0.724782 1.284462
v 1.693161 0.663774 1.302154
v 1.677299 0.654615 1.284462
v 1.733243 0.611181 1.238462
v 1.703644 0.628271 1.238462
v 1.733243 0.611181 1.284462
v 1.725312 0.631623 1.302154
v 1.703644 0.628271 1.284462
v 1.769231 0.619855 1.302154
v 1.769231 0.601538 1.284462
v 1.834818 0.628271 1.238462
v 1.805218 0.611181 1.238462
v 1.834818 0.628271 1.284462
v 1.813149 0.631623 1.302154
v 1.805218 0.611181 1.284462
v 1.845300 0.663774 1.302154
v 1.861163 0.654615 1.284462
vn -1.0000 -0.0000 -0.0000
vn 1.0000 -0.0000 -0.0000
vn -0.0000 1.0000 -0.0000
vn -0.0000 -1.0000 -0.0000
vn 0.3949 -0.6840 0.6133
vn -0.9045 -0.3015 0.3015
vn -0.3949 -0.6840 0.6133
vn -0.5774 -0.5774 0.5774
vn -0.5773 -0.5774 0.5773
vn -0.3949 0.6840 0.6133
vn -0.5773 -0.5773 0.5774
vn 0.3949 0.6840 0.6133
vn 0.6840 -0.3949 0.6133
vn -0.0000 -0.7899 0.6133
vn -0.6840 -0.3949 0.6133
vn -0.5773 0.5773 0.5774
vn -0.6840 0.3949 0.6133
vn -0.0000 0.7898 0.6133
vn -0.5774 0.5774 0.5774
vn 0.6840 0.3949 0.6133
vn -0.0000 -0.7898 0.6133
vn -0.3015 -0.9045 0.3015
vn -0.5774 -0.5773 0.5773
vn -0.0000 0.7899 0.6133
vn -0.5773 0.5774 0.5773
vn -0.5774 0.5773 0.5773
vn 0.5774 0.5774 0.5774
vn 0.5774 -0.5774 0.5774
vn -0.0000 -0.7071 0.7071
vn -0.5774 -0.5773 0.5774
vn -0.5774 0.5773 0.5774
vn 0.5774 -0.5773 0.5773
vn 0.3015 -0.9045 0.3015
vn 0.5774 0.5773 0.5773
vn 0.5774 -0.5773 0.5774
vn 0.5774 0.5773 0.5774
vn 0.5774 -0.5773 -0.5773
vn 0.5773 -0.5773 0.5774
vn 0.5773 -0.5774 0.5773
vn 0.5773 0.5773 0.5774
vn 0.5773 0.5774 0.5773
vn -0.7899 -0.0000 0.6133
vn 0.7899 -0.0000 0.6133
vn -0.5774 -0.5774 -0.5774
vn 0.5774 -0.5774 -0.5774
vn 0.9045 -0.3015 0.3015
vn 0.5773 -0.5774 -0.5774
vn 0.5773 -0.5774 0.5774
vn 0.1830 -0.6830 0.7071
vn -0.1830 -0.6830 0.7071
vn -0.5000 -0.5000 0.7071
vn -0.6830 -0.1830 0.7071
vn -0.8660 -0.5000 -0.0000
vn -0.6830 0.1830 0.7071
vn -0.5000 0.5000 0.7071
vn -0.8660 0.5000 -0.0000
vn -0.1830 0.6830 0.7071
vn 0.1830 0.6830 0.7071
vn 0.5000 0.5000 0.7071
vn 0.6830 0.1830 0.7071
vn 0.8660 0.5000 -0.0000
vn 0.6830 -0.1830 0.7071
vn 0.5000 -0.5000 0.7071
vn 0.8660 -0.5000 -0.0000
vn -0.7071 0.7071 -0.0000
vn -0.7071 -0.7071 -0.0000
vn -0.7071 -0.0000 0.7071
vn -0.8840 0.4652 0.0465
vn -0.8893 0.0240 0.4567
vn -0.0000 0.7071 0.7071
vn 0.5000 -0.8660 -0.0000
vn -0.5000 -0.8660 -0.0000
vn -0.5000 0.8660 -0.0000
vn 0.5000 0.8660 -0.0000
vn 0.7071 0.7071 -0.0000
vn 0.7071 -0.0000 0.7071
vn 0.4652 -0.8840 0.0465
vn 0.0240 0.8893 0.4567
vn -0.0000 -0.7071 -0.7071
vn -0.4673 -0.8826 0.0519
vn -0.0240 -0.8893 0.4567
vn -0.0240 0.8893 0.4567
vn -0.4652 0.8840 0.0465
vn -0.8826 -0.4673 0.0519
vn 0.7071 -0.7071 -0.0000
vn -0.8893 -0.0240 0.4567
vn 0.8840 -0.4652 0.0465
vn 0.8893 -0.0240 0.4567
vn 0.8840 0.4652 0.0465
vn 0.8893 0.0240 0.4567
vn 0.4652 0.8840 0.0465
vn 0.0240 -0.8893 0.4567
vn -0.7071 -0.0000 -0.7071
vn 0.7071 -0.0000 -0.7071
vn 0.9659 -0.2588 -0.0000
vn -0.0000 -0.0000 1.0000
vn 0.2588 -0.9659 -0.0000
vn -0.2588 -0.9659 -0.0000
vn -0.9659 -0.2588 -0.0000
vn -0.9659 0.2588 -0.0000
vn -0.2588 0.9659 -0.0000
vn 0.2588 0.9659 -0.0000
vn 0.9659 0.2588 -0.0000
vn -0.0000 -0.0000 -1.0000
s 0
usemtl Glaze
f 3043//133 3046//133 3044//133 3040//133
f 3047//133 3052//133 3053//133 3054//133
f 3052//133 3060//133 3059//133 3053//133
f 3060//133 3066//133 3067//133 3059//133
f 3085//134 3088//134 3089//134 3090//134
f 3088//134 3093//134 3100//134 3089//134
f 3093//134 3103//134 3105//134 3100//134
f 3128//135 3129//135 3146//135 3130//135
f 3153//136 3134//136 3137//136 3135//136
f 3140//135 3121//135 3158//135 3141//135
f 3130//135 3146//135 3147//135 3164//135
f 3151//136 3152//136 3134//136 3153//136
f 3141//135 3158//135 3173//135 3172//135
f 3164//135 3147//135 3184//135 3182//135
f 3185//136 3187//136 3152//136 3151//136
f 3172//135 3173//135 3191//135 3188//135
f 3202//133 3209//133 3207//133 3201//133
f 3209//133 3212//133 3215//133 3207//133
f 3212//133 3213//133 3214//133 3215//133
f 3247//134 3253//134 3249//134 3250//134
f 3253//134 3256//134 3257//134 3249//134
f 3256//134 3261//134 3258//134 3257//134
f 3349//137 3350//137 3351//137
f 3358//138 3359//138 3360//138
f 3361//139 3362//139 3363//139
f 3366//140 3367//140 3368//140
f 3371//141 3372//141 3373//141
f 3378//142 3379//142 3380//142
f 3387//143 3388//143 3389//143
f 3390//144 3391//144 3392//144
f 3399//145 3400//145 3401//145
f 3406//146 3407//146 3408//146
f 3413//147 3414//147 3415//147
f 3422//148 3423//148 3424//148
f 3429//149 3430//149 3431//149
f 3436//150 3437//150 3438//150
f 3439//151 3440//151 3441//151
f 3446//152 3447//152 3448//152
f 3455//145 3456//145 3457//145
f 3464//141 3465//141 3466//141
f 3467//153 3468//153 3469//153
f 3472//154 3473//154 3474//154
f 3479//147 3480//147 3481//147
f 3484//155 3485//155 3486//155
f 3489//143 3490//143 3491//143
f 3494//149 3495//149 3496//149
f 3503//148 3504//148 3505//148
f 3506//156 3507//156 3508//156
f 3519//152 3520//152 3521//152
f 3526//145 3527//145 3528//145
f 3531//157 3532//157 3533//157
f 3536//146 3537//146 3538//146
f 3539//158 3540//158 3541//158
f 3546//147 3547//147 3548//147
f 3555//149 3556//149 3557//149
f 3564//156 3565//156 3566//156
f 3571//159 3572//159 3573//159
f 3574//152 3575//152 3576//152
f 3581//145 3582//145 3583//145
f 3594//147 3595//147 3596//147
f 3603//149 3604//149 3605//149
f 3616//160 3617//160 3618//160
f 3619//152 3620//152 3621//152
f 3626//145 3627//145 3628//145
f 3639//161 3640//161 3641//161 3642//161
f 3643//162 3644//162 3645//162
f 3646//147 3647//147 3648//147
f 3653//149 3654//149 3655//149
f 3666//152 3667//152 3668//152
f 3675//160 3676//160 3677//160
f 3680//145 3681//145 3682//145
f 3691//146 3692//146 3693//146
f 3698//163 3699//163 3700//163
f 3707//147 3708//147 3709//147
f 3714//149 3715//149 3716//149
f 3721//156 3722//156 3723//156
f 3728//155 3729//155 3730//155
f 3731//152 3732//152 3733//152
f 3740//145 3741//145 3742//145
f 3749//159 3750//159 3751//159
f 3752//146 3753//146 3754//146
f 3759//147 3760//147 3761//147
f 3766//149 3767//149 3768//149
f 3773//156 3774//156 3775//156
f 3778//158 3779//158 3780//158
f 3785//164 3786//164 3787//164
f 3788//152 3789//152 3790//152
f 3795//145 3796//145 3797//145
f 3802//146 3803//146 3804//146
f 3809//147 3810//147 3811//147
f 3818//149 3819//149 3820//149
f 3825//156 3826//156 3827//156
f 3832//152 3833//152 3834//152
f 3839//145 3840//145 3841//145
f 3844//165 3845//165 3846//165
f 3851//146 3852//146 3853//146
f 3860//151 3861//151 3862//151
f 3863//147 3864//147 3865//147
f 3870//149 3871//149 3872//149
f 3877//150 3878//150 3879//150
f 3886//140 3887//140 3888//140
f 3889//152 3890//152 3891//152
f 3896//145 3897//145 3898//145
f 3903//166 3904//166 3905//166
f 3906//153 3907//153 3908//153
f 3919//147 3920//147 3921//147
f 3926//167 3927//167 3928//167
f 3931//149 3932//149 3933//149
f 3944//156 3945//156 3946//156
f 3959//152 3960//152 3961//152
f 3974//137 3975//137 3976//137
f 3977//168 3978//168 3979//168
f 3986//139 3987//139 3988//139
f 3999//142 4000//142 4001//142
f 4006//144 4007//144 4008//144
f 4017//137 4018//137 4019//137
f 4020//151 4021//151 4022//151
f 4027//139 4028//139 4029//139
f 4042//142 4043//142 4044//142
f 4045//140 4046//140 4047//140
f 4052//144 4053//144 4054//144
f 4063//137 4064//137 4065//137
f 4070//139 4071//139 4072//139
f 4079//169 4080//169 4081//169
f 4086//170 4087//170 4088//170
f 4089//171 4090//171 4091//171
f 4092//142 4093//142 4094//142
f 4097//164 4098//164 4099//164
f 4102//144 4103//144 4104//144
f 4111//145 4112//145 4113//145
f 4126//172 4127//172 4128//172
f 4129//153 4130//153 4131//153
f 4136//147 4137//147 4138//147
f 4145//149 4146//149 4147//149
f 4154//156 4155//156 4156//156
f 4157//173 4158//173 4159//173
f 4164//166 4165//166 4166//166
f 4169//152 4170//152 4171//152
f 4176//145 4177//145 4178//145
f 4187//153 4188//153 4189//153
f 4192//160 4193//160 4194//160
f 4197//147 4198//147 4199//147
f 4204//149 4205//149 4206//149
f 4213//150 4214//150 4215//150
f 4220//152 4221//152 4222//152
f 4227//170 4228//170 4229//170
f 4230//145 4231//145 4232//145
f 4237//172 4238//172 4239//172
f 4240//146 4241//146 4242//146
f 4251//174 4252//174 4253//174
f 4258//142 4259//142 4260//142
f 4265//144 4266//144 4267//144
f 4274//159 4275//159 4276//159
f 4279//152 4280//152 4281//152
f 4288//137 4289//137 4290//137
f 4297//139 4298//139 4299//139
f 4304//140 4305//140 4306//140
f 4307//174 4308//174 4309//174
f 4316//154 4317//154 4318//154
f 4319//142 4320//142 4321//142
f 4326//143 4327//143 4328//143
f 4329//144 4330//144 4331//144
f 4338//175 4339//175 4340//175
f 4345//176 4346//176 4347//176
f 4350//137 4351//137 4352//137
f 4353//164 4354//164 4355//164
f 4362//140 4363//140 4364//140
f 4365//139 4366//139 4367//139
f 4374//174 4375//174 4376//174
f 4377//160 4378//160 4379//160
f 4386//142 4387//142 4388//142
f 4395//144 4396//144 4397//144
f 4402//154 4403//154 4404//154
f 4405//175 4406//175 4407//175
f 4416//137 4417//137 4418//137
f 4423//139 4424//139 4425//139
f 4430//177 4431//177 4432//177
f 4433//176 4434//176 4435//176
f 4440//174 4441//174 4442//174
f 4443//140 4444//140 4445//140
f 4452//142 4453//142 4454//142
f 4459//160 4460//160 4461//160
f 4464//144 4465//144 4466//144
f 4471//175 4472//175 4473//175
f 4474//154 4475//154 4476//154
f 4483//178 4484//178 4485//178
f 4488//179 4489//179 4490//179
f 4493//153 4494//153 4495//153
f 4500//176 4501//176 4502//176
f 4509//174 4510//174 4511//174
f 4518//142 4519//142 4520//142
f 4521//140 4522//140 4523//140
f 4530//144 4531//144 4532//144
f 4537//180 4538//180 4539//180
f 4540//175 4541//175 4542//175
f 4551//144 4552//144 4553//144
f 4558//142 4559//142 4560//142
f 4569//139 4570//139 4571//139
f 4576//137 4577//137 4578//137
f 4583//175 4584//175 4585//175
f 4592//150 4593//150 4594//150
f 4599//149 4600//149 4601//149
f 4606//147 4607//147 4608//147
f 4613//153 4614//153 4615//153
f 4622//175 4623//175 4624//175
f 4631//156 4632//156 4633//156
f 4638//149 4639//149 4640//149
f 4645//147 4646//147 4647//147
f 4652//153 4653//153 4654//153
f 4661//175 4662//175 4663//175
f 4668//144 4669//144 4670//144
f 4675//142 4676//142 4677//142
f 4682//174 4683//174 4684//174
f 4689//139 4690//139 4691//139
f 4696//137 4697//137 4698//137
f 4703//175 4704//175 4705//175
f 4710//144 4711//144 4712//144
f 4717//142 4718//142 4719//142
f 4724//174 4725//174 4726//174
f 4731//139 4732//139 4733//139
f 4738//137 4739//137 4740//137
f 4745//175 4746//175 4747//175
f 4752//144 4753//144 4754//144
f 4759//142 4760//142 4761//142
f 4766//174 4767//174 4768//174
f 4773//139 4774//139 4775//139
f 4780//137 4781//137 4782//137
f 4787//175 4788//175 4789//175
f 4794//144 4795//144 4796//144
f 4801//142 4802//142 4803//142
f 4808//174 4809//174 4810//174
f 4815//139 4816//139 4817//139
f 4822//137 4823//137 4824//137
f 3462//181 3468//181 3467//181 3463//181
f 3468//182 3477//182 3478//182 3469//182
f 3475//136 3467//136 3469//136 3476//136
f 3477//183 3480//183 3479//183 3478//183
f 3480//184 3487//184 3488//184 3481//184
f 3482//185 3479//185 3481//185 3483//185
f 3487//186 3495//186 3494//186 3488//186
f 3495//187 3499//187 3500//187 3496//187
f 3497//188 3494//188 3496//188 3498//188
f 3499//189 3507//189 3506//189 3500//189
f 3507//190 3517//190 3518//190 3508//190
f 3511//135 3506//135 3508//135 3512//135
f 3517//191 3520//191 3519//191 3518//191
f 3520//192 3524//192 3525//192 3521//192
f 3522//193 3519//193 3521//193 3523//193
f 3580//194 3527//194 3526//194 3579//194
f 3527//195 3534//195 3535//195 3528//195
f 3529//196 3526//196 3528//196 3530//196
f 3534//181 3537//181 3536//181 3535//181
f 3537//182 3544//182 3545//182 3538//182
f 3542//136 3536//136 3538//136 3543//136
f 3544//183 3547//183 3546//183 3545//183
f 3547//184 3551//184 3552//184 3548//184
f 3549//185 3546//185 3548//185 3550//185
f 3551//186 3556//186 3555//186 3552//186
f 3556//187 3560//187 3561//187 3557//187
f 3558//188 3555//188 3557//188 3559//188
f 3426//197 3428//197 3427//197 3425//197
f 3560//189 3565//189 3564//189 3561//189
f 3565//190 3569//190 3570//190 3566//190
f 3567//135 3564//135 3566//135 3568//135
f 3569//191 3575//191 3574//191 3570//191
f 3575//192 3580//192 3579//192 3576//192
f 3577//193 3574//193 3576//193 3578//193
f 3625//194 3582//194 3581//194 3624//194
f 3582//195 3586//195 3587//195 3583//195
f 3584//196 3581//196 3583//196 3585//196
f 3474//198 3464//198 3466//198 3472//198
f 3586//181 3590//181 3591//181 3587//181
f 3471//199 3473//199 3472//199 3470//199
f 3590//182 3592//182 3593//182 3591//182
f 3592//183 3595//183 3594//183 3593//183
f 3595//184 3599//184 3600//184 3596//184
f 3597//185 3594//185 3596//185 3598//185
f 3599//186 3604//186 3603//186 3600//186
f 3604//187 3608//187 3609//187 3605//187
f 3606//188 3603//188 3605//188 3607//188
f 3608//189 3612//189 3613//189 3609//189
f 3514//197 3516//197 3515//197 3513//197
f 3612//190 3614//190 3615//190 3613//190
f 3614//191 3620//191 3619//191 3615//191
f 3620//192 3625//192 3624//192 3621//192
f 3622//193 3619//193 3621//193 3623//193
f 3674//194 3627//194 3626//194 3673//194
f 3627//195 3631//195 3632//195 3628//195
f 3629//196 3626//196 3628//196 3630//196
f 3631//181 3633//181 3634//181 3632//181
f 3633//182 3637//182 3638//182 3634//182
f 3637//183 3647//183 3646//183 3638//183
f 3647//184 3651//184 3652//184 3648//184
f 3649//185 3646//185 3648//185 3650//185
f 3651//186 3654//186 3653//186 3652//186
f 3654//187 3660//187 3661//187 3655//187
f 3658//188 3653//188 3655//188 3659//188
f 3660//189 3662//189 3663//189 3661//189
f 3662//190 3664//190 3665//190 3663//190
f 3664//191 3667//191 3666//191 3665//191
f 3667//192 3674//192 3673//192 3668//192
f 3669//193 3666//193 3668//193 3670//193
f 3739//194 3681//194 3680//194 3738//194
f 3681//195 3685//195 3686//195 3682//195
f 3683//196 3680//196 3682//196 3684//196
f 3685//181 3692//181 3691//181 3686//181
f 3692//182 3701//182 3702//182 3693//182
f 3694//136 3691//136 3693//136 3695//136
f 3701//183 3708//183 3707//183 3702//183
f 3708//184 3712//184 3713//184 3709//184
f 3710//185 3707//185 3709//185 3711//185
f 3712//186 3715//186 3714//186 3713//186
f 3715//187 3719//187 3720//187 3716//187
f 3717//188 3714//188 3716//188 3718//188
f 3719//189 3722//189 3721//189 3720//189
f 3722//190 3726//190 3727//190 3723//190
f 3724//135 3721//135 3723//135 3725//135
f 3726//191 3732//191 3731//191 3727//191
f 3732//192 3739//192 3738//192 3733//192
f 3736//193 3731//193 3733//193 3737//193
f 3794//194 3741//194 3740//194 3793//194
f 3741//195 3745//195 3746//195 3742//195
f 3743//196 3740//196 3742//196 3744//196
f 3745//181 3753//181 3752//181 3746//181
f 3753//182 3757//182 3758//182 3754//182
f 3755//136 3752//136 3754//136 3756//136
f 3757//183 3760//183 3759//183 3758//183
f 3760//184 3764//184 3765//184 3761//184
f 3762//185 3759//185 3761//185 3763//185
f 3764//186 3767//186 3766//186 3765//186
f 3767//187 3771//187 3772//187 3768//187
f 3769//188 3766//188 3768//188 3770//188
f 3771//189 3774//189 3773//189 3772//189
f 3774//190 3783//190 3784//190 3775//190
f 3776//135 3773//135 3775//135 3777//135
f 3783//191 3789//191 3788//191 3784//191
f 3704//200 3697//200 3696//200 3703//200
f 3697//201 3698//201 3700//201 3696//201
f 3789//192 3794//192 3793//192 3790//192
f 3791//193 3788//193 3790//193 3792//193
f 3838//194 3796//194 3795//194 3837//194
f 3796//195 3800//195 3801//195 3797//195
f 3798//196 3795//196 3797//196 3799//196
f 3800//181 3803//181 3802//181 3801//181
f 3803//182 3807//182 3808//182 3804//182
f 3805//136 3802//136 3804//136 3806//136
f 3807//183 3810//183 3809//183 3808//183
f 3810//184 3814//184 3815//184 3811//184
f 3812//185 3809//185 3811//185 3813//185
f 3814//186 3819//186 3818//186 3815//186
f 3819//187 3823//187 3824//187 3820//187
f 3821//188 3818//188 3820//188 3822//188
f 3748//202 3750//202 3749//202 3747//202
f 3823//189 3826//189 3825//189 3824//189
f 3826//190 3830//190 3831//190 3827//190
f 3828//135 3825//135 3827//135 3829//135
f 3830//191 3833//191 3832//191 3831//191
f 3833//192 3838//192 3837//192 3834//192
f 3835//193 3832//193 3834//193 3836//193
f 3895//194 3840//194 3839//194 3894//194
f 3840//195 3847//195 3848//195 3841//195
f 3842//196 3839//196 3841//196 3843//196
f 3847//181 3852//181 3851//181 3848//181
f 3778//202 3781//202 3782//202 3779//202
f 3852//182 3856//182 3857//182 3853//182
f 3854//136 3851//136 3853//136 3855//136
f 3856//183 3864//183 3863//183 3857//183
f 3864//184 3868//184 3869//184 3865//184
f 3866//185 3863//185 3865//185 3867//185
f 3868//186 3871//186 3870//186 3869//186
f 3871//187 3875//187 3876//187 3872//187
f 3873//188 3870//188 3872//188 3874//188
f 3875//189 3878//189 3877//189 3876//189
f 3878//190 3882//190 3883//190 3879//190
f 3880//135 3877//135 3879//135 3881//135
f 3882//191 3890//191 3889//191 3883//191
f 3890//192 3895//192 3894//192 3891//192
f 3892//193 3889//193 3891//193 3893//193
f 3971//194 3897//194 3896//194 3970//194
f 3897//195 3901//195 3902//195 3898//195
f 3899//196 3896//196 3898//196 3900//196
f 3901//181 3907//181 3906//181 3902//181
f 3907//182 3917//182 3918//182 3908//182
f 3911//136 3906//136 3908//136 3912//136
f 3917//183 3920//183 3919//183 3918//183
f 3920//184 3929//184 3930//184 3921//184
f 3924//185 3919//185 3921//185 3925//185
f 3929//186 3932//186 3931//186 3930//186
f 3859//202 3861//202 3860//202 3858//202
f 3932//187 3936//187 3937//187 3933//187
f 3934//188 3931//188 3933//188 3935//188
f 3936//189 3945//189 3944//189 3937//189
f 3945//190 3955//190 3956//190 3946//190
f 3949//135 3944//135 3946//135 3950//135
f 3955//191 3960//191 3959//191 3956//191
f 3885//161 3887//161 3886//161 3884//161
f 3960//192 3971//192 3970//192 3961//192
f 3966//193 3959//193 3961//193 3967//193
f 4014//194 3972//194 3973//194 4013//194
f 3972//195 3975//195 3974//195 3973//195
f 3975//181 3982//181 3983//181 3976//181
f 3980//203 3974//203 3976//203 3981//203
f 3982//182 3987//182 3986//182 3983//182
f 3987//183 3993//183 3994//183 3988//183
f 3989//204 3986//204 3988//204 3990//204
f 3993//184 3995//184 3996//184 3994//184
f 3995//186 3997//186 3998//186 3996//186
f 3997//187 4000//187 3999//187 3998//187
f 4000//189 4004//189 4005//189 4001//189
f 4002//205 3999//205 4001//205 4003//205
f 4004//190 4007//190 4006//190 4005//190
f 3941//197 3943//197 3942//197 3940//197
f 4007//191 4011//191 4012//191 4008//191
f 4009//206 4006//206 4008//206 4010//206
f 3951//198 3953//198 3954//198 3952//198
f 4011//192 4014//192 4013//192 4012//192
f 4060//194 4015//194 4016//194 4059//194
f 3969//207 3963//207 3962//207 3968//207
f 4015//195 4018//195 4017//195 4016//195
f 4018//181 4025//181 4026//181 4019//181
f 4023//203 4017//203 4019//203 4024//203
f 4025//182 4028//182 4027//182 4026//182
f 4028//183 4032//183 4033//183 4029//183
f 4030//204 4027//204 4029//204 4031//204
f 4032//184 4034//184 4035//184 4033//184
f 4034//186 4036//186 4037//186 4035//186
f 4036//187 4043//187 4042//187 4037//187
f 4043//189 4050//189 4051//189 4044//189
f 4048//205 4042//205 4044//205 4049//205
f 4050//190 4053//190 4052//190 4051//190
f 4053//191 4057//191 4058//191 4054//191
f 4055//206 4052//206 4054//206 4056//206
f 4057//192 4060//192 4059//192 4058//192
f 4110//194 4061//194 4062//194 4109//194
f 4061//195 4064//195 4063//195 4062//195
f 4064//181 4068//181 4069//181 4065//181
f 4066//203 4063//203 4065//203 4067//203
f 4068//182 4071//182 4070//182 4069//182
f 4071//183 4077//183 4078//183 4072//183
f 4073//204 4070//204 4072//204 4074//204
f 4077//184 4082//184 4083//184 4078//184
f 4041//199 4038//199 4039//199 4040//199
f 4082//186 4084//186 4085//186 4083//186
f 4084//187 4093//187 4092//187 4085//187
f 4093//189 4100//189 4101//189 4094//189
f 4095//205 4092//205 4094//205 4096//205
f 4100//190 4103//190 4102//190 4101//190
f 4103//191 4107//191 4108//191 4104//191
f 4105//206 4102//206 4104//206 4106//206
f 4107//192 4110//192 4109//192 4108//192
f 4175//194 4112//194 4111//194 4174//194
f 4112//195 4122//195 4123//195 4113//195
f 4118//196 4111//196 4113//196 4119//196
f 4122//181 4130//181 4129//181 4123//181
f 4130//182 4134//182 4135//182 4131//182
f 4132//136 4129//136 4131//136 4133//136
f 4134//183 4137//183 4136//183 4135//183
f 4086//208 4089//208 4091//208 4087//208
f 4137//184 4141//184 4142//184 4138//184
f 4139//185 4136//185 4138//185 4140//185
f 4141//186 4146//186 4145//186 4142//186
f 4146//187 4152//187 4153//187 4147//187
f 4150//188 4145//188 4147//188 4151//188
f 4152//189 4155//189 4154//189 4153//189
f 4155//190 4162//190 4163//190 4156//190
f 4160//135 4154//135 4156//135 4161//135
f 4115//209 4116//209 4117//209 4114//209
f 4162//191 4170//191 4169//191 4163//191
f 4170//192 4175//192 4174//192 4171//192
f 4172//193 4169//193 4171//193 4173//193
f 4226//194 4177//194 4176//194 4225//194
f 4177//195 4185//195 4186//195 4178//195
f 4179//196 4176//196 4178//196 4180//196
f 4185//181 4188//181 4187//181 4186//181
f 4188//182 4195//182 4196//182 4189//182
f 4190//136 4187//136 4189//136 4191//136
f 4195//183 4198//183 4197//183 4196//183
f 4198//184 4202//184 4203//184 4199//184
f 4200//185 4197//185 4199//185 4201//185
f 4202//186 4205//186 4204//186 4203//186
f 4205//187 4209//187 4210//187 4206//187
f 4207//188 4204//188 4206//188 4208//188
f 4209//189 4214//189 4213//189 4210//189
f 4214//190 4218//190 4219//190 4215//190
f 4216//135 4213//135 4215//135 4217//135
f 4218//191 4221//191 4220//191 4219//191
f 4221//192 4226//192 4225//192 4222//192
f 4223//193 4220//193 4222//193 4224//193
f 4285//194 4231//194 4230//194 4284//194
f 4231//195 4235//195 4236//195 4232//195
f 4233//196 4230//196 4232//196 4234//196
f 4235//181 4241//181 4240//181 4236//181
f 4241//182 4245//182 4246//182 4242//182
f 4243//136 4240//136 4242//136 4244//136
f 4245//183 4249//183 4250//183 4246//183
f 4249//184 4252//184 4251//184 4250//184
f 4252//186 4256//186 4257//186 4253//186
f 4254//133 4251//133 4253//133 4255//133
f 4256//187 4259//187 4258//187 4257//187
f 4259//189 4263//189 4264//189 4260//189
f 4261//205 4258//205 4260//205 4262//205
f 4263//190 4266//190 4265//190 4264//190
f 4266//191 4280//191 4279//191 4267//191
f 4268//206 4265//206 4267//206 4269//206
f 4280//192 4285//192 4284//192 4281//192
f 4282//193 4279//193 4281//193 4283//193
f 4340//194 4286//194 4287//194 4338//194
f 4286//195 4289//195 4288//195 4287//195
f 4289//181 4293//181 4294//181 4290//181
f 4291//203 4288//203 4290//203 4292//203
f 4293//182 4298//182 4297//182 4294//182
f 4273//208 4274//208 4276//208 4272//208
f 4275//210 4277//210 4278//210 4276//210
f 4298//183 4302//183 4303//183 4299//183
f 4300//204 4297//204 4299//204 4301//204
f 4302//184 4308//184 4307//184 4303//184
f 4308//186 4312//186 4313//186 4309//186
f 4310//133 4307//133 4309//133 4311//133
f 4312//187 4320//187 4319//187 4313//187
f 4320//189 4324//189 4325//189 4321//189
f 4322//205 4319//205 4321//205 4323//205
f 4324//190 4330//190 4329//190 4325//190
f 4330//191 4334//191 4335//191 4331//191
f 4332//206 4329//206 4331//206 4333//206
f 4315//199 4316//199 4318//199 4314//199
f 4334//192 4340//192 4339//192 4335//192
f 4338//134 4342//134 4341//134 4339//134
f 4407//194 4343//194 4344//194 4405//194
f 4343//195 4351//195 4350//195 4344//195
f 4351//181 4360//181 4361//181 4352//181
f 4358//203 4350//203 4352//203 4359//203
f 4360//182 4366//182 4365//182 4361//182
f 4366//183 4370//183 4371//183 4367//183
f 4368//204 4365//204 4367//204 4369//204
f 4370//184 4375//184 4374//184 4371//184
f 4375//186 4382//186 4383//186 4376//186
f 4380//133 4374//133 4376//133 4381//133
f 4382//187 4387//187 4386//187 4383//187
f 4387//189 4391//189 4392//189 4388//189
f 4389//205 4386//205 4388//205 4390//205
f 4391//190 4396//190 4395//190 4392//190
f 4396//191 4400//191 4401//191 4397//191
f 4398//206 4395//206 4397//206 4399//206
f 4400//192 4407//192 4406//192 4401//192
f 4405//134 4411//134 4410//134 4406//134
f 4473//194 4412//194 4413//194 4471//194
f 4412//195 4417//195 4416//195 4413//195
f 4417//181 4421//181 4422//181 4418//181
f 4419//203 4416//203 4418//203 4420//203
f 4421//182 4424//182 4423//182 4422//182
f 4424//183 4428//183 4429//183 4425//183
f 4426//204 4423//204 4425//204 4427//204
f 4428//184 4441//184 4440//184 4429//184
f 4432//211 4434//211 4433//211 4430//211
f 4441//186 4450//186 4451//186 4442//186
f 4446//133 4440//133 4442//133 4447//133
f 4450//187 4453//187 4452//187 4451//187
f 4449//198 4443//198 4445//198 4448//198
f 4453//189 4457//189 4458//189 4454//189
f 4455//205 4452//205 4454//205 4456//205
f 4457//190 4465//190 4464//190 4458//190
f 4465//191 4469//191 4470//191 4466//191
f 4467//206 4464//206 4466//206 4468//206
f 4469//192 4473//192 4472//192 4470//192
f 4471//134 4482//134 4481//134 4472//134
f 4542//194 4486//194 4487//194 4540//194
f 4476//198 4478//198 4477//198 4474//198
f 4486//195 4491//195 4492//195 4487//195
f 4491//181 4494//181 4493//181 4492//181
f 4494//182 4498//182 4499//182 4495//182
f 4496//136 4493//136 4495//136 4497//136
f 4498//183 4503//183 4504//183 4499//183
f 4503//184 4510//184 4509//184 4504//184
f 4510//186 4514//186 4515//186 4511//186
f 4512//133 4509//133 4511//133 4513//133
f 4514//187 4519//187 4518//187 4515//187
f 4519//189 4526//189 4527//189 4520//189
f 4524//205 4518//205 4520//205 4525//205
f 4526//190 4531//190 4530//190 4527//190
f 4531//191 4535//191 4536//191 4532//191
f 4533//206 4530//206 4532//206 4534//206
f 4535//192 4542//192 4541//192 4536//192
f 4540//134 4544//134 4543//134 4541//134
f 3354//198 3345//198 3346//198 3355//198
f 3358//198 3366//198 3368//198 3359//198
f 3367//199 3381//199 3382//199 3368//199
f 3360//161 3371//161 3373//161 3358//161
f 3372//212 3493//212 3492//212 3373//212
f 3493//213 3367//213 3366//213 3492//213
f 3381//199 3388//199 3387//199 3382//199
f 3422//199 3416//199 3417//199 3423//199
f 3510//197 3502//197 3501//197 3509//197
f 3416//199 3439//199 3441//199 3417//199
f 3440//197 3426//197 3425//197 3441//197
f 3439//214 3450//214 3449//214 3440//214
f 3450//215 3510//215 3509//215 3449//215
f 3460//198 4318//198 4317//198 3461//198
f 3465//199 3490//199 3489//199 3466//199
f 3484//161 3465//161 3464//161 3485//161
f 3371//199 3471//199 3470//199 3372//199
f 3503//199 3531//199 3533//199 3504//199
f 3532//197 3514//197 3513//197 3533//197
f 3531//202 3540//202 3539//202 3532//202
f 4316//161 4326//161 4328//161 4317//161
f 4327//216 3635//216 3636//216 4328//216
f 3554//207 3657//207 3656//207 3553//207
f 3562//207 3554//207 3553//207 3563//207
f 3589//208 3572//208 3571//208 3588//208
f 3602//208 3589//208 3588//208 3601//208
f 3616//208 3602//208 3601//208 3617//208
f 3610//217 3671//217 3672//217 3611//217
f 3671//217 3679//217 3678//217 3672//217
f 3703//197 3688//197 3687//197 3704//197
f 3639//217 4357//217 4356//217 3640//217
f 3640//198 3643//198 3645//198 3641//198
f 3644//218 3636//218 3635//218 3645//218
f 4326//199 3642//199 3641//199 4327//199
f 3735//161 3644//161 3643//161 3734//161
f 3706//197 3690//197 3689//197 3705//197
f 3699//197 3706//197 3705//197 3700//197
f 3698//202 3782//202 3781//202 3699//202
f 4393//198 4402//198 4404//198 4394//198
f 3728//161 3735//161 3734//161 3729//161
f 3817//161 3676//161 3675//161 3816//161
f 4403//161 3844//161 3846//161 4404//161
f 3747//202 3859//202 3858//202 3748//202
f 3884//161 3817//161 3816//161 3885//161
f 3845//217 4385//217 4384//217 3846//217
f 3850//161 3786//161 3785//161 3849//161
f 3903//202 3991//202 3992//202 3904//202
f 3914//217 3916//217 3915//217 3913//217
f 3909//217 3922//217 3923//217 3910//217
f 3926//217 3914//217 3913//217 3927//217
f 3922//219 3939//219 3938//219 3923//219
f 3939//220 3928//220 3927//220 3938//220
f 3928//161 3850//161 3849//161 3926//161
f 3947//197 3941//197 3940//197 3948//197
f 3953//198 3958//198 3957//198 3954//198
f 3964//207 3984//207 3985//207 3965//207
f 4076//221 3969//221 3968//221 4075//221
f 3984//207 3977//207 3979//207 3985//207
f 3978//222 4076//222 4075//222 3979//222
f 3991//202 3978//202 3977//202 3992//202
f 4020//199 4039//199 4038//199 4021//199
f 4040//199 4046//199 4045//199 4041//199
f 4090//217 4483//217 4485//217 4091//217
f 4475//161 4484//161 4483//161 4476//161
f 4089//161 4098//161 4097//161 4090//161
f 4181//217 4115//217 4114//217 4182//217
f 4125//207 4121//207 4120//207 4124//207
f 4277//223 4125//223 4124//223 4278//223
f 4143//207 4148//207 4149//207 4144//207
f 4148//207 4157//207 4159//207 4149//207
f 4158//208 4127//208 4126//208 4159//208
f 4164//202 4158//202 4157//202 4165//202
f 4184//217 4168//217 4167//217 4183//217
f 4192//217 4184//217 4183//217 4193//217
f 4212//208 4194//208 4193//208 4211//208
f 4194//224 4117//224 4116//224 4192//224
f 4227//208 4212//208 4211//208 4228//208
f 4272//208 4238//208 4237//208 4273//208
f 4247//207 4270//207 4271//207 4248//207
f 4270//207 4275//207 4274//207 4271//207
f 4296//199 3360//199 3359//199 4295//199
f 3345//198 4304//198 4306//198 3346//198
f 4305//199 4296//199 4295//199 4306//199
f 3473//161 4305//161 4304//161 3474//161
f 4345//198 4372//198 4373//198 4346//198
f 4336//225 4347//225 4346//225 4337//225
f 4347//211 4349//211 4348//211 4345//211
f 4377//217 4354//217 4353//217 4378//217
f 3642//208 4379//208 4378//208 3639//208
f 4372//198 4362//198 4364//198 4373//198
f 4363//199 4315//199 4314//199 4364//199
f 4379//161 4363//161 4362//161 4377//161
f 3844//208 4438//208 4439//208 3845//208
f 4463//199 4403//199 4402//199 4462//199
f 4437//217 4432//217 4431//217 4436//217
f 4430//226 4409//226 4408//226 4431//226
f 4434//198 4449//198 4448//198 4435//198
f 4414//225 4433//225 4435//225 4415//225
f 4459//217 4437//217 4436//217 4460//217
f 4438//208 4461//208 4460//208 4439//208
f 4444//199 4463//199 4462//199 4445//199
f 4461//161 4444//161 4443//161 4459//161
f 4484//208 4516//208 4517//208 4485//208
f 4480//199 4475//199 4474//199 4479//199
f 4529//217 4488//217 4490//217 4528//217
f 4489//226 4080//226 4079//226 4490//226
f 4500//198 4505//198 4506//198 4501//198
f 4507//225 4502//225 4501//225 4508//225
f 4502//211 4489//211 4488//211 4500//211
f 4537//217 4529//217 4528//217 4538//217
f 4516//208 4539//208 4538//208 4517//208
f 4505//198 4521//198 4523//198 4506//198
f 4522//199 4480//199 4479//199 4523//199
f 4539//161 4522//161 4521//161 4537//161
f 3458//196 3455//196 3457//196 3459//196
f 3456//195 3462//195 3463//195 3457//195
f 3524//194 3456//194 3455//194 3525//194
f 3451//193 3446//193 3448//193 3452//193
f 3447//192 3453//192 3454//192 3448//192
f 3444//191 3447//191 3446//191 3445//191
f 3442//135 3436//135 3438//135 3443//135
f 3437//190 3444//190 3445//190 3438//190
f 3434//189 3437//189 3436//189 3435//189
f 3432//188 3429//188 3431//188 3433//188
f 3430//187 3434//187 3435//187 3431//187
f 3420//186 3430//186 3429//186 3421//186
f 3418//185 3413//185 3415//185 3419//185
f 3414//184 3420//184 3421//184 3415//184
f 3411//183 3414//183 3413//183 3412//183
f 3409//136 3406//136 3408//136 3410//136
f 3407//182 3411//182 3412//182 3408//182
f 3404//181 3407//181 3406//181 3405//181
f 3402//196 3399//196 3401//196 3403//196
f 3400//195 3404//195 3405//195 3401//195
f 3453//194 3400//194 3399//194 3454//194
f 3395//192 3397//192 3398//192 3396//192
f 3393//206 3390//206 3392//206 3394//206
f 3391//191 3395//191 3396//191 3392//191
f 3385//190 3391//190 3390//190 3386//190
f 3383//205 3378//205 3380//205 3384//205
f 3379//189 3385//189 3386//189 3380//189
f 3376//187 3379//187 3378//187 3377//187
f 3374//186 3376//186 3377//186 3375//186
f 3369//184 3374//184 3375//184 3370//184
f 3364//204 3361//204 3363//204 3365//204
f 3362//183 3369//183 3370//183 3363//183
f 3356//182 3362//182 3361//182 3357//182
f 3352//203 3349//203 3351//203 3353//203
f 3350//181 3356//181 3357//181 3351//181
f 3347//195 3350//195 3349//195 3348//195
f 3397//194 3347//194 3348//194 3398//194
f 4547//192 4545//192 4546//192 4548//192
f 4549//206 4551//206 4553//206 4550//206
f 4552//191 4547//191 4548//191 4553//191
f 4554//190 4552//190 4551//190 4555//190
f 4556//205 4558//205 4560//205 4557//205
f 4559//189 4554//189 4555//189 4560//189
f 4561//187 4559//187 4558//187 4562//187
f 4563//186 4561//186 4562//186 4564//186
f 4565//184 4563//184 4564//184 4566//184
f 4567//204 4569//204 4571//204 4568//204
f 4570//183 4565//183 4566//183 4571//183
f 4572//182 4570//182 4569//182 4573//182
f 4574//203 4576//203 4578//203 4575//203
f 4577//181 4572//181 4573//181 4578//181
f 4579//195 4577//195 4576//195 4580//195
f 4545//194 4579//194 4580//194 4546//194
f 4583//134 4582//134 4581//134 4584//134
f 4586//192 4585//192 4584//192 4587//192
f 4588//191 4586//191 4587//191 4589//191
f 4590//135 4592//135 4594//135 4591//135
f 4593//190 4588//190 4589//190 4594//190
f 4595//189 4593//189 4592//189 4596//189
f 4597//188 4599//188 4601//188 4598//188
f 4600//187 4595//187 4596//187 4601//187
f 4602//186 4600//186 4599//186 4603//186
f 4604//185 4606//185 4608//185 4605//185
f 4607//184 4602//184 4603//184 4608//184
f 4609//183 4607//183 4606//183 4610//183
f 4611//136 4613//136 4615//136 4612//136
f 4614//182 4609//182 4610//182 4615//182
f 4616//181 4614//181 4613//181 4617//181
f 4618//195 4616//195 4617//195 4619//195
f 4585//194 4618//194 4619//194 4583//194
f 4622//134 4621//134 4620//134 4623//134
f 4625//192 4624//192 4623//192 4626//192
f 4627//191 4625//191 4626//191 4628//191
f 4629//135 4631//135 4633//135 4630//135
f 4632//190 4627//190 4628//190 4633//190
f 4634//189 4632//189 4631//189 4635//189
f 4636//188 4638//188 4640//188 4637//188
f 4639//187 4634//187 4635//187 4640//187
f 4641//186 4639//186 4638//186 4642//186
f 4643//185 4645//185 4647//185 4644//185
f 4646//184 4641//184 4642//184 4647//184
f 4648//183 4646//183 4645//183 4649//183
f 4650//136 4652//136 4654//136 4651//136
f 4653//182 4648//182 4649//182 4654//182
f 4655//181 4653//181 4652//181 4656//181
f 4657//195 4655//195 4656//195 4658//195
f 4624//194 4657//194 4658//194 4622//194
f 4661//134 4660//134 4659//134 4662//134
f 4664//192 4663//192 4662//192 4665//192
f 4666//206 4668//206 4670//206 4667//206
f 4669//191 4664//191 4665//191 4670//191
f 4671//190 4669//190 4668//190 4672//190
f 4673//205 4675//205 4677//205 4674//205
f 4676//189 4671//189 4672//189 4677//189
f 4678//187 4676//187 4675//187 4679//187
f 4680//133 4682//133 4684//133 4681//133
f 4683//186 4678//186 4679//186 4684//186
f 4685//184 4683//184 4682//184 4686//184
f 4687//204 4689//204 4691//204 4688//204
f 4690//183 4685//183 4686//183 4691//183
f 4692//182 4690//182 4689//182 4693//182
f 4694//203 4696//203 4698//203 4695//203
f 4697//181 4692//181 4693//181 4698//181
f 4699//195 4697//195 4696//195 4700//195
f 4663//194 4699//194 4700//194 4661//194
f 4703//134 4702//134 4701//134 4704//134
f 4706//192 4705//192 4704//192 4707//192
f 4708//206 4710//206 4712//206 4709//206
f 4711//191 4706//191 4707//191 4712//191
f 4713//190 4711//190 4710//190 4714//190
f 4715//205 4717//205 4719//205 4716//205
f 4718//189 4713//189 4714//189 4719//189
f 4720//187 4718//187 4717//187 4721//187
f 4722//133 4724//133 4726//133 4723//133
f 4725//186 4720//186 4721//186 4726//186
f 4727//184 4725//184 4724//184 4728//184
f 4729//204 4731//204 4733//204 4730//204
f 4732//183 4727//183 4728//183 4733//183
f 4734//182 4732//182 4731//182 4735//182
f 4736//203 4738//203 4740//203 4737//203
f 4739//181 4734//181 4735//181 4740//181
f 4741//195 4739//195 4738//195 4742//195
f 4705//194 4741//194 4742//194 4703//194
f 4745//134 4744//134 4743//134 4746//134
f 4748//192 4747//192 4746//192 4749//192
f 4750//206 4752//206 4754//206 4751//206
f 4753//191 4748//191 4749//191 4754//191
f 4755//190 4753//190 4752//190 4756//190
f 4757//205 4759//205 4761//205 4758//205
f 4760//189 4755//189 4756//189 4761//189
f 4762//187 4760//187 4759//187 4763//187
f 4764//133 4766//133 4768//133 4765//133
f 4767//186 4762//186 4763//186 4768//186
f 4769//184 4767//184 4766//184 4770//184
f 4771//204 4773//204 4775//204 4772//204
f 4774//183 4769//183 4770//183 4775//183
f 4776//182 4774//182 4773//182 4777//182
f 4778//203 4780//203 4782//203 4779//203
f 4781//181 4776//181 4777//181 4782//181
f 4783//195 4781//195 4780//195 4784//195
f 4747//194 4783//194 4784//194 4745//194
f 4787//134 4786//134 4785//134 4788//134
f 4790//192 4789//192 4788//192 4791//192
f 4792//206 4794//206 4796//206 4793//206
f 4795//191 4790//191 4791//191 4796//191
f 4797//190 4795//190 4794//190 4798//190
f 4799//205 4801//205 4803//205 4800//205
f 4802//189 4797//189 4798//189 4803//189
f 4804//187 4802//187 4801//187 4805//187
f 4806//133 4808//133 4810//133 4807//133
f 4809//186 4804//186 4805//186 4810//186
f 4811//184 4809//184 4808//184 4812//184
f 4813//204 4815//204 4817//204 4814//204
f 4816//183 4811//183 4812//183 4817//183
f 4818//182 4816//182 4815//182 4819//182
f 4820//203 4822//203 4824//203 4821//203
f 4823//181 4818//181 4819//181 4824//181
f 4825//195 4823//195 4822//195 4826//195
f 4789//194 4825//194 4826//194 4787//194
f 3042//136 3072//136 3345//136 3354//136
f 3346//133 3043//133 3040//133 3355//133
f 3072//136 3474//136 4304//136 3345//136
f 4306//133 4295//133 3043//133 3346//133
f 3041//227 3058//227 3398//227 3348//227
f 3352//217 3041//217 3348//217 3349//217
f 3397//228 3395//228 3391//228 3385//228 3379//228 3376//228 3374//228 3369//228 3362//228 3356//228 3350//228 3347//228
f 3045//229 3353//229 3351//229 3357//229
f 3364//230 3045//230 3357//230 3361//230
f 4295//133 3359//133 3046//133 3043//133
f 3359//133 3047//133 3054//133 3046//133
f 3368//133 3382//133 3047//133 3359//133
f 3373//136 3492//136 3366//136 3358//136
f 4296//228 3471//228 3371//228 3360//228
f 3048//198 3365//198 3363//198 3370//198
f 3367//228 3493//228 3051//228 3381//228
f 3049//231 3048//231 3370//231 3375//231
f 3489//133 3491//133 3493//133 3372//133 3470//133
f 3050//232 3049//232 3375//232 3377//232
f 3383//197 3050//197 3377//197 3378//197
f 3055//233 3384//233 3380//233 3386//233
f 3381//228 3051//228 3056//228 3388//228
f 3382//133 3387//133 3052//133 3047//133
f 3393//234 3055//234 3386//234 3390//234
f 3387//133 3389//133 3424//133 3423//133 3060//133 3052//133
f 3057//207 3394//207 3392//207 3396//207
f 3058//235 3057//235 3396//235 3398//235
f 3402//227 3070//227 3454//227 3399//227
f 3061//217 3403//217 3401//217 3405//217
f 3453//228 3447//228 3444//228 3437//228 3434//228 3430//228 3420//228 3414//228 3411//228 3407//228 3404//228 3400//228
f 3409//229 3061//229 3405//229 3406//229
f 3062//230 3410//230 3408//230 3412//230
f 3418//198 3062//198 3412//198 3413//198
f 3065//231 3419//231 3415//231 3421//231
f 3422//228 3063//228 3064//228 3416//228
f 3423//133 3417//133 3066//133 3060//133
f 3416//228 3064//228 3450//228 3439//228
f 3417//133 3441//133 3425//133 3066//133
f 3432//232 3065//232 3421//232 3429//232
f 3066//133 3425//133 3427//133 3067//133
f 3428//135 3426//135 3509//135 3501//135
f 3426//135 3440//135 3449//135 3509//135
f 3068//197 3433//197 3431//197 3435//197
f 3442//233 3068//233 3435//233 3436//233
f 3069//234 3443//234 3438//234 3445//234
f 3451//207 3069//207 3445//207 3446//207
f 3070//235 3452//235 3448//235 3454//235
f 3450//133 3505//133 3504//133 3081//133 3510//133
f 3458//227 3080//227 3525//227 3455//227
f 3071//217 3459//217 3457//217 3463//217
f 3524//228 3520//228 3517//228 3507//228 3499//228 3495//228 3487//228 3480//228 3477//228 3468//228 3462//228 3456//228
f 3461//136 4317//136 3474//136 3072//136
f 4314//133 4318//133 3460//133 3277//133
f 3475//229 3071//229 3463//229 3467//229
f 4317//136 3485//136 3464//136 3474//136
f 3466//133 3489//133 3470//133 3472//133
f 3465//228 3484//228 3074//228 3490//228
f 3073//230 3476//230 3469//230 3478//230
f 4305//228 3473//228 3471//228 4296//228
f 3482//198 3073//198 3478//198 3479//198
f 3075//231 3483//231 3481//231 3488//231
f 4328//136 3636//136 3486//136 3485//136 4317//136
f 3497//232 3075//232 3488//232 3494//232
f 3077//197 3498//197 3496//197 3500//197
f 3511//233 3077//233 3500//233 3506//233
f 3510//133 3081//133 3076//133 3502//133
f 3504//133 3533//133 3513//133 3081//133
f 3503//228 3083//228 3540//228 3531//228
f 3078//234 3512//234 3508//234 3518//234
f 3516//135 3514//135 3108//135 3079//135
f 3514//135 3532//135 3539//135 3108//135
f 3081//133 3513//133 3515//133 3076//133
f 3522//207 3078//207 3518//207 3519//207
f 3080//235 3523//235 3521//235 3525//235
f 3580//228 3575//228 3569//228 3565//228 3560//228 3556//228 3551//228 3547//228 3544//228 3537//228 3534//228 3527//228
f 3082//217 3530//217 3528//217 3535//217
f 3529//227 3094//227 3579//227 3526//227
f 3542//229 3082//229 3535//229 3536//229
f 3084//230 3543//230 3538//230 3545//230
f 3108//135 3539//135 3541//135 3697//135 3704//135
f 3549//198 3084//198 3545//198 3546//198
f 3086//231 3550//231 3548//231 3552//231
f 3558//232 3086//232 3552//232 3555//232
f 3657//135 3554//135 3129//135 3128//135
f 3656//134 3085//134 3090//134 3553//134
f 3553//134 3090//134 3571//134 3573//134 3563//134
f 3554//135 3562//135 3751//135 3750//135 3129//135
f 3087//197 3559//197 3557//197 3561//197
f 3567//233 3087//233 3561//233 3564//233
f 3091//234 3568//234 3566//234 3570//234
f 3577//207 3091//207 3570//207 3574//207
f 3092//228 3572//228 3589//228 3096//228
f 3090//134 3089//134 3588//134 3571//134
f 3094//235 3578//235 3576//235 3579//235
f 3625//228 3620//228 3614//228 3612//228 3608//228 3604//228 3599//228 3595//228 3592//228 3590//228 3586//228 3582//228
f 3095//217 3585//217 3583//217 3587//217
f 3584//227 3109//227 3624//227 3581//227
f 3097//229 3095//229 3587//229 3591//229
f 3089//134 3100//134 3601//134 3588//134
f 3096//228 3589//228 3602//228 3098//228
f 3099//230 3097//230 3591//230 3593//230
f 3597//198 3099//198 3593//198 3594//198
f 3101//231 3598//231 3596//231 3600//231
f 3606//232 3101//232 3600//232 3603//232
f 3100//134 3105//134 3617//134 3601//134
f 3098//228 3602//228 3616//228 3102//228
f 3104//197 3607//197 3605//197 3609//197
f 3106//233 3104//233 3609//233 3613//233
f 3103//134 3611//134 3672//134 3105//134
f 3135//136 3137//136 3671//136 3610//136
f 3107//234 3106//234 3613//234 3615//234
f 3622//207 3107//207 3615//207 3619//207
f 3105//134 3672//134 3678//134 3618//134 3617//134
f 3109//235 3623//235 3621//235 3624//235
f 3674//228 3667//228 3664//228 3662//228 3660//228 3654//228 3651//228 3647//228 3637//228 3633//228 3631//228 3627//228
f 3111//217 3630//217 3628//217 3632//217
f 3629//227 3119//227 3673//227 3626//227
f 3112//229 3111//229 3632//229 3634//229
f 3114//230 3112//230 3634//230 3638//230
f 3645//133 3635//133 4327//133 3641//133
f 3644//228 3735//228 3127//228 3636//228
f 3649//198 3114//198 3638//198 3646//198
f 3113//136 3734//136 3643//136 3640//136
f 3110//136 3113//136 3640//136 4356//136
f 4315//228 3642//228 4326//228 4316//228
f 4363//228 4379//228 3642//228 4315//228
f 4353//134 4357//134 3639//134 4378//134
f 3115//231 3650//231 3648//231 3652//231
f 3658//232 3115//232 3652//232 3653//232
f 3116//197 3659//197 3655//197 3661//197
f 3117//233 3116//233 3661//233 3663//233
f 3118//234 3117//234 3663//234 3665//234
f 3669//207 3118//207 3665//207 3666//207
f 3119//235 3670//235 3668//235 3673//235
f 3137//136 3675//136 3677//136 3679//136 3671//136
f 3134//136 3816//136 3675//136 3137//136
f 3676//228 3817//228 3157//228 3139//228
f 3739//228 3732//228 3726//228 3722//228 3719//228 3715//228 3712//228 3708//228 3701//228 3692//228 3685//228 3681//228
f 3120//217 3684//217 3682//217 3686//217
f 3683//227 3131//227 3738//227 3680//227
f 3694//229 3120//229 3686//229 3691//229
f 3079//135 3108//135 3704//135 3687//135
f 3703//133 3705//133 3689//133 3688//133
f 3690//135 3706//135 3121//135 3140//135
f 3122//230 3695//230 3693//230 3702//230
f 3696//133 3700//133 3705//133 3703//133
f 3697//228 3143//228 3782//228 3698//228
f 3706//135 3699//135 3781//135 3121//135
f 3710//198 3122//198 3702//198 3707//198
f 3123//231 3711//231 3709//231 3713//231
f 3717//232 3123//232 3713//232 3714//232
f 3124//197 3718//197 3716//197 3720//197
f 3724//233 3124//233 3720//233 3721//233
f 3125//234 3725//234 3723//234 3727//234
f 3736//207 3125//207 3727//207 3731//207
f 3846//136 3785//136 3787//136 3730//136 3729//136 4404//136
f 4404//136 3729//136 3734//136 3113//136
f 3735//228 3728//228 3126//228 3127//228
f 3131//235 3737//235 3733//235 3738//235
f 3794//228 3789//228 3783//228 3774//228 3771//228 3767//228 3764//228 3760//228 3757//228 3753//228 3745//228 3741//228
f 3133//217 3744//217 3742//217 3746//217
f 3743//227 3148//227 3793//227 3740//227
f 3755//229 3133//229 3746//229 3752//229
f 3132//228 3149//228 3747//228 3749//228
f 3129//135 3750//135 3748//135 3146//135
f 3149//228 3166//228 3859//228 3747//228
f 3146//135 3748//135 3858//135 3147//135
f 3136//230 3756//230 3754//230 3758//230
f 3762//198 3136//198 3758//198 3759//198
f 3138//231 3763//231 3761//231 3765//231
f 3769//232 3138//232 3765//232 3766//232
f 3142//197 3770//197 3768//197 3772//197
f 3776//233 3142//233 3772//233 3773//233
f 3145//234 3777//234 3775//234 3784//234
f 3143//228 3144//228 3779//228 3782//228
f 3121//135 3781//135 3778//135 3158//135
f 3158//135 3778//135 3780//135 3905//135 3904//135 3173//135
f 3791//207 3145//207 3784//207 3788//207
f 3180//136 3849//136 3785//136 3846//136
f 3786//228 3850//228 3181//228 3163//228
f 3148//235 3792//235 3790//235 3793//235
f 3838//228 3833//228 3830//228 3826//228 3823//228 3819//228 3814//228 3810//228 3807//228 3803//228 3800//228 3796//228
f 3150//217 3799//217 3797//217 3801//217
f 3798//227 3161//227 3837//227 3795//227
f 3805//229 3150//229 3801//229 3802//229
f 3154//230 3806//230 3804//230 3808//230
f 3812//198 3154//198 3808//198 3809//198
f 3155//231 3813//231 3811//231 3815//231
f 3821//232 3155//232 3815//232 3818//232
f 3817//228 3884//228 3156//228 3157//228
f 3152//136 3885//136 3816//136 3134//136
f 3159//197 3822//197 3820//197 3824//197
f 3828//233 3159//233 3824//233 3825//233
f 3160//234 3829//234 3827//234 3831//234
f 3835//207 3160//207 3831//207 3832//207
f 3161//235 3836//235 3834//235 3837//235
f 3895//228 3890//228 3882//228 3878//228 3875//228 3871//228 3868//228 3864//228 3856//228 3852//228 3847//228 3840//228
f 3162//217 3843//217 3841//217 3848//217
f 3842//227 3174//227 3894//227 3839//227
f 4463//228 4438//228 3844//228 4403//228
f 3178//136 3180//136 3846//136 4384//136
f 3282//134 4385//134 3845//134 4439//134
f 3854//229 3162//229 3848//229 3851//229
f 3914//136 3926//136 3849//136 3180//136
f 3850//228 3928//228 3939//228 3181//228
f 3165//230 3855//230 3853//230 3857//230
f 3866//198 3165//198 3857//198 3863//198
f 3166//228 3167//228 3861//228 3859//228
f 3147//135 3858//135 3860//135 3184//135
f 3184//135 3860//135 3862//135 3948//135 3940//135
f 3168//231 3867//231 3865//231 3869//231
f 3873//232 3168//232 3869//232 3870//232
f 3169//197 3874//197 3872//197 3876//197
f 3880//233 3169//233 3876//233 3877//233
f 3171//234 3881//234 3879//234 3883//234
f 3892//207 3171//207 3883//207 3889//207
f 3884//228 3886//228 3170//228 3156//228
f 3187//136 3887//136 3885//136 3152//136
f 3954//136 3957//136 3888//136 3887//136 3187//136
f 3174//235 3893//235 3891//235 3894//235
f 3971//228 3960//228 3955//228 3945//228 3936//228 3932//228 3929//228 3920//228 3917//228 3907//228 3901//228 3897//228
f 3176//217 3900//217 3898//217 3902//217
f 3899//227 3189//227 3970//227 3896//227
f 3911//229 3176//229 3902//229 3906//229
f 3175//228 3193//228 3991//228 3903//228
f 3173//135 3904//135 3992//135 3191//135
f 3177//230 3912//230 3908//230 3918//230
f 3915//134 3910//134 3923//134 3913//134
f 4478//136 4476//136 3922//136 3909//136
f 3916//136 3914//136 3180//136 3178//136
f 3913//134 3923//134 3938//134 3927//134
f 3924//198 3177//198 3918//198 3919//198
f 3179//231 3925//231 3921//231 3930//231
f 4476//136 4097//136 4099//136 3939//136 3922//136
f 3934//232 3179//232 3930//232 3931//232
f 3183//197 3935//197 3933//197 3937//197
f 3949//233 3183//233 3937//233 3944//233
f 3941//133 3202//133 3201//133 3943//133
f 3182//135 3184//135 3940//135 3942//135
f 3947//133 4022//133 4021//133 3202//133 3941//133
f 3186//234 3950//234 3946//234 3956//234
f 3952//136 3954//136 3187//136 3185//136
f 3213//133 3953//133 3951//133 3214//133
f 4045//133 4047//133 3958//133 3953//133 3213//133
f 3966//207 3186//207 3956//207 3959//207
f 3189//235 3967//235 3961//235 3970//235
f 3963//135 3969//135 3223//135 3222//135
f 3962//134 3965//134 3985//134 3968//134
f 3188//135 3191//135 3984//135 3964//135
f 3968//134 3985//134 3979//134 4075//134
f 3969//135 4076//135 4166//135 4165//135 3223//135
f 4014//228 4011//228 4007//228 4004//228 4000//228 3997//228 3995//228 3993//228 3987//228 3982//228 3975//228 3972//228
f 3980//217 3190//217 3973//217 3974//217
f 3190//227 3199//227 4013//227 3973//227
f 3192//229 3981//229 3976//229 3983//229
f 3191//135 3992//135 3977//135 3984//135
f 3193//228 4076//228 3978//228 3991//228
f 3989//230 3192//230 3983//230 3986//230
f 3194//198 3990//198 3988//198 3994//198
f 3195//231 3194//231 3994//231 3996//231
f 3196//232 3195//232 3996//232 3998//232
f 4002//197 3196//197 3998//197 3999//197
f 3197//233 4003//233 4001//233 4005//233
f 4009//234 3197//234 4005//234 4006//234
f 3198//207 4010//207 4008//207 4012//207
f 3199//235 3198//235 4012//235 4013//235
f 4060//228 4057//228 4053//228 4050//228 4043//228 4036//228 4034//228 4032//228 4028//228 4025//228 4018//228 4015//228
f 4023//217 3200//217 4016//217 4017//217
f 3200//227 3219//227 4059//227 4016//227
f 3203//229 4024//229 4019//229 4026//229
f 4021//133 4038//133 3209//133 3202//133
f 4020//228 3204//228 3205//228 4039//228
f 4030//230 3203//230 4026//230 4027//230
f 3206//198 4031//198 4029//198 4033//198
f 3208//231 3206//231 4033//231 4035//231
f 3210//232 3208//232 4035//232 4037//232
f 4048//197 3210//197 4037//197 4042//197
f 4039//228 3205//228 3211//228 4040//228
f 4038//133 4041//133 3212//133 3209//133
f 4040//228 3211//228 3217//228 4046//228
f 4041//133 4045//133 3213//133 3212//133
f 3216//233 4049//233 4044//233 4051//233
f 4055//234 3216//234 4051//234 4052//234
f 3218//207 4056//207 4054//207 4058//207
f 3219//235 3218//235 4058//235 4059//235
f 4110//228 4107//228 4103//228 4100//228 4093//228 4084//228 4082//228 4077//228 4071//228 4068//228 4064//228 4061//228
f 4066//217 3220//217 4062//217 4063//217
f 3220//227 3234//227 4109//227 4062//227
f 3221//229 4067//229 4065//229 4069//229
f 4073//230 3221//230 4069//230 4070//230
f 3226//198 4074//198 4072//198 4078//198
f 3228//231 3226//231 4078//231 4083//231
f 4079//134 4081//134 3224//134 3225//134 3296//134
f 4490//134 4079//134 3296//134 4528//134
f 4507//236 4080//236 4489//236 4502//236
f 3229//232 3228//232 4083//232 4085//232
f 4095//197 3229//197 4085//197 4092//197
f 3230//134 4114//134 4117//134 4088//134 4087//134
f 4485//134 3230//134 4087//134 4091//134
f 4098//228 4089//228 4086//228 3232//228
f 4483//136 4090//136 4097//136 4476//136
f 3231//233 4096//233 4094//233 4101//233
f 4105//234 3231//234 4101//234 4102//234
f 3233//207 4106//207 4104//207 4108//207
f 3234//235 3233//235 4108//235 4109//235
f 4175//228 4170//228 4162//228 4155//228 4152//228 4146//228 4141//228 4137//228 4134//228 4130//228 4122//228 4112//228
f 3237//217 4119//217 4113//217 4123//217
f 4118//227 3243//227 4174//227 4111//227
f 4184//136 4192//136 4116//136 4115//136
f 4168//136 4184//136 4115//136 4181//136
f 3227//134 4182//134 4114//134 3230//134
f 4117//228 4194//228 4212//228 3246//228
f 4120//134 3235//134 3236//134 4124//134
f 4121//135 4125//135 4270//135 4247//135
f 4132//229 3237//229 4123//229 4129//229
f 4124//134 3236//134 4126//134 4128//134 4278//134
f 4125//135 4277//135 4275//135 4270//135
f 3236//134 4149//134 4159//134 4126//134
f 3241//228 4127//228 4158//228 4164//228
f 3238//230 4133//230 4131//230 4135//230
f 4139//198 3238//198 4135//198 4136//198
f 3239//231 4140//231 4138//231 4142//231
f 4150//232 3239//232 4142//232 4145//232
f 3235//134 4144//134 4149//134 3236//134
f 3222//135 3223//135 4148//135 4143//135
f 3240//197 4151//197 4147//197 4153//197
f 3223//135 4165//135 4157//135 4148//135
f 4160//233 3240//233 4153//233 4154//233
f 3242//234 4161//234 4156//234 4163//234
f 4172//207 3242//207 4163//207 4169//207
f 4167//134 3247//134 3250//134 4183//134
f 3243//235 4173//235 4171//235 4174//235
f 4226//228 4221//228 4218//228 4214//228 4209//228 4205//228 4202//228 4198//228 4195//228 4188//228 4185//228 4177//228
f 3244//217 4180//217 4178//217 4186//217
f 4179//227 3255//227 4225//227 4176//227
f 4183//134 3250//134 4211//134 4193//134
f 4190//229 3244//229 4186//229 4187//229
f 3245//230 4191//230 4189//230 4196//230
f 4200//198 3245//198 4196//198 4197//198
f 3248//231 4201//231 4199//231 4203//231
f 4207//232 3248//232 4203//232 4204//232
f 3251//197 4208//197 4206//197 4210//197
f 4216//233 3251//233 4210//233 4213//233
f 3250//134 3249//134 4228//134 4211//134
f 3246//228 4212//228 4227//228 3252//228
f 3254//234 4217//234 4215//234 4219//234
f 4223//207 3254//207 4219//207 4220//207
f 3255//235 4224//235 4222//235 4225//235
f 3249//134 3257//134 4237//134 4239//134 4229//134 4228//134
f 4285//228 4280//228 4266//228 4263//228 4259//228 4256//228 4252//228 4249//228 4245//228 4241//228 4235//228 4231//228
f 3259//217 4234//217 4232//217 4236//217
f 4233//227 3267//227 4284//227 4230//227
f 4243//229 3259//229 4236//229 4240//229
f 3257//134 3258//134 4273//134 4237//134
f 3260//228 4238//228 4272//228 3266//228
f 3262//230 4244//230 4242//230 4246//230
f 3263//198 3262//198 4246//198 4250//198
f 3261//134 4248//134 4271//134 3258//134
f 4254//231 3263//231 4250//231 4251//231
f 3264//232 4255//232 4253//232 4257//232
f 4261//197 3264//197 4257//197 4258//197
f 3265//233 4262//233 4260//233 4264//233
f 4268//234 3265//234 4264//234 4265//234
f 4282//207 4269//207 4267//207 4279//207
f 3258//134 4271//134 4274//134 4273//134
f 3266//228 4272//228 4276//228 4278//228
f 3267//235 4283//235 4281//235 4284//235
f 4340//228 4334//228 4330//228 4324//228 4320//228 4312//228 4308//228 4302//228 4298//228 4293//228 4289//228 4286//228
f 4291//217 3268//217 4287//217 4288//217
f 3268//227 4342//227 4338//227 4287//227
f 3269//229 4292//229 4290//229 4294//229
f 4300//230 3269//230 4294//230 4297//230
f 3270//198 4301//198 4299//198 4303//198
f 4310//231 3270//231 4303//231 4307//231
f 3271//232 4311//232 4309//232 4313//232
f 4322//197 3271//197 4313//197 4319//197
f 4364//133 4314//133 3277//133 4373//133
f 3272//233 4323//233 4321//233 4325//233
f 4332//234 3272//234 4325//234 4329//234
f 3273//207 4333//207 4331//207 4335//207
f 4341//235 3273//235 4335//235 4339//235
f 4373//133 3277//133 4337//133 4346//133
f 4336//236 3275//236 4349//236 4347//236
f 4407//228 4400//228 4396//228 4391//228 4387//228 4382//228 4375//228 4370//228 4366//228 4360//228 4351//228 4343//228
f 4358//217 3274//217 4344//217 4350//217
f 3274//227 4411//227 4405//227 4344//227
f 4348//136 4355//136 4354//136 4372//136 4345//136
f 3276//229 4359//229 4352//229 4361//229
f 4354//136 4377//136 4362//136 4372//136
f 4368//230 3276//230 4361//230 4365//230
f 3278//198 4369//198 4367//198 4371//198
f 4380//231 3278//231 4371//231 4374//231
f 3279//232 4381//232 4376//232 4383//232
f 4389//197 3279//197 4383//197 4386//197
f 3280//233 4390//233 4388//233 4392//233
f 4398//234 3280//234 4392//234 4395//234
f 4394//136 4404//136 3113//136 3110//136
f 4462//133 4402//133 4393//133 3286//133
f 3281//207 4399//207 4397//207 4401//207
f 4410//235 3281//235 4401//235 4406//235
f 4431//134 4408//134 3282//134 4436//134
f 4414//236 4409//236 4430//236 4433//236
f 4473//228 4469//228 4465//228 4457//228 4453//228 4450//228 4441//228 4428//228 4424//228 4421//228 4417//228 4412//228
f 4419//217 3283//217 4413//217 4416//217
f 3283//227 4482//227 4471//227 4413//227
f 4448//133 3286//133 4415//133 4435//133
f 3284//229 4420//229 4418//229 4422//229
f 4426//230 3284//230 4422//230 4423//230
f 3285//198 4427//198 4425//198 4429//198
f 4446//231 3285//231 4429//231 4440//231
f 4432//136 4437//136 4449//136 4434//136
f 4437//136 4459//136 4443//136 4449//136
f 4436//134 3282//134 4439//134 4460//134
f 4444//228 4461//228 4438//228 4463//228
f 3287//232 4447//232 4442//232 4451//232
f 4445//133 4462//133 3286//133 4448//133
f 4455//197 3287//197 4451//197 4452//197
f 3288//233 4456//233 4454//233 4458//233
f 4467//234 3288//234 4458//234 4464//234
f 3289//207 4468//207 4466//207 4470//207
f 4481//235 3289//235 4470//235 4472//235
f 4479//133 4474//133 4477//133 3290//133
f 4480//228 4516//228 4484//228 4475//228
f 4523//133 4479//133 3290//133 4506//133
f 4522//228 4539//228 4516//228 4480//228
f 3296//134 3225//134 4485//134 4517//134
f 3225//134 3227//134 3230//134 4485//134
f 4542//228 4535//228 4531//228 4526//228 4519//228 4514//228 4510//228 4503//228 4498//228 4494//228 4491//228 4486//228
f 3292//217 3291//217 4487//217 4492//217
f 3291//227 4544//227 4540//227 4487//227
f 4488//136 4529//136 4505//136 4500//136
f 4496//229 3292//229 4492//229 4493//229
f 3293//230 4497//230 4495//230 4499//230
f 3294//198 3293//198 4499//198 4504//198
f 4506//133 3290//133 4508//133 4501//133
f 4512//231 3294//231 4504//231 4509//231
f 4529//136 4537//136 4521//136 4505//136
f 3295//232 4513//232 4511//232 4515//232
f 4524//197 3295//197 4515//197 4518//197
f 4528//134 3296//134 4517//134 4538//134
f 3297//233 4525//233 4520//233 4527//233
f 4533//234 3297//234 4527//234 4530//234
f 3298//207 4534//207 4532//207 4536//207
f 4543//235 3298//235 4536//235 4541//235
f 3306//227 3299//227 4546//227 4580//227
f 3299//235 3300//235 4548//235 4546//235
f 4545//228 4547//228 4552//228 4554//228 4559//228 4561//228 4563//228 4565//228 4570//228 4572//228 4577//228 4579//228
f 3300//207 4550//207 4553//207 4548//207
f 4549//234 3301//234 4555//234 4551//234
f 3301//233 4557//233 4560//233 4555//233
f 4556//197 3302//197 4562//197 4558//197
f 3302//232 3303//232 4564//232 4562//232
f 3303//231 3304//231 4566//231 4564//231
f 3304//198 4568//198 4571//198 4566//198
f 4567//230 3305//230 4573//230 4569//230
f 3305//229 4575//229 4578//229 4573//229
f 4574//217 3306//217 4580//217 4576//217
f 3313//227 4582//227 4583//227 4619//227
f 4581//235 3307//235 4587//235 4584//235
f 4585//228 4586//228 4588//228 4593//228 4595//228 4600//228 4602//228 4607//228 4609//228 4614//228 4616//228 4618//228
f 3307//207 3308//207 4589//207 4587//207
f 3308//234 4591//234 4594//234 4589//234
f 4590//233 3309//233 4596//233 4592//233
f 3309//197 4598//197 4601//197 4596//197
f 4597//232 3310//232 4603//232 4599//232
f 3310//231 4605//231 4608//231 4603//231
f 4604//198 3311//198 4610//198 4606//198
f 3311//230 4612//230 4615//230 4610//230
f 4611//229 3312//229 4617//229 4613//229
f 3312//217 3313//217 4619//217 4617//217
f 3320//227 4621//227 4622//227 4658//227
f 4620//235 3314//235 4626//235 4623//235
f 4624//228 4625//228 4627//228 4632//228 4634//228 4639//228 4641//228 4646//228 4648//228 4653//228 4655//228 4657//228
f 3314//207 3315//207 4628//207 4626//207
f 3315//234 4630//234 4633//234 4628//234
f 4629//233 3316//233 4635//233 4631//233
f 3316//197 4637//197 4640//197 4635//197
f 4636//232 3317//232 4642//232 4638//232
f 3317//231 4644//231 4647//231 4642//231
f 4643//198 3318//198 4649//198 4645//198
f 3318//230 4651//230 4654//230 4649//230
f 4650//229 3319//229 4656//229 4652//229
f 3319//217 3320//217 4658//217 4656//217
f 3326//227 4660//227 4661//227 4700//227
f 4659//235 3321//235 4665//235 4662//235
f 4663//228 4664//228 4669//228 4671//228 4676//228 4678//228 4683//228 4685//228 4690//228 4692//228 4697//228 4699//228
f 3321//207 4667//207 4670//207 4665//207
f 4666//234 3322//234 4672//234 4668//234
f 3322//233 4674//233 4677//233 4672//233
f 4673//197 3323//197 4679//197 4675//197
f 3323//232 4681//232 4684//232 4679//232
f 4680//231 3324//231 4686//231 4682//231
f 3324//198 4688//198 4691//198 4686//198
f 4687//230 3325//230 4693//230 4689//230
f 3325//229 4695//229 4698//229 4693//229
f 4694//217 3326//217 4700//217 4696//217
f 3332//227 4702//227 4703//227 4742//227
f 4701//235 3327//235 4707//235 4704//235
f 4705//228 4706//228 4711//228 4713//228 4718//228 4720//228 4725//228 4727//228 4732//228 4734//228 4739//228 4741//228
f 3327//207 4709//207 4712//207 4707//207
f 4708//234 3328//234 4714//234 4710//234
f 3328//233 4716//233 4719//233 4714//233
f 4715//197 3329//197 4721//197 4717//197
f 3329//232 4723//232 4726//232 4721//232
f 4722//231 3330//231 4728//231 4724//231
f 3330//198 4730//198 4733//198 4728//198
f 4729//230 3331//230 4735//230 4731//230
f 3331//229 4737//229 4740//229 4735//229
f 4736//217 3332//217 4742//217 4738//217
f 3338//227 4744//227 4745//227 4784//227
f 4743//235 3333//235 4749//235 4746//235
f 4747//228 4748//228 4753//228 4755//228 4760//228 4762//228 4767//228 4769//228 4774//228 4776//228 4781//228 4783//228
f 3333//207 4751//207 4754//207 4749//207
f 4750//234 3334//234 4756//234 4752//234
f 3334//233 4758//233 4761//233 4756//233
f 4757//197 3335//197 4763//197 4759//197
f 3335//232 4765//232 4768//232 4763//232
f 4764//231 3336//231 4770//231 4766//231
f 3336//198 4772//198 4775//198 4770//198
f 4771//230 3337//230 4777//230 4773//230
f 3337//229 4779//229 4782//229 4777//229
f 4778//217 3338//217 4784//217 4780//217
f 3344//227 4786//227 4787//227 4826//227
f 4785//235 3339//235 4791//235 4788//235
f 4789//228 4790//228 4795//228 4797//228 4802//228 4804//228 4809//228 4811//228 4816//228 4818//228 4823//228 4825//228
f 3339//207 4793//207 4796//207 4791//207
f 4792//234 3340//234 4798//234 4794//234
f 3340//233 4800//233 4803//233 4798//233
f 4799//197 3341//197 4805//197 4801//197
f 3341//232 4807//232 4810//232 4805//232
f 4806//231 3342//231 4812//231 4808//231
f 3342//198 4814//198 4817//198 4812//198
f 4813//230 3343//230 4819//230 4815//230
f 3343//229 4821//229 4824//229 4819//229
f 4820//217 3344//217 4826//217 4822//217
o Crown
v -0.654615 -1.153471 1.415385
v -0.707692 -1.167692 1.415385
v -0.813846 -1.061539 1.415385
v -0.707692 -0.955385 1.415385
v -0.654615 -0.969607 1.415385
v -1.592308 -0.884615 1.238462
v -0.601538 -1.061539 1.415385
v -1.238462 -0.176923 1.238462
v -1.592308 -0.530769 1.238462
v -0.654615 -1.507317 1.415385
v -1.238462 0.176923 1.238462
v -0.760769 -1.507317 1.415385
v -0.813846 -1.415385 1.415385
v -0.707692 -1.309231 1.415385
v -1.592308 0.530769 1.238462
v -0.654615 -1.323453 1.415385
v -0.601538 -1.415385 1.415385
v -0.969607 0.654615 1.415385
v -1.592308 0.884615 1.238462
v -1.061538 0.601538 1.415385
v -1.238462 0.884615 1.415385
v -1.153470 0.654615 1.415385
v -1.167692 0.707692 1.415385
v -1.061538 0.813846 1.415385
v -0.884615 -1.238462 1.415385
v -0.955385 0.707692 1.415385
v -1.238462 -0.884615 1.415385
v -1.061538 -0.813846 1.415385
v -1.167692 -0.707692 1.415385
v -1.153470 -0.654615 1.415385
v -1.061538 -0.601539 1.415385
v -0.969607 -0.654615 1.415385
v -0.884615 1.238461 1.415385
v -0.955385 -0.707692 1.415385
v -0.884615 -1.592308 1.238461
v -1.061538 -1.167692 1.415385
v -1.167692 -1.061539 1.415385
v -1.061538 -0.955385 1.415385
v -0.955385 -1.061539 1.415385
v -0.884615 1.592308 1.238462
v -0.530769 1.592308 1.238462
v -1.008461 -1.507317 1.415385
v -1.114615 -1.507317 1.415385
v -0.530769 -1.592308 1.238461
v -1.167692 -1.415385 1.415385
v -1.061538 -1.309231 1.415385
v -0.955385 -1.415385 1.415385
v -1.323453 0.654615 1.415385
v -1.415385 0.601538 1.415385
v -0.176923 -1.238462 1.238462
v 0.176923 -1.238462 1.238462
v -1.507317 0.654615 1.415385
v -0.176923 1.238462 1.238462
v -1.507317 0.760769 1.415385
v -1.415385 0.813846 1.415385
v -1.309231 0.707692 1.415385
v -1.323453 0.300769 1.415385
v -1.415385 0.247692 1.415385
v 0.530769 -1.592308 1.238461
v -1.507317 0.300769 1.415385
v -1.507317 0.406923 1.415385
v 0.176923 1.238462 1.238462
v -1.415385 0.460000 1.415385
v -1.323453 0.406923 1.415385
v -1.309231 0.353846 1.415385
v -1.323453 -0.053077 1.415385
v 0.884615 -1.238462 1.415385
v -1.415385 -0.106154 1.415385
v -1.507317 -0.053077 1.415385
v -1.507317 0.053077 1.415385
v -1.415385 0.106154 1.415385
v 0.530769 1.592308 1.238462
v -1.323453 0.053077 1.415385
v 0.884615 1.238461 1.415385
v -1.309231 -0.000000 1.415385
v -1.323453 -0.406923 1.415385
v 0.884615 -1.592308 1.238461
v -1.415385 -0.460000 1.415385
v -1.507317 -0.406923 1.415385
v -1.507317 -0.300769 1.415385
v -1.415385 -0.247692 1.415385
v -1.323453 -0.300769 1.415385
v -1.309231 -0.353846 1.415385
v -1.415385 -0.813846 1.415385
v -1.507317 -0.760769 1.415385
v 0.884615 1.592308 1.238462
v -1.507317 -0.654615 1.415385
v 1.592308 -0.884615 1.238462
v -1.415385 -0.601539 1.415385
v 1.238462 -0.884615 1.415385
v -1.323453 -0.654615 1.415385
v -1.309231 -0.707692 1.415385
v 1.592308 -0.530769 1.238462
v -1.415385 -1.167692 1.415385
v 1.238462 -0.176923 1.238462
v -1.507317 -1.114616 1.415385
v 1.238462 0.176923 1.238462
v -1.507317 -1.008462 1.415385
v -1.415385 -0.955385 1.415385
v -1.309231 -1.061539 1.415385
v 1.592308 0.530769 1.238462
v 1.592308 0.884615 1.238462
v -1.677299 -0.053077 1.415385
v -1.769231 -0.106154 1.415385
v -1.861163 -0.053077 1.415385
v 1.238462 0.884615 1.415385
v -1.861163 0.053077 1.415385
v -1.769231 0.106154 1.415385
v -1.677299 0.053077 1.415385
v -0.247692 -1.415385 1.415385
v -0.300769 -1.323453 1.415385
v -0.353846 -1.309231 1.415385
v -0.406923 -1.323453 1.415385
v -0.460000 -1.415385 1.415385
v -0.406923 -1.507317 1.415385
v -0.300769 -1.507317 1.415385
v -0.247692 1.415385 1.415385
v -0.300769 1.507316 1.415385
v -0.406923 1.507316 1.415385
v -0.460000 1.415385 1.415385
v -0.406923 1.323453 1.415385
v -0.353846 1.309231 1.415385
v -0.300769 1.323453 1.415385
v 0.106154 -1.769231 1.415385
v 0.053077 -1.677299 1.415385
v -0.053077 -1.677299 1.415385
v -0.106154 -1.769231 1.415385
v -0.053077 -1.861163 1.415385
v 0.053077 -1.861163 1.415385
v 0.106154 -1.415385 1.415385
v 0.053077 -1.323453 1.415385
v 0.000000 -1.309231 1.415385
v -0.053077 -1.323453 1.415385
v -0.106154 -1.415385 1.415385
v -0.053077 -1.507317 1.415385
v 0.053077 -1.507317 1.415385
v 0.106154 1.415385 1.415385
v 0.053077 1.507316 1.415385
v -0.053077 1.507316 1.415385
v -0.106154 1.415385 1.415385
v -0.053077 1.323453 1.415385
v -0.000000 1.309231 1.415385
v 0.053077 1.323453 1.415385
v 0.106154 1.769231 1.415385
v 0.053077 1.861163 1.415385
v -0.053077 1.861163 1.415385
v -0.106154 1.769231 1.415385
v -0.053077 1.677299 1.415385
v 0.053077 1.677299 1.415385
v 0.460000 -1.415385 1.415385
v 0.406923 -1.323453 1.415385
v 0.353846 -1.309231 1.415385
v 0.300769 -1.323453 1.415385
v 0.247692 -1.415385 1.415385
v 0.300769 -1.507317 1.415385
v 0.406923 -1.507317 1.415385
v 0.460000 1.415385 1.415385
v 0.406923 1.507316 1.415385
v 0.300769 1.507316 1.415385
v 0.247692 1.415385 1.415385
v 0.300769 1.323453 1.415385
v 0.353846 1.309231 1.415385
v 0.406923 1.323453 1.415385
v 0.813846 -1.415385 1.415385
v 0.707692 -1.309231 1.415385
v 0.654615 -1.323453 1.415385
v 0.601538 -1.415385 1.415385
v 0.654615 -1.507317 1.415385
v 0.760769 -1.507317 1.415385
v 0.813846 -1.061539 1.415385
v 0.707692 -0.955385 1.415385
v 0.654615 -0.969607 1.415385
v 0.601538 -1.061539 1.415385
v 0.654615 -1.153471 1.415385
v 0.707692 -1.167692 1.415385
v 1.167692 -1.415385 1.415385
v 1.061538 -1.309231 1.415385
v 0.955385 -1.415385 1.415385
v 1.008461 -1.507317 1.415385
v 1.114615 -1.507317 1.415385
v 1.167692 -1.061539 1.415385
v 1.061538 -0.955385 1.415385
v 0.955385 -1.061539 1.415385
v 1.061538 -1.167692 1.415385
v 1.167692 -0.707692 1.415385
v 1.153470 -0.654615 1.415385
v 1.061538 -0.601539 1.415385
v 0.969607 -0.654615 1.415385
v 0.955385 -0.707692 1.415385
v 1.061538 -0.813846 1.415385
v 1.167692 0.707692 1.415385
v 1.061538 0.813846 1.415385
v 0.955385 0.707692 1.415385
v 0.969607 0.654615 1.415385
v 1.061538 0.601538 1.415385
v 1.153470 0.654615 1.415385
v 1.507317 -1.008462 1.415385
v 1.415385 -0.955385 1.415385
v 1.309231 -1.061539 1.415385
v 1.415385 -1.167692 1.415385
v 1.507317 -1.114616 1.415385
v 1.507317 -0.654615 1.415385
v 1.415385 -0.601539 1.415385
v 1.323453 -0.654615 1.415385
v 1.309231 -0.707692 1.415385
v 1.415385 -0.813846 1.415385
v 1.507317 -0.760769 1.415385
v 1.507317 -0.300769 1.415385
v 1.415385 -0.247692 1.415385
v 1.323453 -0.300769 1.415385
v 1.309231 -0.353846 1.415385
v 1.323453 -0.406923 1.415385
v 1.415385 -0.460000 1.415385
v 1.507317 -0.406923 1.415385
v 1.507317 0.053077 1.415385
v 1.415385 0.106154 1.415385
v 1.323453 0.053077 1.415385
v 1.309231 -0.000000 1.415385
v 1.323453 -0.053077 1.415385
v 1.415385 -0.106154 1.415385
v 1.507317 -0.053077 1.415385
v 1.507317 0.406923 1.415385
v 1.415385 0.460000 1.415385
v 1.323453 0.406923 1.415385
v 1.309231 0.353846 1.415385
v 1.323453 0.300769 1.415385
v 1.415385 0.247692 1.415385
v 1.507317 0.300769 1.415385
v 1.507317 0.760769 1.415385
v 1.415385 0.813846 1.415385
v 1.309231 0.707692 1.415385
v 1.323453 0.654615 1.415385
v 1.415385 0.601538 1.415385
v 1.507317 0.654615 1.415385
v 1.861163 0.053077 1.415385
v 1.769231 0.106154 1.415385
v 1.677299 0.053077 1.415385
v 1.677299 -0.053077 1.415385
v 1.769231 -0.106154 1.415385
v 1.861163 -0.053077 1.415385
v -0.611181 -1.097526 1.461385
v -0.631623 -1.105457 1.479077
v -0.628271 -1.127126 1.461385
v -0.611181 -1.097526 1.415385
v -0.628271 -1.127126 1.415385
v -1.946154 0.159231 1.238462
v -1.928462 0.176923 1.238462
v -0.663774 -1.137608 1.479077
v -0.654615 -1.153471 1.461385
v -0.707692 -1.149376 1.479077
v -0.707692 -1.167692 1.461385
v -1.574615 0.159231 1.415385
v -1.592308 0.194615 1.397692
v -1.610000 0.176923 1.397692
v -1.592308 -0.194615 1.238462
v -1.610000 -0.176923 1.238462
v -0.743680 -1.158050 1.461385
v -0.751611 -1.137608 1.479077
v -0.773280 -1.140960 1.461385
v -1.928462 -0.176923 1.397692
v -1.928462 -0.159231 1.415385
v -1.946154 -0.159231 1.397692
v -1.928462 -0.176923 1.238462
v -1.946154 -0.159231 1.238462
v -0.743680 -1.158050 1.415385
v -0.773280 -1.140960 1.415385
v -0.787114 -1.127126 1.461385
v -0.783762 -1.105457 1.479077
v -0.804203 -1.097526 1.461385
v -0.787114 -1.127126 1.415385
v -0.804203 -1.097526 1.415385
v -1.928462 0.159231 1.415385
v -1.928462 0.176923 1.397692
v -1.946154 0.159231 1.397692
v -1.574615 -1.238462 1.397692
v -1.574615 -1.220769 1.415385
v -1.592308 -1.220769 1.397692
v -1.574615 -0.884615 1.415385
v -1.592308 -0.884615 1.397692
v -0.795530 -1.061539 1.479077
v -0.813846 -1.061539 1.461385
v -1.574615 -1.238462 1.238462
v -1.592308 -1.220769 1.238462
v -1.238462 -1.256154 1.238462
v -1.256154 -1.238462 1.238462
v -1.238462 -1.256154 1.397692
v -1.220769 -1.220769 1.415385
v -1.256154 -1.238462 1.397692
v -0.804203 -1.025551 1.461385
v -0.783762 -1.017620 1.479077
v -0.787114 -0.995951 1.461385
v -0.804203 -1.025551 1.415385
v -0.787114 -0.995951 1.415385
v -0.773280 -0.982117 1.461385
v -0.751611 -0.985469 1.479077
v -0.743680 -0.965028 1.461385
v -0.773280 -0.982117 1.415385
v -0.743680 -0.965028 1.415385
v -0.707692 -0.973701 1.479077
v -0.707692 -0.955385 1.461385
v -0.663774 -0.985469 1.479077
v -0.654615 -0.969607 1.461385
v -0.628271 -0.995951 1.461385
v -0.631623 -1.017620 1.479077
v -0.611181 -1.025551 1.461385
v -0.628271 -0.995951 1.415385
v -0.611181 -1.025551 1.415385
v -1.220769 -0.530769 1.397692
v -1.238462 -0.513077 1.397692
v -1.256154 -0.548462 1.415385
v -0.619855 -1.061539 1.479077
v -0.601538 -1.061539 1.461385
v -1.238462 -0.176923 1.397692
v -1.256154 -0.176923 1.415385
v -0.611181 -1.451372 1.461384
v -0.631623 -1.459303 1.479077
v -0.628271 -1.480972 1.461384
v -0.611181 -1.451372 1.415385
v -0.628271 -1.480972 1.415385
v -1.592308 -0.194615 1.397692
v -1.574615 -0.159231 1.415385
v -1.610000 -0.176923 1.397692
v -0.663774 -1.491454 1.479077
v -0.654615 -1.507317 1.461384
v -1.574615 -0.530769 1.415385
v -1.592308 -0.530769 1.397692
v -0.690603 -1.516960 1.461384
v -0.707692 -1.503222 1.479077
v -0.724782 -1.516960 1.461384
v -0.690603 -1.516960 1.415385
v -0.724782 -1.516960 1.415385
v -0.751611 -1.491454 1.479077
v -0.760769 -1.507317 1.461384
v -0.783762 -1.459303 1.479077
v -0.804203 -1.451372 1.461384
v -0.787114 -1.480972 1.461384
v -0.787114 -1.480972 1.415385
v -0.804203 -1.451372 1.415385
v -0.795530 -1.415385 1.479077
v -0.813846 -1.415385 1.461384
v -0.804203 -1.379397 1.461384
v -0.783762 -1.371466 1.479077
v -0.787114 -1.349797 1.461385
v -0.804203 -1.379397 1.415385
v -0.787114 -1.349797 1.415385
v -1.220769 0.530769 1.238462
v -1.238462 0.513077 1.238462
v -0.773280 -1.335963 1.461385
v -0.751611 -1.339315 1.479077
v -0.743680 -1.318874 1.461385
v -0.773280 -1.335963 1.415385
v -0.743680 -1.318874 1.415385
v -0.707692 -1.327547 1.479077
v -0.707692 -1.309231 1.461385
v -1.610000 0.176923 1.238462
v -1.592308 0.194615 1.238462
v -0.663774 -1.339315 1.479077
v -0.654615 -1.323453 1.461385
v -1.256154 0.176923 1.415385
v -1.238462 0.176923 1.397692
v -1.238462 0.513077 1.397692
v -1.220769 0.530769 1.397692
v -1.256154 0.548461 1.415385
v -1.574615 0.530769 1.415385
v -1.592308 0.530769 1.397692
v -0.628271 -1.349797 1.461385
v -0.631623 -1.371466 1.479077
v -0.611181 -1.379397 1.461384
v -0.628271 -1.349797 1.415385
v -0.611181 -1.379397 1.415385
v -0.619855 -1.415385 1.479077
v -0.601538 -1.415385 1.461384
v -0.985469 0.663774 1.479077
v -0.969607 0.654615 1.461385
v -0.995951 0.628271 1.461385
v -1.017620 0.631623 1.479077
v -1.025551 0.611181 1.461385
v -1.574615 0.884615 1.415385
v -1.592308 0.884615 1.397692
v -0.995951 0.628271 1.415385
v -1.025551 0.611181 1.415385
v -1.061538 0.619855 1.479077
v -1.061538 0.601538 1.461385
v -1.592308 1.220769 1.238462
v -1.574615 1.238462 1.238462
v -1.592308 1.220769 1.397692
v -1.574615 1.220769 1.415385
v -1.574615 1.238461 1.397692
v -1.220769 1.220769 1.415385
v -1.238462 1.256154 1.397692
v -1.256154 1.238461 1.397692
v -1.097526 0.611181 1.461385
v -1.105457 0.631623 1.479077
v -1.127126 0.628271 1.461385
v -1.097526 0.611181 1.415385
v -1.127126 0.628271 1.415385
v -1.137608 0.663774 1.479077
v -1.153470 0.654615 1.461385
v -1.220769 -1.592308 1.397692
v -1.220769 -1.574615 1.415385
v -1.238462 -1.574615 1.397692
v -1.149376 0.707692 1.479077
v -1.167692 0.707692 1.461385
v -1.158049 0.743680 1.461385
v -1.137608 0.751611 1.479077
v -1.140960 0.773280 1.461385
v -0.884615 -1.592308 1.397692
v -0.884615 -1.574615 1.415385
v -1.158049 0.743680 1.415385
v -1.140960 0.773280 1.415385
v -1.220769 -1.592308 1.238461
v -1.238462 -1.574615 1.238461
v -1.127126 0.787114 1.461385
v -1.105457 0.783762 1.479077
v -1.097526 0.804203 1.461385
v -1.127126 0.787114 1.415385
v -1.097526 0.804203 1.415385
v -1.061538 0.795530 1.479077
v -1.061538 0.813846 1.461385
v -1.025551 0.804203 1.461385
v -1.017620 0.783762 1.479077
v -0.995951 0.787114 1.461385
v -1.025551 0.804203 1.415385
v -0.995951 0.787114 1.415385
v -0.982117 0.773280 1.461385
v -0.985469 0.751611 1.479077
v -0.965028 0.743680 1.461385
v -0.884615 -0.866923 1.238462
v -0.866923 -0.884615 1.238462
v -0.982117 0.773280 1.415385
v -0.965028 0.743680 1.415385
v -0.955385 0.707692 1.461385
v -0.973701 0.707692 1.479077
v -1.238462 -0.513077 1.238462
v -1.220769 -0.530769 1.238462
v -0.965028 -0.743680 1.461385
v -0.985469 -0.751611 1.479077
v -0.982117 -0.773280 1.461385
v -0.965028 -0.743680 1.415385
v -0.982117 -0.773280 1.415385
v -0.902308 -0.530769 1.238462
v -0.884615 -0.548462 1.238462
v -0.995951 -0.787114 1.461385
v -1.017620 -0.783762 1.479077
v -1.025551 -0.804203 1.461385
v -0.902308 -0.530769 1.397692
v -0.902308 -0.548462 1.415385
v -0.884615 -0.548462 1.397692
v -0.995951 -0.787114 1.415385
v -1.025551 -0.804203 1.415385
v -1.061538 -0.795530 1.479077
v -1.061538 -0.813846 1.461385
v -0.866923 0.884615 1.397692
v -0.902308 0.902308 1.415385
v -0.884615 0.866923 1.397692
v -1.097526 -0.804203 1.461385
v -1.105457 -0.783762 1.479077
v -1.127126 -0.787114 1.461385
v -0.884615 0.548461 1.238462
v -0.902308 0.530769 1.238462
v -1.097526 -0.804203 1.415385
v -1.127126 -0.787114 1.415385
v -1.140960 -0.773280 1.461385
v -1.137608 -0.751611 1.479077
v -1.158049 -0.743680 1.461385
v -1.140960 -0.773280 1.415385
v -1.158049 -0.743680 1.415385
v -1.149376 -0.707692 1.479077
v -1.167692 -0.707692 1.461385
v -0.902308 0.530769 1.397692
v -0.884615 0.548461 1.397692
v -0.902308 0.548461 1.415385
v -1.137608 -0.663774 1.479077
v -1.153470 -0.654615 1.461385
v -1.127126 -0.628271 1.461385
v -1.105457 -0.631623 1.479077
v -1.097526 -0.611181 1.461385
v -1.127126 -0.628271 1.415385
v -1.097526 -0.611181 1.415385
v -1.061538 -0.619855 1.479077
v -1.061538 -0.601539 1.461385
v -1.220769 1.592308 1.397692
v -1.238462 1.574615 1.397692
v -1.220769 1.574615 1.415385
v -1.238462 1.574615 1.238462
v -1.220769 1.592308 1.238462
v -1.256154 1.238462 1.238462
v -1.238462 1.256154 1.238462
v -1.025551 -0.611181 1.461385
v -1.017620 -0.631623 1.479077
v -0.995951 -0.628271 1.461385
v -1.025551 -0.611181 1.415385
v -0.995951 -0.628271 1.415385
v -0.985469 -0.663774 1.479077
v -0.969607 -0.654615 1.461385
v -0.955385 -0.707692 1.461385
v -0.973701 -0.707692 1.479077
v -0.965028 -1.097526 1.461385
v -0.985469 -1.105457 1.479077
v -0.982117 -1.127126 1.461385
v -0.965028 -1.097526 1.415385
v -0.982117 -1.127126 1.415385
v -0.530769 -1.592308 1.397692
v -0.530769 -1.574615 1.415385
v -0.995951 -1.140960 1.461385
v -1.017620 -1.137608 1.479077
v -1.025551 -1.158050 1.461385
v -0.995951 -1.140960 1.415385
v -1.025551 -1.158050 1.415385
v -1.061538 -1.149376 1.479077
v -1.061538 -1.167692 1.461385
v -1.097526 -1.158050 1.461385
v -1.105457 -1.137608 1.479077
v -1.127126 -1.140960 1.461385
v -1.097526 -1.158050 1.415385
v -1.127126 -1.140960 1.415385
v -1.140960 -1.127126 1.461385
v -1.137608 -1.105457 1.479077
v -1.158049 -1.097526 1.461385
v -1.140960 -1.127126 1.415385
v -1.158049 -1.097526 1.415385
v -1.149376 -1.061539 1.479077
v -1.167692 -1.061539 1.461385
v -1.158049 -1.025551 1.461385
v -1.137608 -1.017620 1.479077
v -1.140960 -0.995951 1.461385
v -1.158049 -1.025551 1.415385
v -1.140960 -0.995951 1.415385
v -0.548462 -0.884615 1.238462
v -0.530769 -0.902308 1.238462
v -1.127126 -0.982117 1.461385
v -1.105457 -0.985469 1.479077
v -1.097526 -0.965028 1.461385
v -0.530769 -1.220769 1.397692
v -0.548462 -1.256154 1.415385
v -0.513077 -1.238462 1.397692
v -0.530769 -0.902308 1.397692
v -0.548462 -0.884615 1.397692
v -0.548462 -0.902308 1.415385
v -0.866923 -0.884615 1.397692
v -0.884615 -0.866923 1.397692
v -0.902308 -0.902308 1.415385
v -0.530769 0.902308 1.238462
v -0.548462 0.884615 1.238462
v -1.127126 -0.982117 1.415385
v -1.097526 -0.965028 1.415385
v -1.061538 -0.973701 1.479077
v -1.061538 -0.955385 1.461385
v -1.025551 -0.965028 1.461385
v -1.017620 -0.985469 1.479077
v -0.995951 -0.982117 1.461385
v -1.025551 -0.965028 1.415385
v -0.995951 -0.982117 1.415385
v -0.982117 -0.995951 1.461385
v -0.985469 -1.017620 1.479077
v -0.965028 -1.025551 1.461385
v -0.866923 0.884615 1.238462
v -0.884615 0.866923 1.238462
v -0.982117 -0.995951 1.415385
v -0.965028 -1.025551 1.415385
v -0.548462 0.884615 1.397692
v -0.530769 0.902308 1.397692
v -0.548462 0.902308 1.415385
v -0.955385 -1.061539 1.461385
v -0.973701 -1.061539 1.479077
v -0.965028 -1.451372 1.461384
v -0.985469 -1.459303 1.479077
v -0.982117 -1.480972 1.461384
v -0.965028 -1.451372 1.415385
v -0.982117 -1.480972 1.415385
v -1.017620 -1.491454 1.479077
v -1.008461 -1.507317 1.461384
v -1.044449 -1.516960 1.461384
v -1.061538 -1.503222 1.479077
v -1.078628 -1.516960 1.461384
v -0.884615 1.574615 1.415385
v -0.884615 1.592308 1.397692
v -0.530769 -1.220769 1.238462
v -0.513077 -1.238462 1.238462
v -1.044449 -1.516960 1.415385
v -1.078628 -1.516960 1.415385
v -1.105457 -1.491454 1.479077
v -1.114615 -1.507317 1.461384
v -0.176923 -1.610000 1.238461
v -0.194615 -1.592308 1.238461
v -1.140960 -1.480972 1.461384
v -1.137608 -1.459303 1.479077
v -1.158049 -1.451372 1.461384
v -1.140960 -1.480972 1.415385
v -1.158049 -1.451372 1.415385
v -1.149376 -1.415385 1.479077
v -1.167692 -1.415385 1.461384
v -1.158049 -1.379397 1.461384
v -1.137608 -1.371466 1.479077
v -1.140960 -1.349797 1.461385
v -1.158049 -1.379397 1.415385
v -1.140960 -1.349797 1.415385
v -1.127126 -1.335963 1.461385
v -1.105457 -1.339315 1.479077
v -1.097526 -1.318874 1.461385
v -0.530769 1.574615 1.415385
v -0.530769 1.592308 1.397692
v -1.127126 -1.335963 1.415385
v -1.097526 -1.318874 1.415385
v -0.194615 1.592308 1.238462
v -0.176923 1.610000 1.238462
v -1.061538 -1.327547 1.479077
v -1.061538 -1.309231 1.461385
v -0.176923 1.238461 1.397692
v -0.176923 1.256154 1.415385
v -0.513077 1.238462 1.238462
v -0.530769 1.220769 1.238462
v -0.513077 1.238461 1.397692
v -0.548462 1.256154 1.415385
v -0.530769 1.220769 1.397692
v -1.025551 -1.318874 1.461385
v -1.017620 -1.339315 1.479077
v -0.995951 -1.335963 1.461385
v -1.025551 -1.318874 1.415385
v -0.995951 -1.335963 1.415385
v -0.982117 -1.349797 1.461385
v -0.985469 -1.371466 1.479077
v -0.965028 -1.379397 1.461384
v 0.176923 -1.928462 1.238461
v 0.159231 -1.946154 1.238461
v 0.194615 -1.592308 1.238461
v 0.176923 -1.610000 1.238461
v -0.982117 -1.349797 1.415385
v -0.965028 -1.379397 1.415385
v -0.955385 -1.415385 1.461384
v -0.973701 -1.415385 1.479077
v -1.339315 0.663774 1.479077
v -1.323453 0.654615 1.461385
v -0.159231 -1.946154 1.238461
v -0.176923 -1.928462 1.238461
v -1.349797 0.628271 1.461385
v -1.371466 0.631623 1.479077
v -1.379397 0.611181 1.461385
v -1.349797 0.628271 1.415385
v -1.379397 0.611181 1.415385
v -0.159231 -1.946154 1.397692
v -0.159231 -1.928462 1.415385
v -0.176923 -1.928462 1.397692
v -1.415385 0.619855 1.479077
v -1.415385 0.601538 1.461385
v 0.159231 -1.928462 1.415385
v 0.159231 -1.946154 1.397692
v 0.176923 -1.928462 1.397692
v 0.176923 -1.610000 1.397692
v 0.194615 -1.592308 1.397692
v 0.159231 -1.574615 1.415385
v -1.451372 0.611181 1.461385
v -1.459303 0.631623 1.479077
v -1.480972 0.628271 1.461385
v -0.176923 -1.238462 1.397692
v -0.176923 -1.256154 1.415385
v 0.176923 -1.256154 1.415385
v 0.176923 -1.238462 1.397692
v -0.176923 -1.610000 1.397692
v -0.159231 -1.574615 1.415385
v -0.194615 -1.592308 1.397692
v -1.451372 0.611181 1.415385
v -1.480972 0.628271 1.415385
v -1.491454 0.663774 1.479077
v -1.507317 0.654615 1.461385
v -1.516959 0.690603 1.461385
v -1.503222 0.707692 1.479077
v -1.516959 0.724782 1.461385
v -1.516959 0.690603 1.415385
v -1.516959 0.724782 1.415385
v -1.491454 0.751611 1.479077
v -1.507317 0.760769 1.461385
v 0.176923 1.238461 1.397692
v 0.176923 1.256154 1.415385
v -1.480972 0.787114 1.461385
v -1.459303 0.783762 1.479077
v -1.451372 0.804203 1.461385
v -0.159231 1.574615 1.415385
v -0.176923 1.610000 1.397692
v -0.194615 1.592308 1.397692
v -1.480972 0.787114 1.415385
v -1.451372 0.804203 1.415385
v -1.415385 0.795530 1.479077
v -1.415385 0.813846 1.461385
v -1.379397 0.804203 1.461385
v -1.371466 0.783762 1.479077
v -1.349797 0.787114 1.461385
v -1.379397 0.804203 1.415385
v -1.349797 0.787114 1.415385
v -0.159231 1.928461 1.415385
v -0.159231 1.946154 1.397692
v -0.176923 1.928461 1.397692
v -1.335963 0.773280 1.461385
v -1.339315 0.751611 1.479077
v -1.318874 0.743680 1.461385
v -1.335963 0.773280 1.415385
v -1.318874 0.743680 1.415385
v -0.176923 1.928462 1.238462
v -0.159231 1.946154 1.238462
v -1.309231 0.707692 1.461385
v -1.327547 0.707692 1.479077
v 0.159231 1.946154 1.397692
v 0.159231 1.928461 1.415385
v 0.176923 1.928461 1.397692
v 0.159231 1.946154 1.238462
v 0.176923 1.928462 1.238462
v -1.339315 0.309927 1.479077
v -1.323453 0.300769 1.461385
v -1.349797 0.274425 1.461385
v -1.371466 0.277777 1.479077
v -1.379397 0.257335 1.461385
v -1.349797 0.274425 1.415385
v -1.379397 0.257335 1.415385
v -1.415385 0.266009 1.479077
v -1.415385 0.247692 1.461385
v -1.451372 0.257335 1.461385
v -1.459303 0.277777 1.479077
v -1.480972 0.274424 1.461385
v -1.451372 0.257335 1.415385
v -1.480972 0.274425 1.415385
v -1.491454 0.309927 1.479077
v -1.507317 0.300769 1.461385
v -1.516959 0.336757 1.461385
v -1.503222 0.353846 1.479077
v -1.516959 0.370936 1.461385
v 0.530769 -1.592308 1.397692
v 0.530769 -1.574615 1.415385
v -1.516959 0.336757 1.415385
v -1.516959 0.370936 1.415385
v -1.491454 0.397765 1.479077
v -1.507317 0.406923 1.461385
v 0.176923 1.610000 1.238462
v 0.194615 1.592308 1.238462
v 0.530769 1.574615 1.415385
v 0.530769 1.592308 1.397692
v -1.480972 0.433268 1.461385
v -1.459303 0.429916 1.479077
v -1.451372 0.450357 1.461385
v -1.480972 0.433268 1.415385
v -1.451372 0.450357 1.415385
v 0.530769 1.220769 1.397692
v 0.548462 1.256154 1.415385
v 0.513077 1.238461 1.397692
v -1.415385 0.441684 1.479077
v -1.415385 0.460000 1.461385
v -1.379397 0.450357 1.461385
v -1.371466 0.429916 1.479077
v -1.349797 0.433268 1.461385
v -1.379397 0.450357 1.415385
v -1.349797 0.433268 1.415385
v 0.194615 1.592308 1.397692
v 0.176923 1.610000 1.397692
v 0.159231 1.574615 1.415385
v -1.339315 0.397765 1.479077
v -1.323453 0.406923 1.461385
v -1.309231 0.353846 1.461385
v -1.327547 0.353846 1.479077
v -1.339315 -0.043919 1.479077
v -1.323453 -0.053077 1.461385
v 0.548462 -1.256154 1.415385
v 0.530769 -1.220769 1.397692
v 0.513077 -1.238462 1.397692
v -1.349797 -0.079422 1.461385
v -1.371466 -0.076070 1.479077
v -1.379397 -0.096511 1.461385
v -1.349797 -0.079422 1.415385
v -1.379397 -0.096511 1.415385
v 0.530769 -0.902308 1.238462
v 0.548462 -0.884615 1.238462
v 0.513077 -1.238462 1.238462
v 0.530769 -1.220769 1.238462
v -1.415385 -0.087837 1.479077
v -1.415385 -0.106154 1.461385
v 0.548462 -0.902308 1.415385
v 0.548462 -0.884615 1.397692
v 0.530769 -0.902308 1.397692
v 0.866923 -0.884615 1.238462
v 0.884615 -0.866923 1.238462
v -1.451372 -0.096511 1.461385
v -1.459303 -0.076070 1.479077
v -1.480972 -0.079422 1.461385
v -1.451372 -0.096511 1.415385
v -1.480972 -0.079422 1.415385
v -1.491454 -0.043919 1.479077
v -1.507317 -0.053077 1.461385
v 0.548462 0.884615 1.397692
v 0.548462 0.902308 1.415385
v 0.530769 0.902308 1.397692
v -1.516959 -0.017090 1.461385
v -1.503222 -0.000000 1.479077
v -1.516959 0.017089 1.461385
v 0.530769 1.220769 1.238462
v 0.513077 1.238462 1.238462
v -1.516959 -0.017090 1.415385
v -1.516959 0.017089 1.415385
v 0.884615 0.866923 1.238462
v 0.866923 0.884615 1.238462
v -1.491454 0.043919 1.479077
v -1.507317 0.053077 1.461385
v 0.548462 0.884615 1.238462
v 0.530769 0.902308 1.238462
v -1.480972 0.079422 1.461385
v -1.459303 0.076069 1.479077
v -1.451372 0.096511 1.461385
v -1.480972 0.079422 1.415385
v -1.451372 0.096511 1.415385
v -1.415385 0.087837 1.479077
v -1.415385 0.106154 1.461385
v -1.379397 0.096511 1.461385
v -1.371466 0.076069 1.479077
v -1.349797 0.079422 1.461385
v -1.379397 0.096511 1.415385
v -1.349797 0.079422 1.415385
v -1.339315 0.043919 1.479077
v -1.323453 0.053077 1.461385
v -1.309231 -0.000000 1.461385
v -1.327547 -0.000000 1.479077
v 1.238462 -1.574615 1.238461
v 1.220769 -1.592308 1.238461
v -1.339315 -0.397765 1.479077
v -1.323453 -0.406923 1.461385
v -1.349797 -0.433268 1.461385
v -1.371466 -0.429916 1.479077
v -1.379397 -0.450357 1.461385
v -1.349797 -0.433268 1.415385
v -1.379397 -0.450357 1.415385
v 1.220769 -1.592308 1.397692
v 1.238462 -1.574615 1.397692
v 1.220769 -1.574615 1.415385
v -1.415385 -0.441684 1.479077
v -1.415385 -0.460000 1.461385
v 0.884615 -1.592308 1.397692
v 0.884615 -1.574615 1.415385
v -1.451372 -0.450357 1.461385
v -1.459303 -0.429916 1.479077
v -1.480972 -0.433268 1.461385
v -1.451372 -0.450357 1.415385
v -1.480972 -0.433268 1.415385
v -1.491454 -0.397765 1.479077
v -1.507317 -0.406923 1.461385
v -1.516959 -0.370936 1.461385
v -1.503222 -0.353846 1.479077
v -1.516959 -0.336757 1.461385
v -1.516959 -0.370936 1.415385
v -1.516959 -0.336757 1.415385
v -1.491454 -0.309928 1.479077
v -1.507317 -0.300769 1.461385
v 0.884615 -0.548462 1.238462
v 0.902308 -0.530769 1.238462
v -1.480972 -0.274425 1.461385
v -1.459303 -0.277777 1.479077
v -1.451372 -0.257335 1.461385
v -1.480972 -0.274425 1.415385
v -1.451372 -0.257335 1.415385
v -1.415385 -0.266009 1.479077
v -1.415385 -0.247692 1.461385
v 1.220769 -0.530769 1.238462
v 1.238462 -0.513077 1.238462
v 0.884615 -0.866923 1.397692
v 0.866923 -0.884615 1.397692
v 0.902308 -0.902308 1.415385
v -1.379397 -0.257335 1.461385
v -1.371466 -0.277777 1.479077
v -1.349797 -0.274425 1.461385
v -1.379397 -0.257335 1.415385
v -1.349797 -0.274425 1.415385
v 0.902308 -0.548462 1.415385
v 0.902308 -0.530769 1.397692
v 0.884615 -0.548462 1.397692
v -1.339315 -0.309928 1.479077
v -1.323453 -0.300769 1.461385
v 0.884615 0.866923 1.397692
v 0.902308 0.902308 1.415385
v 0.866923 0.884615 1.397692
v 0.902308 0.530769 1.238462
v 0.884615 0.548461 1.238462
v 1.238462 0.513077 1.238462
v 1.220769 0.530769 1.238462
v -1.309231 -0.353846 1.461385
v -1.327547 -0.353846 1.479077
v 0.902308 0.530769 1.397692
v 0.902308 0.548461 1.415385
v 0.884615 0.548461 1.397692
v -1.318874 -0.743680 1.461385
v -1.339315 -0.751611 1.479077
v -1.335963 -0.773280 1.461385
v -1.318874 -0.743680 1.415385
v -1.335963 -0.773280 1.415385
v -1.349797 -0.787114 1.461385
v -1.371466 -0.783762 1.479077
v -1.379397 -0.804203 1.461385
v -1.349797 -0.787114 1.415385
v -1.379397 -0.804203 1.415385
v -1.415385 -0.795530 1.479077
v -1.415385 -0.813846 1.461385
v -1.451372 -0.804203 1.461385
v -1.459303 -0.783762 1.479077
v -1.480972 -0.787114 1.461385
v -1.451372 -0.804203 1.415385
v -1.480972 -0.787114 1.415385
v -1.491454 -0.751611 1.479077
v -1.507317 -0.760769 1.461385
v -1.516959 -0.724782 1.461385
v -1.503222 -0.707692 1.479077
v -1.516959 -0.690603 1.461385
v 1.256154 1.238461 1.397692
v 1.238462 1.256154 1.397692
v 1.220769 1.220769 1.415385
v -1.516959 -0.724782 1.415385
v -1.516959 -0.690603 1.415385
v -1.491454 -0.663774 1.479077
v -1.507317 -0.654615 1.461385
v 1.220769 1.592308 1.238462
v 1.238462 1.574615 1.238462
v -1.480972 -0.628271 1.461385
v -1.459303 -0.631623 1.479077
v -1.451372 -0.611181 1.461385
v 1.220769 1.574615 1.415385
v 1.238462 1.574615 1.397692
v 1.220769 1.592308 1.397692
v 0.884615 1.592308 1.397692
v 0.884615 1.574615 1.415385
v -1.480972 -0.628271 1.415385
v -1.451372 -0.611181 1.415385
v -1.415385 -0.619855 1.479077
v -1.415385 -0.601539 1.461385
v 1.574615 -1.238462 1.397692
v 1.592308 -1.220769 1.397692
v 1.574615 -1.220769 1.415385
v 1.592308 -1.220769 1.238462
v 1.574615 -1.238462 1.238462
v -1.379397 -0.611181 1.461385
v -1.371466 -0.631623 1.479077
v -1.349797 -0.628271 1.461385
v 1.256154 -1.238462 1.238462
v 1.238462 -1.256154 1.238462
v 1.256154 -1.238462 1.397692
v 1.220769 -1.220769 1.415385
v 1.238462 -1.256154 1.397692
v -1.379397 -0.611181 1.415385
v -1.349797 -0.628271 1.415385
v 1.592308 -0.884615 1.397692
v 1.574615 -0.884615 1.415385
v -1.339315 -0.663774 1.479077
v -1.323453 -0.654615 1.461385
v -1.309231 -0.707692 1.461385
v -1.327547 -0.707692 1.479077
v -1.318874 -1.097526 1.461385
v -1.339315 -1.105457 1.479077
v -1.335963 -1.127126 1.461385
v -1.318874 -1.097526 1.415385
v -1.335963 -1.127126 1.415385
v 1.592308 -0.530769 1.397692
v 1.574615 -0.530769 1.415385
v 1.256154 -0.548462 1.415385
v 1.238462 -0.513077 1.397692
v 1.220769 -0.530769 1.397692
v -1.349797 -1.140960 1.461385
v -1.371466 -1.137608 1.479077
v -1.379397 -1.158050 1.461385
v -1.349797 -1.140960 1.415385
v -1.379397 -1.158050 1.415385
v -1.415385 -1.149376 1.479077
v -1.415385 -1.167692 1.461385
v -1.451372 -1.158050 1.461385
v -1.459303 -1.137608 1.479077
v -1.480972 -1.140960 1.461385
v -1.451372 -1.158050 1.415385
v -1.480972 -1.140960 1.415385
v -1.491454 -1.105457 1.479077
v -1.507317 -1.114616 1.461385
v -1.516959 -1.078628 1.461385
v -1.503222 -1.061539 1.479077
v -1.516959 -1.044449 1.461385
v -1.516959 -1.078628 1.415385
v -1.516959 -1.044449 1.415385
v 1.256154 -0.176923 1.415385
v 1.238462 -0.176923 1.397692
v -1.491454 -1.017620 1.479077
v -1.507317 -1.008462 1.461385
v -1.480972 -0.982117 1.461385
v -1.459303 -0.985469 1.479077
v -1.451372 -0.965028 1.461385
v -1.480972 -0.982117 1.415385
v -1.451372 -0.965028 1.415385
v 1.610000 0.176923 1.397692
v 1.592308 0.194615 1.397692
v 1.574615 0.159231 1.415385
v -1.415385 -0.973701 1.479077
v -1.415385 -0.955385 1.461385
v 1.592308 0.194615 1.238462
v 1.610000 0.176923 1.238462
v 1.592308 0.530769 1.397692
v 1.574615 0.530769 1.415385
v -1.379397 -0.965028 1.461385
v -1.371466 -0.985469 1.479077
v -1.349797 -0.982117 1.461385
v 1.238462 0.176923 1.397692
v 1.256154 0.176923 1.415385
v 1.256154 0.548461 1.415385
v 1.220769 0.530769 1.397692
v 1.238462 0.513077 1.397692
v -1.379397 -0.965028 1.415385
v -1.349797 -0.982117 1.415385
v -1.335963 -0.995951 1.461385
v -1.339315 -1.017620 1.479077
v -1.318874 -1.025551 1.461385
v -1.335963 -0.995951 1.415385
v -1.318874 -1.025551 1.415385
v -1.309231 -1.061539 1.461385
v -1.327547 -1.061539 1.479077
v -1.693161 -0.043919 1.479077
v -1.677299 -0.053077 1.461385
v -1.703644 -0.079422 1.461385
v -1.725312 -0.076070 1.479077
v -1.733243 -0.096511 1.461385
v -1.703644 -0.079422 1.415385
v -1.733243 -0.096511 1.415385
v -1.769231 -0.087837 1.479077
v -1.769231 -0.106154 1.461385
v -1.805218 -0.096511 1.461385
v -1.813149 -0.076070 1.479077
v -1.834818 -0.079422 1.461385
v -1.805218 -0.096511 1.415385
v -1.834818 -0.079422 1.415385
v -1.845300 -0.043919 1.479077
v -1.861163 -0.053077 1.461385
v -1.870806 -0.017090 1.461385
v -1.857068 -0.000000 1.479077
v -1.870806 0.017089 1.461385
v 1.238462 1.256154 1.238462
v 1.256154 1.238462 1.238462
v -1.870806 -0.017090 1.415385
v -1.870806 0.017089 1.415385
v 1.574615 1.238461 1.397692
v 1.574615 1.220769 1.415385
v 1.592308 1.220769 1.397692
v 1.574615 1.238462 1.238462
v 1.592308 1.220769 1.238462
v 1.592308 0.884615 1.397692
v 1.574615 0.884615 1.415385
v -1.845300 0.043919 1.479077
v -1.861163 0.053077 1.461385
v 1.946154 -0.159231 1.238462
v 1.928462 -0.176923 1.238462
v 1.928462 0.176923 1.238462
v 1.946154 0.159231 1.238462
v -1.834818 0.079422 1.461385
v -1.813149 0.076069 1.479077
v -1.805218 0.096511 1.461385
v -1.834818 0.079422 1.415385
v -1.805218 0.096511 1.415385
v -1.769231 0.087837 1.479077
v -1.769231 0.106154 1.461385
v 1.928462 0.176923 1.397692
v 1.928462 0.159231 1.415385
v 1.946154 0.159231 1.397692
v -1.733243 0.096511 1.461385
v -1.725312 0.076069 1.479077
v -1.703644 0.079422 1.461385
v -1.733243 0.096511 1.415385
v -1.703644 0.079422 1.415385
v -1.693161 0.043919 1.479077
v -1.677299 0.053077 1.461385
v 1.610000 -0.176923 1.238462
v 1.592308 -0.194615 1.238462
v 1.574615 -0.159231 1.415385
v 1.592308 -0.194615 1.397692
v 1.610000 -0.176923 1.397692
v 1.928462 -0.159231 1.415385
v 1.928462 -0.176923 1.397692
v 1.946154 -0.159231 1.397692
v -1.667656 -0.017090 1.461385
v -1.667656 0.017089 1.461385
v -1.681393 -0.000000 1.479077
v -1.667656 0.017089 1.415385
v -1.667656 -0.017090 1.415385
v -0.266009 -1.415385 1.479077
v -0.247692 -1.415385 1.461384
v -0.274425 -1.349797 1.415385
v -0.257335 -1.379397 1.415385
v -0.274425 -1.349797 1.461385
v -0.277777 -1.371466 1.479077
v -0.257335 -1.379397 1.461384
v -0.309927 -1.339315 1.479077
v -0.300769 -1.323453 1.461385
v -0.353846 -1.327547 1.479077
v -0.353846 -1.309231 1.461385
v -0.397765 -1.339315 1.479077
v -0.406923 -1.323453 1.461385
v -0.450357 -1.379397 1.415385
v -0.433268 -1.349797 1.415385
v -0.450357 -1.379397 1.461384
v -0.429916 -1.371466 1.479077
v -0.433268 -1.349797 1.461385
v -0.441684 -1.415385 1.479077
v -0.460000 -1.415385 1.461384
v -0.433268 -1.480972 1.415385
v -0.450357 -1.451372 1.415385
v -0.433268 -1.480972 1.461384
v -0.429916 -1.459303 1.479077
v -0.450357 -1.451372 1.461384
v -0.397765 -1.491454 1.479077
v -0.406923 -1.507317 1.461384
v -0.336757 -1.516960 1.415385
v -0.370936 -1.516960 1.415385
v -0.336757 -1.516960 1.461384
v -0.353846 -1.503222 1.479077
v -0.370936 -1.516960 1.461384
v -0.309927 -1.491454 1.479077
v -0.300769 -1.507317 1.461384
v -0.257335 -1.451372 1.415385
v -0.274425 -1.480972 1.415385
v -0.257335 -1.451372 1.461384
v -0.277777 -1.459303 1.479077
v -0.274425 -1.480972 1.461384
v -0.266009 1.415385 1.479077
v -0.247692 1.415385 1.461385
v -0.274425 1.480972 1.415385
v -0.257335 1.451372 1.415385
v -0.274425 1.480972 1.461385
v -0.277777 1.459303 1.479077
v -0.257335 1.451372 1.461385
v -0.309927 1.491454 1.479077
v -0.300769 1.507316 1.461385
v -0.370936 1.516959 1.415385
v -0.336757 1.516959 1.415385
v -0.370936 1.516959 1.461385
v -0.353846 1.503222 1.479077
v -0.336757 1.516959 1.461385
v -0.397765 1.491454 1.479077
v -0.406923 1.507316 1.461385
v -0.450357 1.451372 1.415385
v -0.433268 1.480972 1.415385
v -0.450357 1.451372 1.461385
v -0.429916 1.459303 1.479077
v -0.433268 1.480972 1.461385
v -0.441684 1.415385 1.479077
v -0.460000 1.415385 1.461385
v -0.433268 1.349797 1.415385
v -0.450357 1.379397 1.415385
v -0.433268 1.349797 1.461385
v -0.429916 1.371466 1.479077
v -0.450357 1.379397 1.461385
v -0.397765 1.339315 1.479077
v -0.406923 1.323453 1.461385
v -0.353846 1.327547 1.479077
v -0.353846 1.309231 1.461385
v -0.309927 1.339315 1.479077
v -0.300769 1.323453 1.461385
v -0.257335 1.379397 1.415385
v -0.274425 1.349797 1.415385
v -0.257335 1.379397 1.461385
v -0.277777 1.371466 1.479077
v -0.274425 1.349797 1.461385
v 0.087837 -1.769231 1.479077
v 0.106154 -1.769231 1.461384
v 0.079422 -1.703644 1.415385
v 0.096511 -1.733243 1.415385
v 0.079422 -1.703644 1.461384
v 0.076069 -1.725312 1.479077
v 0.096511 -1.733243 1.461384
v 0.043919 -1.693161 1.479077
v 0.053077 -1.677299 1.461384
v -0.017089 -1.667656 1.415385
v 0.017089 -1.667656 1.415385
v -0.017089 -1.667656 1.461384
v 0.000000 -1.681394 1.479077
v 0.017089 -1.667656 1.461384
v -0.043919 -1.693161 1.479077
v -0.053077 -1.677299 1.461384
v -0.096511 -1.733243 1.415385
v -0.079422 -1.703644 1.415385
v -0.096511 -1.733243 1.461384
v -0.076069 -1.725312 1.479077
v -0.079422 -1.703644 1.461384
v -0.087837 -1.769231 1.479077
v -0.106154 -1.769231 1.461384
v -0.079422 -1.834818 1.415385
v -0.096511 -1.805218 1.415385
v -0.079422 -1.834818 1.461384
v -0.076069 -1.813150 1.479077
v -0.096511 -1.805218 1.461384
v -0.043919 -1.845300 1.479077
v -0.053077 -1.861163 1.461384
v 0.017089 -1.870806 1.415385
v -0.017089 -1.870806 1.415385
v 0.017089 -1.870806 1.461384
v 0.000000 -1.857068 1.479077
v -0.017089 -1.870806 1.461384
v 0.043919 -1.845300 1.479077
v 0.053077 -1.861163 1.461384
v 0.096511 -1.805218 1.415385
v 0.079422 -1.834818 1.415385
v 0.096511 -1.805218 1.461384
v 0.076069 -1.813150 1.479077
v 0.079422 -1.834818 1.461384
v 0.087837 -1.415385 1.479077
v 0.106154 -1.415385 1.461384
v 0.079422 -1.349797 1.415385
v 0.096511 -1.379397 1.415385
v 0.079422 -1.349797 1.461385
v 0.076069 -1.371466 1.479077
v 0.096511 -1.379397 1.461384
v 0.043919 -1.339315 1.479077
v 0.053077 -1.323453 1.461385
v 0.000000 -1.327547 1.479077
v 0.000000 -1.309231 1.461385
v -0.043919 -1.339315 1.479077
v -0.053077 -1.323453 1.461385
v -0.096511 -1.379397 1.415385
v -0.079422 -1.349797 1.415385
v -0.096511 -1.379397 1.461384
v -0.076069 -1.371466 1.479077
v -0.079422 -1.349797 1.461385
v -0.087837 -1.415385 1.479077
v -0.106154 -1.415385 1.461384
v -0.079422 -1.480972 1.415385
v -0.096511 -1.451372 1.415385
v -0.079422 -1.480972 1.461384
v -0.076069 -1.459303 1.479077
v -0.096511 -1.451372 1.461384
v -0.043919 -1.491454 1.479077
v -0.053077 -1.507317 1.461384
v 0.017089 -1.516960 1.415385
v -0.017089 -1.516960 1.415385
v 0.017089 -1.516960 1.461384
v 0.000000 -1.503222 1.479077
v -0.017089 -1.516960 1.461384
v 0.043919 -1.491454 1.479077
v 0.053077 -1.507317 1.461384
v 0.096511 -1.451372 1.415385
v 0.079422 -1.480972 1.415385
v 0.096511 -1.451372 1.461384
v 0.076069 -1.459303 1.479077
v 0.079422 -1.480972 1.461384
v 0.087837 1.415385 1.479077
v 0.106154 1.415385 1.461385
v 0.079422 1.480972 1.415385
v 0.096511 1.451372 1.415385
v 0.079422 1.480972 1.461385
v 0.076069 1.459303 1.479077
v 0.096511 1.451372 1.461385
v 0.043919 1.491454 1.479077
v 0.053077 1.507316 1.461385
v -0.017089 1.516959 1.415385
v 0.017089 1.516959 1.415385
v -0.017089 1.516959 1.461385
v 0.000000 1.503222 1.479077
v 0.017089 1.516959 1.461385
v -0.043919 1.491454 1.479077
v -0.053077 1.507316 1.461385
v -0.096511 1.451372 1.415385
v -0.079422 1.480972 1.415385
v -0.096511 1.451372 1.461385
v -0.076069 1.459303 1.479077
v -0.079422 1.480972 1.461385
v -0.087837 1.415385 1.479077
v -0.106154 1.415385 1.461385
v -0.079422 1.349797 1.415385
v -0.096511 1.379397 1.415385
v -0.079422 1.349797 1.461385
v -0.076069 1.371466 1.479077
v -0.096511 1.379397 1.461385
v -0.043919 1.339315 1.479077
v -0.053077 1.323453 1.461385
v 0.000000 1.327547 1.479077
v -0.000000 1.309231 1.461385
v 0.043919 1.339315 1.479077
v 0.053077 1.323453 1.461385
v 0.096511 1.379397 1.415385
v 0.079422 1.349797 1.415385
v 0.096511 1.379397 1.461385
v 0.076069 1.371466 1.479077
v 0.079422 1.349797 1.461385
v 0.087837 1.769231 1.479077
v 0.106154 1.769231 1.461385
v 0.079422 1.834818 1.415385
v 0.096511 1.805218 1.415385
v 0.079422 1.834818 1.461385
v 0.076069 1.813149 1.479077
v 0.096511 1.805218 1.461385
v 0.043919 1.845300 1.479077
v 0.053077 1.861163 1.461385
v -0.017089 1.870806 1.415385
v 0.017089 1.870806 1.415385
v -0.017089 1.870806 1.461385
v 0.000000 1.857068 1.479077
v 0.017089 1.870806 1.461385
v -0.043919 1.845300 1.479077
v -0.053077 1.861163 1.461385
v -0.096511 1.805218 1.415385
v -0.079422 1.834818 1.415385
v -0.096511 1.805218 1.461385
v -0.076069 1.813149 1.479077
v -0.079422 1.834818 1.461385
v -0.087837 1.769231 1.479077
v -0.106154 1.769231 1.461385
v -0.079422 1.703643 1.415385
v -0.096511 1.733243 1.415385
v -0.079422 1.703643 1.461385
v -0.076069 1.725312 1.479077
v -0.096511 1.733243 1.461385
v -0.043919 1.693161 1.479077
v -0.053077 1.677299 1.461385
v 0.017089 1.667656 1.415385
v -0.017089 1.667656 1.415385
v 0.017089 1.667656 1.461385
v 0.000000 1.681393 1.479077
v -0.017089 1.667656 1.461385
v 0.043919 1.693161 1.479077
v 0.053077 1.677299 1.461385
v 0.096511 1.733243 1.415385
v 0.079422 1.703643 1.415385
v 0.096511 1.733243 1.461385
v 0.076069 1.725312 1.479077
v 0.079422 1.703643 1.461385
v 0.441684 -1.415385 1.479077
v 0.460000 -1.415385 1.461384
v 0.433268 -1.349797 1.415385
v 0.450357 -1.379397 1.415385
v 0.433268 -1.349797 1.461385
v 0.429916 -1.371466 1.479077
v 0.450357 -1.379397 1.461384
v 0.397765 -1.339315 1.479077
v 0.406923 -1.323453 1.461385
v 0.353846 -1.327547 1.479077
v 0.353846 -1.309231 1.461385
v 0.309927 -1.339315 1.479077
v 0.300769 -1.323453 1.461385
v 0.257335 -1.379397 1.415385
v 0.274425 -1.349797 1.415385
v 0.257335 -1.379397 1.461384
v 0.277777 -1.371466 1.479077
v 0.274425 -1.349797 1.461385
v 0.266009 -1.415385 1.479077
v 0.247692 -1.415385 1.461384
v 0.274425 -1.480972 1.415385
v 0.257335 -1.451372 1.415385
v 0.274425 -1.480972 1.461384
v 0.277777 -1.459303 1.479077
v 0.257335 -1.451372 1.461384
v 0.309927 -1.491454 1.479077
v 0.300769 -1.507317 1.461384
v 0.370936 -1.516960 1.415385
v 0.336757 -1.516960 1.415385
v 0.370936 -1.516960 1.461384
v 0.353846 -1.503222 1.479077
v 0.336757 -1.516960 1.461384
v 0.397765 -1.491454 1.479077
v 0.406923 -1.507317 1.461384
v 0.450357 -1.451372 1.415385
v 0.433268 -1.480972 1.415385
v 0.450357 -1.451372 1.461384
v 0.429916 -1.459303 1.479077
v 0.433268 -1.480972 1.461384
v 0.441684 1.415385 1.479077
v 0.460000 1.415385 1.461385
v 0.433268 1.480972 1.415385
v 0.450357 1.451372 1.415385
v 0.433268 1.480972 1.461385
v 0.429916 1.459303 1.479077
v 0.450357 1.451372 1.461385
v 0.397765 1.491454 1.479077
v 0.406923 1.507316 1.461385
v 0.336757 1.516959 1.415385
v 0.370936 1.516959 1.415385
v 0.336757 1.516959 1.461385
v 0.353846 1.503222 1.479077
v 0.370936 1.516959 1.461385
v 0.309927 1.491454 1.479077
v 0.300769 1.507316 1.461385
v 0.257335 1.451372 1.415385
v 0.274425 1.480972 1.415385
v 0.257335 1.451372 1.461385
v 0.277777 1.459303 1.479077
v 0.274425 1.480972 1.461385
v 0.266009 1.415385 1.479077
v 0.247692 1.415385 1.461385
v 0.274425 1.349797 1.415385
v 0.257335 1.379397 1.415385
v 0.274425 1.349797 1.461385
v 0.277777 1.371466 1.479077
v 0.257335 1.379397 1.461385
v 0.309927 1.339315 1.479077
v 0.300769 1.323453 1.461385
v 0.353846 1.327547 1.479077
v 0.353846 1.309231 1.461385
v 0.397765 1.339315 1.479077
v 0.406923 1.323453 1.461385
v 0.450357 1.379397 1.415385
v 0.433268 1.349797 1.415385
v 0.450357 1.379397 1.461385
v 0.429916 1.371466 1.479077
v 0.433268 1.349797 1.461385
v 0.795530 -1.415385 1.479077
v 0.813846 -1.415385 1.461384
v 0.787114 -1.349797 1.415385
v 0.804203 -1.379397 1.415385
v 0.787114 -1.349797 1.461385
v 0.783762 -1.371466 1.479077
v 0.804203 -1.379397 1.461384
v 0.743680 -1.318874 1.415385
v 0.773280 -1.335963 1.415385
v 0.743680 -1.318874 1.461385
v 0.751611 -1.339315 1.479077
v 0.773280 -1.335963 1.461385
v 0.707692 -1.327547 1.479077
v 0.707692 -1.309231 1.461385
v 0.663774 -1.339315 1.479077
v 0.654615 -1.323453 1.461385
v 0.611181 -1.379397 1.415385
v 0.628271 -1.349797 1.415385
v 0.611181 -1.379397 1.461384
v 0.631623 -1.371466 1.479077
v 0.628271 -1.349797 1.461385
v 0.619855 -1.415385 1.479077
v 0.601538 -1.415385 1.461384
v 0.628271 -1.480972 1.415385
v 0.611181 -1.451372 1.415385
v 0.628271 -1.480972 1.461384
v 0.631623 -1.459303 1.479077
v 0.611181 -1.451372 1.461384
v 0.663774 -1.491454 1.479077
v 0.654615 -1.507317 1.461384
v 0.724782 -1.516960 1.415385
v 0.690603 -1.516960 1.415385
v 0.724782 -1.516960 1.461384
v 0.707692 -1.503222 1.479077
v 0.690603 -1.516960 1.461384
v 0.751611 -1.491454 1.479077
v 0.760769 -1.507317 1.461384
v 0.804203 -1.451372 1.415385
v 0.787114 -1.480972 1.415385
v 0.804203 -1.451372 1.461384
v 0.783762 -1.459303 1.479077
v 0.787114 -1.480972 1.461384
v 0.795530 -1.061539 1.479077
v 0.813846 -1.061539 1.461385
v 0.787114 -0.995951 1.415385
v 0.804203 -1.025551 1.415385
v 0.787114 -0.995951 1.461385
v 0.783762 -1.017620 1.479077
v 0.804203 -1.025551 1.461385
v 0.743680 -0.965028 1.415385
v 0.773280 -0.982117 1.415385
v 0.743680 -0.965028 1.461385
v 0.751611 -0.985469 1.479077
v 0.773280 -0.982117 1.461385
v 0.707692 -0.973701 1.479077
v 0.707692 -0.955385 1.461385
v 0.663774 -0.985469 1.479077
v 0.654615 -0.969607 1.461385
v 0.611181 -1.025551 1.415385
v 0.628271 -0.995951 1.415385
v 0.611181 -1.025551 1.461385
v 0.631623 -1.017620 1.479077
v 0.628271 -0.995951 1.461385
v 0.619855 -1.061539 1.479077
v 0.601538 -1.061539 1.461385
v 0.628271 -1.127126 1.415385
v 0.611181 -1.097526 1.415385
v 0.628271 -1.127126 1.461385
v 0.631623 -1.105457 1.479077
v 0.611181 -1.097526 1.461385
v 0.663774 -1.137608 1.479077
v 0.654615 -1.153471 1.461385
v 0.707692 -1.149376 1.479077
v 0.707692 -1.167692 1.461385
v 0.773280 -1.140960 1.415385
v 0.743680 -1.158050 1.415385
v 0.773280 -1.140960 1.461385
v 0.751611 -1.137608 1.479077
v 0.743680 -1.158050 1.461385
v 0.804203 -1.097526 1.415385
v 0.787114 -1.127126 1.415385
v 0.804203 -1.097526 1.461385
v 0.783762 -1.105457 1.479077
v 0.787114 -1.127126 1.461385
v 1.149376 -1.415385 1.479077
v 1.167692 -1.415385 1.461384
v 1.140960 -1.349797 1.415385
v 1.158049 -1.379397 1.415385
v 1.140960 -1.349797 1.461385
v 1.137608 -1.371466 1.479077
v 1.158049 -1.379397 1.461384
v 1.097526 -1.318874 1.415385
v 1.127126 -1.335963 1.415385
v 1.097526 -1.318874 1.461385
v 1.105457 -1.339315 1.479077
v 1.127126 -1.335963 1.461385
v 1.061538 -1.327547 1.479077
v 1.061538 -1.309231 1.461385
v 0.995951 -1.335963 1.415385
v 1.025551 -1.318874 1.415385
v 0.995951 -1.335963 1.461385
v 1.017620 -1.339315 1.479077
v 1.025551 -1.318874 1.461385
v 0.965028 -1.379397 1.415385
v 0.982117 -1.349797 1.415385
v 0.965028 -1.379397 1.461384
v 0.985469 -1.371466 1.479077
v 0.982117 -1.349797 1.461385
v 0.973701 -1.415385 1.479077
v 0.955385 -1.415385 1.461384
v 0.982117 -1.480972 1.415385
v 0.965028 -1.451372 1.415385
v 0.982117 -1.480972 1.461384
v 0.985469 -1.459303 1.479077
v 0.965028 -1.451372 1.461384
v 1.017620 -1.491454 1.479077
v 1.008461 -1.507317 1.461384
v 1.078628 -1.516960 1.415385
v 1.044449 -1.516960 1.415385
v 1.078628 -1.516960 1.461384
v 1.061538 -1.503222 1.479077
v 1.044449 -1.516960 1.461384
v 1.105457 -1.491454 1.479077
v 1.114615 -1.507317 1.461384
v 1.158049 -1.451372 1.415385
v 1.140960 -1.480972 1.415385
v 1.158049 -1.451372 1.461384
v 1.137608 -1.459303 1.479077
v 1.140960 -1.480972 1.461384
v 1.149376 -1.061539 1.479077
v 1.167692 -1.061539 1.461385
v 1.140960 -0.995951 1.415385
v 1.158049 -1.025551 1.415385
v 1.140960 -0.995951 1.461385
v 1.137608 -1.017620 1.479077
v 1.158049 -1.025551 1.461385
v 1.097526 -0.965028 1.415385
v 1.127126 -0.982117 1.415385
v 1.097526 -0.965028 1.461385
v 1.105457 -0.985469 1.479077
v 1.127126 -0.982117 1.461385
v 1.061538 -0.973701 1.479077
v 1.061538 -0.955385 1.461385
v 0.995951 -0.982117 1.415385
v 1.025551 -0.965028 1.415385
v 0.995951 -0.982117 1.461385
v 1.017620 -0.985469 1.479077
v 1.025551 -0.965028 1.461385
v 0.965028 -1.025551 1.415385
v 0.982117 -0.995951 1.415385
v 0.965028 -1.025551 1.461385
v 0.985469 -1.017620 1.479077
v 0.982117 -0.995951 1.461385
v 0.973701 -1.061539 1.479077
v 0.955385 -1.061539 1.461385
v 0.982117 -1.127126 1.415385
v 0.965028 -1.097526 1.415385
v 0.982117 -1.127126 1.461385
v 0.985469 -1.105457 1.479077
v 0.965028 -1.097526 1.461385
v 1.025551 -1.158050 1.415385
v 0.995951 -1.140960 1.415385
v 1.025551 -1.158050 1.461385
v 1.017620 -1.137608 1.479077
v 0.995951 -1.140960 1.461385
v 1.061538 -1.149376 1.479077
v 1.061538 -1.167692 1.461385
v 1.127126 -1.140960 1.415385
v 1.097526 -1.158050 1.415385
v 1.127126 -1.140960 1.461385
v 1.105457 -1.137608 1.479077
v 1.097526 -1.158050 1.461385
v 1.158049 -1.097526 1.415385
v 1.140960 -1.127126 1.415385
v 1.158049 -1.097526 1.461385
v 1.137608 -1.105457 1.479077
v 1.140960 -1.127126 1.461385
v 1.149376 -0.707692 1.479077
v 1.167692 -0.707692 1.461385
v 1.137608 -0.663774 1.479077
v 1.153470 -0.654615 1.461385
v 1.097526 -0.611181 1.415385
v 1.127126 -0.628271 1.415385
v 1.097526 -0.611181 1.461385
v 1.105457 -0.631623 1.479077
v 1.127126 -0.628271 1.461385
v 1.061538 -0.619855 1.479077
v 1.061538 -0.601539 1.461385
v 0.995951 -0.628271 1.415385
v 1.025551 -0.611181 1.415385
v 0.995951 -0.628271 1.461385
v 1.017620 -0.631623 1.479077
v 1.025551 -0.611181 1.461385
v 0.985469 -0.663774 1.479077
v 0.969607 -0.654615 1.461385
v 0.973701 -0.707692 1.479077
v 0.955385 -0.707692 1.461385
v 0.982117 -0.773280 1.415385
v 0.965028 -0.743680 1.415385
v 0.982117 -0.773280 1.461385
v 0.985469 -0.751611 1.479077
v 0.965028 -0.743680 1.461385
v 1.025551 -0.804203 1.415385
v 0.995951 -0.787114 1.415385
v 1.025551 -0.804203 1.461385
v 1.017620 -0.783762 1.479077
v 0.995951 -0.787114 1.461385
v 1.061538 -0.795530 1.479077
v 1.061538 -0.813846 1.461385
v 1.127126 -0.787114 1.415385
v 1.097526 -0.804203 1.415385
v 1.127126 -0.787114 1.461385
v 1.105457 -0.783762 1.479077
v 1.097526 -0.804203 1.461385
v 1.158049 -0.743680 1.415385
v 1.140960 -0.773280 1.415385
v 1.158049 -0.743680 1.461385
v 1.137608 -0.751611 1.479077
v 1.140960 -0.773280 1.461385
v 1.149376 0.707692 1.479077
v 1.167692 0.707692 1.461385
v 1.140960 0.773280 1.415385
v 1.158049 0.743680 1.415385
v 1.140960 0.773280 1.461385
v 1.137608 0.751611 1.479077
v 1.158049 0.743680 1.461385
v 1.097526 0.804203 1.415385
v 1.127126 0.787114 1.415385
v 1.097526 0.804203 1.461385
v 1.105457 0.783762 1.479077
v 1.127126 0.787114 1.461385
v 1.061538 0.795530 1.479077
v 1.061538 0.813846 1.461385
v 0.995951 0.787114 1.415385
v 1.025551 0.804203 1.415385
v 0.995951 0.787114 1.461385
v 1.017620 0.783762 1.479077
v 1.025551 0.804203 1.461385
v 0.965028 0.743680 1.415385
v 0.982117 0.773280 1.415385
v 0.965028 0.743680 1.461385
v 0.985469 0.751611 1.479077
v 0.982117 0.773280 1.461385
v 0.973701 0.707692 1.479077
v 0.955385 0.707692 1.461385
v 0.985469 0.663774 1.479077
v 0.969607 0.654615 1.461385
v 1.025551 0.611181 1.415385
v 0.995951 0.628271 1.415385
v 1.025551 0.611181 1.461385
v 1.017620 0.631623 1.479077
v 0.995951 0.628271 1.461385
v 1.061538 0.619855 1.479077
v 1.061538 0.601538 1.461385
v 1.127126 0.628271 1.415385
v 1.097526 0.611181 1.415385
v 1.127126 0.628271 1.461385
v 1.105457 0.631623 1.479077
v 1.097526 0.611181 1.461385
v 1.137608 0.663774 1.479077
v 1.153470 0.654615 1.461385
v 1.516959 -1.044449 1.415385
v 1.516959 -1.078628 1.415385
v 1.516959 -1.078628 1.461385
v 1.516959 -1.044449 1.461385
v 1.503222 -1.061539 1.479077
v 1.491454 -1.017620 1.479077
v 1.507317 -1.008462 1.461385
v 1.451372 -0.965028 1.415385
v 1.480972 -0.982117 1.415385
v 1.451372 -0.965028 1.461385
v 1.459303 -0.985469 1.479077
v 1.480972 -0.982117 1.461385
v 1.415385 -0.973701 1.479077
v 1.415385 -0.955385 1.461385
v 1.349797 -0.982117 1.415385
v 1.379397 -0.965028 1.415385
v 1.349797 -0.982117 1.461385
v 1.371466 -0.985469 1.479077
v 1.379397 -0.965028 1.461385
v 1.318874 -1.025551 1.415385
v 1.335963 -0.995951 1.415385
v 1.318874 -1.025551 1.461385
v 1.339315 -1.017620 1.479077
v 1.335963 -0.995951 1.461385
v 1.327547 -1.061539 1.479077
v 1.309231 -1.061539 1.461385
v 1.335963 -1.127126 1.415385
v 1.318874 -1.097526 1.415385
v 1.335963 -1.127126 1.461385
v 1.339315 -1.105457 1.479077
v 1.318874 -1.097526 1.461385
v 1.379397 -1.158050 1.415385
v 1.349797 -1.140960 1.415385
v 1.379397 -1.158050 1.461385
v 1.371466 -1.137608 1.479077
v 1.349797 -1.140960 1.461385
v 1.415385 -1.149376 1.479077
v 1.415385 -1.167692 1.461385
v 1.480972 -1.140960 1.415385
v 1.451372 -1.158050 1.415385
v 1.480972 -1.140960 1.461385
v 1.459303 -1.137608 1.479077
v 1.451372 -1.158050 1.461385
v 1.491454 -1.105457 1.479077
v 1.507317 -1.114616 1.461385
v 1.516959 -0.690603 1.415385
v 1.516959 -0.724782 1.415385
v 1.516959 -0.724782 1.461385
v 1.516959 -0.690603 1.461385
v 1.503222 -0.707692 1.479077
v 1.491454 -0.663774 1.479077
v 1.507317 -0.654615 1.461385
v 1.451372 -0.611181 1.415385
v 1.480972 -0.628271 1.415385
v 1.451372 -0.611181 1.461385
v 1.459303 -0.631623 1.479077
v 1.480972 -0.628271 1.461385
v 1.415385 -0.619855 1.479077
v 1.415385 -0.601539 1.461385
v 1.349797 -0.628271 1.415385
v 1.379397 -0.611181 1.415385
v 1.349797 -0.628271 1.461385
v 1.371466 -0.631623 1.479077
v 1.379397 -0.611181 1.461385
v 1.339315 -0.663774 1.479077
v 1.323453 -0.654615 1.461385
v 1.327547 -0.707692 1.479077
v 1.309231 -0.707692 1.461385
v 1.335963 -0.773280 1.415385
v 1.318874 -0.743680 1.415385
v 1.335963 -0.773280 1.461385
v 1.339315 -0.751611 1.479077
v 1.318874 -0.743680 1.461385
v 1.379397 -0.804203 1.415385
v 1.349797 -0.787114 1.415385
v 1.379397 -0.804203 1.461385
v 1.371466 -0.783762 1.479077
v 1.349797 -0.787114 1.461385
v 1.415385 -0.795530 1.479077
v 1.415385 -0.813846 1.461385
v 1.480972 -0.787114 1.415385
v 1.451372 -0.804203 1.415385
v 1.480972 -0.787114 1.461385
v 1.459303 -0.783762 1.479077
v 1.451372 -0.804203 1.461385
v 1.491454 -0.751611 1.479077
v 1.507317 -0.760769 1.461385
v 1.516959 -0.336757 1.415385
v 1.516959 -0.370936 1.415385
v 1.516959 -0.370936 1.461385
v 1.516959 -0.336757 1.461385
v 1.503222 -0.353846 1.479077
v 1.491454 -0.309928 1.479077
v 1.507317 -0.300769 1.461385
v 1.451372 -0.257335 1.415385
v 1.480972 -0.274425 1.415385
v 1.451372 -0.257335 1.461385
v 1.459303 -0.277777 1.479077
v 1.480972 -0.274425 1.461385
v 1.415385 -0.266009 1.479077
v 1.415385 -0.247692 1.461385
v 1.349797 -0.274425 1.415385
v 1.379397 -0.257335 1.415385
v 1.349797 -0.274425 1.461385
v 1.371466 -0.277777 1.479077
v 1.379397 -0.257335 1.461385
v 1.339315 -0.309928 1.479077
v 1.323453 -0.300769 1.461385
v 1.327547 -0.353846 1.479077
v 1.309231 -0.353846 1.461385
v 1.339315 -0.397765 1.479077
v 1.323453 -0.406923 1.461385
v 1.379397 -0.450357 1.415385
v 1.349797 -0.433268 1.415385
v 1.379397 -0.450357 1.461385
v 1.371466 -0.429916 1.479077
v 1.349797 -0.433268 1.461385
v 1.415385 -0.441684 1.479077
v 1.415385 -0.460000 1.461385
v 1.480972 -0.433268 1.415385
v 1.451372 -0.450357 1.415385
v 1.480972 -0.433268 1.461385
v 1.459303 -0.429916 1.479077
v 1.451372 -0.450357 1.461385
v 1.491454 -0.397765 1.479077
v 1.507317 -0.406923 1.461385
v 1.516959 0.017089 1.415385
v 1.516959 -0.017090 1.415385
v 1.516959 -0.017090 1.461385
v 1.516959 0.017089 1.461385
v 1.503222 -0.000000 1.479077
v 1.491454 0.043919 1.479077
v 1.507317 0.053077 1.461385
v 1.451372 0.096511 1.415385
v 1.480972 0.079422 1.415385
v 1.451372 0.096511 1.461385
v 1.459303 0.076069 1.479077
v 1.480972 0.079422 1.461385
v 1.415385 0.087837 1.479077
v 1.415385 0.106154 1.461385
v 1.349797 0.079422 1.415385
v 1.379397 0.096511 1.415385
v 1.349797 0.079422 1.461385
v 1.371466 0.076069 1.479077
v 1.379397 0.096511 1.461385
v 1.339315 0.043919 1.479077
v 1.323453 0.053077 1.461385
v 1.327547 -0.000000 1.479077
v 1.309231 -0.000000 1.461385
v 1.339315 -0.043919 1.479077
v 1.323453 -0.053077 1.461385
v 1.379397 -0.096511 1.415385
v 1.349797 -0.079422 1.415385
v 1.379397 -0.096511 1.461385
v 1.371466 -0.076070 1.479077
v 1.349797 -0.079422 1.461385
v 1.415385 -0.087837 1.479077
v 1.415385 -0.106154 1.461385
v 1.480972 -0.079422 1.415385
v 1.451372 -0.096511 1.415385
v 1.480972 -0.079422 1.461385
v 1.459303 -0.076070 1.479077
v 1.451372 -0.096511 1.461385
v 1.491454 -0.043919 1.479077
v 1.507317 -0.053077 1.461385
v 1.516959 0.370936 1.415385
v 1.516959 0.336757 1.415385
v 1.516959 0.336757 1.461385
v 1.516959 0.370936 1.461385
v 1.503222 0.353846 1.479077
v 1.491454 0.397765 1.479077
v 1.507317 0.406923 1.461385
v 1.451372 0.450357 1.415385
v 1.480972 0.433268 1.415385
v 1.451372 0.450357 1.461385
v 1.459303 0.429916 1.479077
v 1.480972 0.433268 1.461385
v 1.415385 0.441684 1.479077
v 1.415385 0.460000 1.461385
v 1.349797 0.433268 1.415385
v 1.379397 0.450357 1.415385
v 1.349797 0.433268 1.461385
v 1.371466 0.429916 1.479077
v 1.379397 0.450357 1.461385
v 1.339315 0.397765 1.479077
v 1.323453 0.406923 1.461385
v 1.327547 0.353846 1.479077
v 1.309231 0.353846 1.461385
v 1.339315 0.309927 1.479077
v 1.323453 0.300769 1.461385
v 1.379397 0.257335 1.415385
v 1.349797 0.274425 1.415385
v 1.379397 0.257335 1.461385
v 1.371466 0.277777 1.479077
v 1.349797 0.274425 1.461385
v 1.415385 0.266009 1.479077
v 1.415385 0.247692 1.461385
v 1.480972 0.274424 1.415385
v 1.451372 0.257335 1.415385
v 1.480972 0.274425 1.461385
v 1.459303 0.277777 1.479077
v 1.451372 0.257335 1.461385
v 1.491454 0.309927 1.479077
v 1.507317 0.300769 1.461385
v 1.516959 0.724782 1.415385
v 1.516959 0.690603 1.415385
v 1.516959 0.690603 1.461385
v 1.516959 0.724782 1.461385
v 1.503222 0.707692 1.479077
v 1.491454 0.751611 1.479077
v 1.507317 0.760769 1.461385
v 1.451372 0.804203 1.415385
v 1.480972 0.787114 1.415385
v 1.451372 0.804203 1.461385
v 1.459303 0.783762 1.479077
v 1.480972 0.787114 1.461385
v 1.415385 0.795530 1.479077
v 1.415385 0.813846 1.461385
v 1.349797 0.787114 1.415385
v 1.379397 0.804203 1.415385
v 1.349797 0.787114 1.461385
v 1.371466 0.783762 1.479077
v 1.379397 0.804203 1.461385
v 1.318874 0.743680 1.415385
v 1.335963 0.773280 1.415385
v 1.318874 0.743680 1.461385
v 1.339315 0.751611 1.479077
v 1.335963 0.773280 1.461385
v 1.327547 0.707692 1.479077
v 1.309231 0.707692 1.461385
v 1.339315 0.663774 1.479077
v 1.323453 0.654615 1.461385
v 1.379397 0.611181 1.415385
v 1.349797 0.628271 1.415385
v 1.379397 0.611181 1.461385
v 1.371466 0.631623 1.479077
v 1.349797 0.628271 1.461385
v 1.415385 0.619855 1.479077
v 1.415385 0.601538 1.461385
v 1.480972 0.628271 1.415385
v 1.451372 0.611181 1.415385
v 1.480972 0.628271 1.461385
v 1.459303 0.631623 1.479077
v 1.451372 0.611181 1.461385
v 1.491454 0.663774 1.479077
v 1.507317 0.654615 1.461385
v 1.870806 0.017089 1.415385
v 1.870806 -0.017090 1.415385
v 1.870806 -0.017090 1.461385
v 1.870806 0.017089 1.461385
v 1.857068 -0.000000 1.479077
v 1.845300 0.043919 1.479077
v 1.861163 0.053077 1.461385
v 1.805218 0.096511 1.415385
v 1.834818 0.079422 1.415385
v 1.805218 0.096511 1.461385
v 1.813149 0.076069 1.479077
v 1.834818 0.079422 1.461385
v 1.769231 0.087837 1.479077
v 1.769231 0.106154 1.461385
v 1.703644 0.079422 1.415385
v 1.733243 0.096511 1.415385
v 1.703644 0.079422 1.461385
v 1.725312 0.076069 1.479077
v 1.733243 0.096511 1.461385
v 1.693161 0.043919 1.479077
v 1.677299 0.053077 1.461385
v 1.667656 -0.017090 1.415385
v 1.667656 0.017089 1.415385
v 1.667656 -0.017090 1.461385
v 1.681393 -0.000000 1.479077
v 1.667656 0.017089 1.461385
v 1.693161 -0.043919 1.479077
v 1.677299 -0.053077 1.461385
v 1.733243 -0.096511 1.415385
v 1.703644 -0.079422 1.415385
v 1.733243 -0.096511 1.461385
v 1.725312 -0.076070 1.479077
v 1.703644 -0.079422 1.461385
v 1.769231 -0.087837 1.479077
v 1.769231 -0.106154 1.461385
v 1.834818 -0.079422 1.415385
v 1.805218 -0.096511 1.415385
v 1.834818 -0.079422 1.461385
v 1.813149 -0.076070 1.479077
v 1.805218 -0.096511 1.461385
v 1.845300 -0.043919 1.479077
v 1.861163 -0.053077 1.461385
vn 0.6840 -0.3949 0.6133
vn -0.3015 0.3015 0.9045
vn -0.3949 -0.6840 0.6133
vn -0.5773 -0.5773 0.5774
vn -0.6840 -0.3949 0.6133
vn -0.5773 0.5773 0.5774
vn -0.5773 -0.5774 0.5773
vn -0.3015 -0.3015 0.9045
vn -0.6840 0.3949 0.6133
vn -0.3949 0.6840 0.6133
vn 0.6840 0.3949 0.6133
vn 0.3015 0.3015 0.9045
vn -0.0000 -0.7899 0.6133
vn 0.3015 -0.3015 0.9045
vn 0.3949 -0.6840 0.6133
vn -0.5773 0.5774 0.5773
vn 0.3949 0.6840 0.6133
vn 0.5774 0.5774 0.5774
vn 0.5774 -0.5774 0.5774
vn -0.5774 -0.5774 0.5774
vn -0.7899 -0.0000 0.6133
vn -0.5774 0.5774 0.5774
vn 0.5773 -0.5773 0.5774
vn 0.5773 0.5773 0.5774
vn 0.5773 -0.5774 0.5773
vn 0.5773 0.5774 0.5773
vn 0.7899 -0.0000 0.6133
vn -0.0000 0.7899 0.6133
vn -0.6830 -0.1830 0.7071
vn -0.8660 -0.5000 -0.0000
vn -0.6830 0.1830 0.7071
vn -0.5000 0.5000 0.7071
vn -0.8660 0.5000 -0.0000
vn -0.7071 -0.7071 -0.0000
vn -0.1830 0.6830 0.7071
vn -0.5000 0.8660 -0.0000
vn -0.7071 -0.0000 0.7071
vn 0.1830 0.6830 0.7071
vn 0.5000 0.5000 0.7071
vn 0.6830 0.1830 0.7071
vn 0.8660 0.5000 -0.0000
vn 0.6830 -0.1830 0.7071
vn 0.5000 -0.5000 0.7071
vn 0.1830 -0.6830 0.7071
vn 0.5000 -0.8660 -0.0000
vn -0.1830 -0.6830 0.7071
vn -0.5000 -0.5000 0.7071
vn -0.5000 -0.8660 -0.0000
vn 0.5000 0.8660 -0.0000
vn 0.7071 -0.0000 0.7071
vn 0.8660 -0.5000 -0.0000
vn -0.7071 0.7071 -0.0000
vn -0.0000 0.7071 0.7071
vn -0.0000 -1.0000 -0.0000
vn -1.0000 -0.0000 -0.0000
vn 0.7071 0.7071 -0.0000
vn -0.0000 -0.7071 0.7071
vn 1.0000 -0.0000 -0.0000
vn 0.7071 -0.7071 -0.0000
vn -0.0000 1.0000 -0.0000
vn 0.9659 -0.2588 -0.0000
vn -0.0000 -0.0000 1.0000
vn 0.2588 -0.9659 -0.0000
vn -0.2588 -0.9659 -0.0000
vn -0.9659 -0.2588 -0.0000
vn -0.9659 0.2588 -0.0000
vn -0.2588 0.9659 -0.0000
vn 0.2588 0.9659 -0.0000
vn 0.9659 0.2588 -0.0000
s 0
usemtl Crown
f 5067//237 5068//237 5069//237
f 5078//238 5079//238 5080//238
f 5083//239 5084//239 5085//239
f 5086//240 5087//240 5088//240
f 5093//241 5094//241 5095//241
f 5098//242 5099//242 5100//242
f 5101//243 5102//243 5103//243
f 5112//244 5113//244 5114//244
f 5115//245 5116//245 5117//245
f 5120//246 5121//246 5122//246
f 5129//247 5130//247 5131//247
f 5134//248 5135//248 5136//248
f 5141//237 5142//237 5143//237
f 5146//244 5147//244 5148//244
f 5153//249 5154//249 5155//249
f 5160//241 5161//241 5162//241
f 5167//245 5168//245 5169//245
f 5174//246 5175//246 5176//246
f 5187//250 5188//250 5189//250
f 5192//247 5193//247 5194//247
f 5201//251 5202//251 5203//251
f 5212//252 5213//252 5214//252
f 5215//238 5216//238 5217//238
f 5218//239 5219//239 5220//239
f 5225//240 5226//240 5227//240
f 5230//245 5231//245 5232//245
f 5239//246 5240//246 5241//246
f 5246//253 5247//253 5248//253
f 5251//247 5252//247 5253//247
f 5262//237 5263//237 5264//237
f 5269//251 5270//251 5271//251
f 5272//254 5273//254 5274//254
f 5279//250 5280//250 5281//250
f 5282//239 5283//239 5284//239
f 5289//241 5290//241 5291//241
f 5296//255 5297//255 5298//255
f 5301//246 5302//246 5303//246
f 5308//242 5309//242 5310//242
f 5315//253 5316//253 5317//253
f 5324//237 5325//237 5326//237
f 5331//251 5332//251 5333//251
f 5338//239 5339//239 5340//239
f 5343//241 5344//241 5345//241
f 5350//245 5351//245 5352//245
f 5357//246 5358//246 5359//246
f 5360//248 5361//248 5362//248
f 5363//254 5364//254 5365//254
f 5366//248 5367//248 5368//248
f 5375//253 5376//253 5377//253
f 5380//247 5381//247 5382//247
f 5387//255 5388//255 5389//255
f 5392//237 5393//237 5394//237
f 5399//249 5400//249 5401//249
f 5412//241 5413//241 5414//241
f 5419//245 5420//245 5421//245
f 5424//246 5425//246 5426//246
f 5439//250 5440//250 5441//250
f 5442//253 5443//253 5444//253
f 5447//247 5448//247 5449//247
f 5462//251 5463//251 5464//251
f 5467//256 5468//256 5469//256
f 5472//255 5473//255 5474//255
f 5475//250 5476//250 5477//250
f 5478//239 5479//239 5480//239
f 5485//244 5486//244 5487//244
f 5492//257 5493//257 5494//257
f 5501//246 5502//246 5503//246
f 5504//238 5505//238 5506//238
f 5511//253 5512//253 5513//253
f 5516//258 5517//258 5518//258
f 5519//247 5520//247 5521//247
f 5528//254 5529//254 5530//254
f 5535//251 5536//251 5537//251
f 5542//239 5543//239 5544//239
f 5549//257 5550//257 5551//257
f 5562//246 5563//246 5564//246
f 5567//244 5568//244 5569//244
f 5572//253 5573//253 5574//253
f 5577//248 5578//248 5579//248
f 5586//238 5587//238 5588//238
f 5589//251 5590//251 5591//251
f 5600//258 5601//258 5602//258
f 5605//239 5606//239 5607//239
f 5612//256 5613//256 5614//256
f 5615//257 5616//257 5617//257
f 5628//246 5629//246 5630//246
f 5635//253 5636//253 5637//253
f 5648//251 5649//251 5650//251
f 5653//259 5654//259 5655//259
f 5660//239 5661//239 5662//239
f 5667//257 5668//257 5669//257
f 5676//246 5677//246 5678//246
f 5685//238 5686//238 5687//238
f 5688//253 5689//253 5690//253
f 5693//258 5694//258 5695//258
f 5698//244 5699//244 5700//244
f 5707//256 5708//256 5709//256
f 5710//237 5711//237 5712//237
f 5715//251 5716//251 5717//251
f 5722//239 5723//239 5724//239
f 5729//257 5730//257 5731//257
f 5732//248 5733//248 5734//248
f 5741//246 5742//246 5743//246
f 5744//260 5745//260 5746//260
f 5753//261 5754//261 5755//261
f 5758//253 5759//253 5760//253
f 5763//250 5764//250 5765//250
f 5774//237 5775//237 5776//237
f 5781//238 5782//238 5783//238
f 5784//251 5785//251 5786//251
f 5791//239 5792//239 5793//239
f 5798//257 5799//257 5800//257
f 5807//246 5808//246 5809//246
f 5812//248 5813//248 5814//248
f 5821//253 5822//253 5823//253
f 5826//244 5827//244 5828//244
f 5831//247 5832//247 5833//247
f 5840//251 5841//251 5842//251
f 5847//239 5848//239 5849//239
f 5854//257 5855//257 5856//257
f 5861//262 5862//262 5863//262
f 5874//246 5875//246 5876//246
f 5881//260 5882//260 5883//260
f 5884//253 5885//253 5886//253
f 5893//250 5894//250 5895//250
f 5896//259 5897//259 5898//259
f 5899//263 5900//263 5901//263
f 5908//247 5909//247 5910//247
f 5919//245 5920//245 5921//245
f 5926//241 5927//241 5928//241
f 5933//249 5934//249 5935//249
f 5940//237 5941//237 5942//237
f 5947//247 5948//247 5949//247
f 5954//264 5955//264 5956//264
f 5961//245 5962//245 5963//245
f 5968//241 5969//241 5970//241
f 5979//237 5980//237 5981//237
f 5986//247 5987//247 5988//247
f 5993//264 5994//264 5995//264
f 6000//245 6001//245 6002//245
f 6007//241 6008//241 6009//241
f 6014//249 6015//249 6016//249
f 6021//237 6022//237 6023//237
f 6028//247 6029//247 6030//247
f 6039//245 6040//245 6041//245
f 6046//241 6047//241 6048//241
f 6053//249 6054//249 6055//249
f 6060//237 6061//237 6062//237
f 6067//247 6068//247 6069//247
f 6074//264 6075//264 6076//264
f 6081//245 6082//245 6083//245
f 6088//241 6089//241 6090//241
f 6099//237 6100//237 6101//237
f 6106//247 6107//247 6108//247
f 6113//264 6114//264 6115//264
f 6120//245 6121//245 6122//245
f 6127//241 6128//241 6129//241
f 6134//249 6135//249 6136//249
f 6141//237 6142//237 6143//237
f 6148//247 6149//247 6150//247
f 6159//245 6160//245 6161//245
f 6166//241 6167//241 6168//241
f 6173//249 6174//249 6175//249
f 6180//237 6181//237 6182//237
f 6187//247 6188//247 6189//247
f 6194//264 6195//264 6196//264
f 6201//245 6202//245 6203//245
f 6208//241 6209//241 6210//241
f 6219//237 6220//237 6221//237
f 6226//247 6227//247 6228//247
f 6231//253 6232//253 6233//253
f 6240//245 6241//245 6242//245
f 6247//241 6248//241 6249//241
f 6254//249 6255//249 6256//249
f 6261//237 6262//237 6263//237
f 6268//247 6269//247 6270//247
f 6273//253 6274//253 6275//253
f 6282//245 6283//245 6284//245
f 6289//241 6290//241 6291//241
f 6298//251 6299//251 6300//251
f 6303//237 6304//237 6305//237
f 6310//247 6311//247 6312//247
f 6315//253 6316//253 6317//253
f 6322//246 6323//246 6324//246
f 6327//245 6328//245 6329//245
f 6334//241 6335//241 6336//241
f 6341//249 6342//249 6343//249
f 6348//237 6349//237 6350//237
f 6355//247 6356//247 6357//247
f 6360//253 6361//253 6362//253
f 6367//246 6368//246 6369//246
f 6372//245 6373//245 6374//245
f 6379//241 6380//241 6381//241
f 6384//239 6385//239 6386//239
f 6391//251 6392//251 6393//251
f 6396//237 6397//237 6398//237
f 6405//253 6406//253 6407//253
f 6412//246 6413//246 6414//246
f 6421//241 6422//241 6423//241
f 6426//239 6427//239 6428//239
f 6433//251 6434//251 6435//251
f 6438//237 6439//237 6440//237
f 6445//247 6446//247 6447//247
f 6450//253 6451//253 6452//253
f 6457//246 6458//246 6459//246
f 6462//245 6463//245 6464//245
f 6471//239 6472//239 6473//239
f 6478//251 6479//251 6480//251
f 6485//263 6486//263 6487//263
f 6492//253 6493//253 6494//253
f 6499//246 6500//246 6501//246
f 6504//245 6505//245 6506//245
f 6511//241 6512//241 6513//241
f 6516//239 6517//239 6518//239
f 6523//251 6524//251 6525//251
f 6530//263 6531//263 6532//263
f 6537//253 6538//253 6539//253
f 6544//246 6545//246 6546//246
f 6553//241 6554//241 6555//241
f 6558//239 6559//239 6560//239
f 6565//251 6566//251 6567//251
f 6572//263 6573//263 6574//263
f 6579//253 6580//253 6581//253
f 6586//246 6587//246 6588//246
f 6597//239 6598//239 6599//239
f 6604//251 6605//251 6606//251
f 6611//263 6612//263 6613//263
f 6618//253 6619//253 6620//253
f 6625//246 6626//246 6627//246
f 6636//239 6637//239 6638//239
f 6643//251 6644//251 6645//251
f 6650//263 6651//263 6652//263
f 6657//253 6658//253 6659//253
f 6664//246 6665//246 6666//246
f 6675//239 6676//239 6677//239
f 6682//251 6683//251 6684//251
f 6689//263 6690//263 6691//263
f 6696//253 6697//253 6698//253
f 6703//246 6704//246 6705//246
f 6708//245 6709//245 6710//245
f 6717//239 6718//239 6719//239
f 6724//251 6725//251 6726//251
f 6731//263 6732//263 6733//263
f 6738//253 6739//253 6740//253
f 6745//246 6746//246 6747//246
f 6752//257 6753//257 6754//257
f 6759//239 6760//239 6761//239
f 6766//251 6767//251 6768//251
f 5160//265 5165//265 5166//265 5161//265
f 5163//266 5162//266 5161//266 5164//266
f 5165//267 5168//267 5167//267 5166//267
f 5168//268 5175//268 5174//268 5169//268
f 5170//269 5167//269 5169//269 5171//269
f 5088//270 5090//270 5089//270 5086//270
f 5175//271 5179//271 5180//271 5176//271
f 5177//272 5174//272 5176//272 5178//272
f 5108//270 5101//270 5103//270 5109//270
f 5102//273 5104//273 5105//273 5103//273
f 5179//274 5183//274 5184//274 5180//274
f 5110//270 5112//270 5114//270 5111//270
f 5183//275 5193//275 5192//275 5184//275
f 5193//276 5197//276 5198//276 5194//276
f 5195//277 5192//277 5194//277 5196//277
f 5259//278 5199//278 5200//278 5258//278
f 5199//279 5202//279 5201//279 5200//279
f 5202//280 5208//280 5209//280 5203//280
f 5206//281 5201//281 5203//281 5207//281
f 5208//282 5219//282 5218//282 5209//282
f 5219//283 5223//283 5224//283 5220//283
f 5221//284 5218//284 5220//284 5222//284
f 5223//265 5228//265 5229//265 5224//265
f 5228//267 5231//267 5230//267 5229//267
f 5231//268 5240//268 5239//268 5232//268
f 5235//269 5230//269 5232//269 5236//269
f 5240//271 5244//271 5245//271 5241//271
f 5242//272 5239//272 5241//272 5243//272
f 5244//274 5247//274 5246//274 5245//274
f 5247//275 5252//275 5251//275 5248//275
f 5249//285 5246//285 5248//285 5250//285
f 5252//276 5259//276 5258//276 5253//276
f 5256//277 5251//277 5253//277 5257//277
f 5186//286 5187//286 5189//286 5185//286
f 5323//278 5263//278 5262//278 5322//278
f 5263//279 5270//279 5269//279 5264//279
f 5265//287 5262//287 5264//287 5266//287
f 5270//280 5277//280 5278//280 5271//280
f 5275//281 5269//281 5271//281 5276//281
f 5277//282 5283//282 5282//282 5278//282
f 5210//288 5212//288 5214//288 5211//288
f 5213//289 5215//289 5217//289 5214//289
f 5283//283 5290//283 5289//283 5284//283
f 5287//284 5282//284 5284//284 5288//284
f 5290//265 5294//265 5295//265 5291//265
f 5292//266 5289//266 5291//266 5293//266
f 5294//267 5299//267 5300//267 5295//267
f 5299//268 5302//268 5301//268 5300//268
f 5302//271 5306//271 5307//271 5303//271
f 5304//272 5301//272 5303//272 5305//272
f 5306//274 5316//274 5315//274 5307//274
f 5316//275 5320//275 5321//275 5317//275
f 5318//285 5315//285 5317//285 5319//285
f 5320//276 5323//276 5322//276 5321//276
f 5391//278 5325//278 5324//278 5390//278
f 5325//279 5332//279 5331//279 5326//279
f 5327//287 5324//287 5326//287 5328//287
f 5332//280 5336//280 5337//280 5333//280
f 5334//281 5331//281 5333//281 5335//281
f 5336//282 5339//282 5338//282 5337//282
f 5339//283 5344//283 5343//283 5340//283
f 5341//284 5338//284 5340//284 5342//284
f 5344//265 5348//265 5349//265 5345//265
f 5346//266 5343//266 5345//266 5347//266
f 5348//267 5351//267 5350//267 5349//267
f 5351//268 5358//268 5357//268 5352//268
f 5353//269 5350//269 5352//269 5354//269
f 5358//271 5373//271 5374//271 5359//271
f 5371//272 5357//272 5359//272 5372//272
f 5308//288 5312//288 5311//288 5309//288
f 5373//274 5376//274 5375//274 5374//274
f 5376//275 5381//275 5380//275 5377//275
f 5378//285 5375//285 5377//285 5379//285
f 5381//276 5391//276 5390//276 5382//276
f 5385//277 5380//277 5382//277 5386//277
f 5457//278 5393//278 5392//278 5456//278
f 5393//279 5397//279 5398//279 5394//279
f 5395//287 5392//287 5394//287 5396//287
f 5397//280 5400//280 5399//280 5398//280
f 5400//282 5408//282 5409//282 5401//282
f 5406//290 5399//290 5401//290 5407//290
f 5408//283 5413//283 5412//283 5409//283
f 5413//265 5417//265 5418//265 5414//265
f 5360//286 5363//286 5365//286 5361//286
f 5364//289 5366//289 5368//289 5365//289
f 5415//266 5412//266 5414//266 5416//266
f 5417//267 5420//267 5419//267 5418//267
f 5420//268 5425//268 5424//268 5421//268
f 5422//269 5419//269 5421//269 5423//269
f 5425//271 5433//271 5434//271 5426//271
f 5429//272 5424//272 5426//272 5430//272
f 5433//274 5443//274 5442//274 5434//274
f 5443//275 5448//275 5447//275 5444//275
f 5445//285 5442//285 5444//285 5446//285
f 5448//276 5457//276 5456//276 5449//276
f 5454//277 5447//277 5449//277 5455//277
f 5527//278 5458//278 5459//278 5526//278
f 5458//279 5463//279 5462//279 5459//279
f 5463//280 5470//280 5471//280 5464//280
f 5465//281 5462//281 5464//281 5466//281
f 5470//282 5479//282 5478//282 5471//282
f 5479//283 5490//283 5491//283 5480//283
f 5488//284 5478//284 5480//284 5489//284
f 5490//265 5493//265 5492//265 5491//265
f 5493//267 5497//267 5498//267 5494//267
f 5495//291 5492//291 5494//291 5496//291
f 5497//268 5502//268 5501//268 5498//268
f 5502//271 5509//271 5510//271 5503//271
f 5507//272 5501//272 5503//272 5508//272
f 5509//274 5512//274 5511//274 5510//274
f 5512//275 5520//275 5519//275 5513//275
f 5514//285 5511//285 5513//285 5515//285
f 5520//276 5527//276 5526//276 5521//276
f 5522//277 5519//277 5521//277 5523//277
f 5474//286 5475//286 5477//286 5472//286
f 5482//289 5483//289 5484//289 5481//289
f 5583//278 5533//278 5534//278 5582//278
f 5533//279 5536//279 5535//279 5534//279
f 5536//280 5540//280 5541//280 5537//280
f 5538//281 5535//281 5537//281 5539//281
f 5540//282 5543//282 5542//282 5541//282
f 5543//283 5547//283 5548//283 5544//283
f 5545//284 5542//284 5544//284 5546//284
f 5547//265 5550//265 5549//265 5548//265
f 5550//267 5556//267 5557//267 5551//267
f 5554//291 5549//291 5551//291 5555//291
f 5556//268 5563//268 5562//268 5557//268
f 5530//292 5532//292 5531//292 5528//292
f 5563//271 5570//271 5571//271 5564//271
f 5565//272 5562//272 5564//272 5566//272
f 5570//274 5573//274 5572//274 5571//274
f 5573//275 5580//275 5581//275 5574//275
f 5575//285 5572//285 5574//285 5576//285
f 5580//276 5583//276 5582//276 5581//276
f 5643//278 5584//278 5585//278 5642//278
f 5584//279 5590//279 5589//279 5585//279
f 5590//280 5598//280 5599//280 5591//280
f 5592//281 5589//281 5591//281 5593//281
f 5598//282 5606//282 5605//282 5599//282
f 5606//283 5610//283 5611//283 5607//283
f 5608//284 5605//284 5607//284 5609//284
f 5610//265 5616//265 5615//265 5611//265
f 5616//267 5624//267 5625//267 5617//267
f 5620//291 5615//291 5617//291 5621//291
f 5624//268 5629//268 5628//268 5625//268
f 5629//271 5633//271 5634//271 5630//271
f 5631//272 5628//272 5630//272 5632//272
f 5633//274 5636//274 5635//274 5634//274
f 5636//275 5640//275 5641//275 5637//275
f 5638//285 5635//285 5637//285 5639//285
f 5640//276 5643//276 5642//276 5641//276
f 5706//278 5646//278 5647//278 5705//278
f 5646//279 5649//279 5648//279 5647//279
f 5649//280 5656//280 5657//280 5650//280
f 5651//281 5648//281 5650//281 5652//281
f 5656//282 5661//282 5660//282 5657//282
f 5661//283 5665//283 5666//283 5662//283
f 5663//284 5660//284 5662//284 5664//284
f 5665//265 5668//265 5667//265 5666//265
f 5668//267 5672//267 5673//267 5669//267
f 5670//291 5667//291 5669//291 5671//291
f 5672//268 5677//268 5676//268 5673//268
f 5677//271 5681//271 5682//271 5678//271
f 5679//272 5676//272 5678//272 5680//272
f 5681//274 5689//274 5688//274 5682//274
f 5689//275 5696//275 5697//275 5690//275
f 5691//285 5688//285 5690//285 5692//285
f 5696//276 5706//276 5705//276 5697//276
f 5773//278 5711//278 5710//278 5772//278
f 5695//273 5685//273 5687//273 5693//273
f 5711//279 5716//279 5715//279 5712//279
f 5713//287 5710//287 5712//287 5714//287
f 5716//280 5720//280 5721//280 5717//280
f 5718//281 5715//281 5717//281 5719//281
f 5720//282 5723//282 5722//282 5721//282
f 5723//283 5727//283 5728//283 5724//283
f 5725//284 5722//284 5724//284 5726//284
f 5727//265 5730//265 5729//265 5728//265
f 5730//267 5737//267 5738//267 5731//267
f 5735//291 5729//291 5731//291 5736//291
f 5737//268 5742//268 5741//268 5738//268
f 5742//271 5751//271 5752//271 5743//271
f 5749//272 5741//272 5743//272 5750//272
f 5751//274 5759//274 5758//274 5752//274
f 5759//275 5770//275 5771//275 5760//275
f 5766//285 5758//285 5760//285 5767//285
f 5746//289 5747//289 5748//289 5744//289
f 5770//276 5773//276 5772//276 5771//276
f 5837//278 5775//278 5774//278 5836//278
f 5775//279 5785//279 5784//279 5776//279
f 5777//287 5774//287 5776//287 5778//287
f 5785//280 5789//280 5790//280 5786//280
f 5787//281 5784//281 5786//281 5788//281
f 5789//282 5792//282 5791//282 5790//282
f 5792//283 5796//283 5797//283 5793//283
f 5794//284 5791//284 5793//284 5795//284
f 5796//265 5799//265 5798//265 5797//265
f 5799//267 5805//267 5806//267 5800//267
f 5801//291 5798//291 5800//291 5802//291
f 5805//268 5808//268 5807//268 5806//268
f 5808//271 5815//271 5816//271 5809//271
f 5810//272 5807//272 5809//272 5811//272
f 5815//274 5822//274 5821//274 5816//274
f 5822//275 5832//275 5831//275 5823//275
f 5829//285 5821//285 5823//285 5830//285
f 5832//276 5837//276 5836//276 5833//276
f 5834//277 5831//277 5833//277 5835//277
f 5825//273 5826//273 5828//273 5824//273
f 5901//278 5838//278 5839//278 5899//278
f 5838//279 5841//279 5840//279 5839//279
f 5841//280 5845//280 5846//280 5842//280
f 5843//281 5840//281 5842//281 5844//281
f 5845//282 5848//282 5847//282 5846//282
f 5848//283 5852//283 5853//283 5849//283
f 5850//284 5847//284 5849//284 5851//284
f 5852//265 5855//265 5854//265 5853//265
f 5855//267 5868//267 5869//267 5856//267
f 5859//291 5854//291 5856//291 5860//291
f 5863//292 5865//292 5864//292 5861//292
f 5868//268 5875//268 5874//268 5869//268
f 5875//271 5879//271 5880//271 5876//271
f 5877//272 5874//272 5876//272 5878//272
f 5879//274 5885//274 5884//274 5880//274
f 5885//275 5889//275 5890//275 5886//275
f 5887//285 5884//285 5886//285 5888//285
f 5889//276 5901//276 5900//276 5890//276
f 5895//293 5897//293 5896//293 5893//293
f 5899//294 5903//294 5902//294 5900//294
f 5087//273 5098//273 5100//273 5088//273
f 5099//288 5073//288 5072//288 5100//288
f 5098//289 5078//289 5080//289 5099//289
f 5079//288 5182//288 5181//288 5080//288
f 5081//270 5146//270 5148//270 5082//270
f 5147//293 5087//293 5086//293 5148//293
f 5113//293 5102//293 5101//293 5114//293
f 5104//273 5151//273 5152//273 5105//273
f 5134//292 5261//292 5260//292 5135//292
f 5140//286 5136//286 5135//286 5139//286
f 5151//273 5147//273 5146//273 5152//273
f 5185//286 5140//286 5139//286 5186//286
f 5172//295 5188//295 5187//295 5173//295
f 5078//273 5190//273 5191//273 5079//273
f 5190//273 5204//273 5205//273 5191//273
f 5204//273 5213//273 5212//273 5205//273
f 5216//288 5314//288 5313//288 5217//288
f 5237//270 5225//270 5227//270 5238//270
f 5226//273 5113//273 5112//273 5227//273
f 5234//293 5226//293 5225//293 5233//293
f 5366//292 5255//292 5254//292 5367//292
f 5267//292 5272//292 5274//292 5268//292
f 5273//286 5368//286 5367//286 5274//286
f 5136//289 5273//289 5272//289 5134//289
f 5296//295 5286//295 5285//295 5297//295
f 5383//295 5279//295 5281//295 5384//295
f 5280//286 5298//286 5297//286 5281//286
f 5298//293 5189//293 5188//293 5296//293
f 5215//273 5310//273 5309//273 5216//273
f 5310//289 5402//289 5403//289 5308//289
f 5330//293 5234//293 5233//293 5329//293
f 5362//292 5405//292 5404//292 5360//292
f 5355//292 5364//292 5363//292 5356//292
f 5387//295 5370//295 5369//295 5388//295
f 5437//295 5439//295 5441//295 5438//295
f 5440//286 5389//286 5388//286 5441//286
f 5389//293 5280//293 5279//293 5387//293
f 5402//289 5427//289 5428//289 5403//289
f 5361//289 5482//289 5481//289 5362//289
f 5410//270 5485//270 5487//270 5411//270
f 5486//293 5330//293 5329//293 5487//293
f 5427//289 5504//289 5506//289 5428//289
f 5505//288 5432//288 5431//288 5506//288
f 5436//293 5440//293 5439//293 5435//293
f 5473//295 5451//295 5450//295 5474//295
f 5452//295 5476//295 5475//295 5453//295
f 5460//270 5467//270 5469//270 5461//270
f 5468//273 5486//273 5485//273 5469//273
f 5472//293 5468//293 5467//293 5473//293
f 5500//293 5436//293 5435//293 5499//293
f 5577//292 5559//292 5558//292 5578//292
f 5529//286 5579//286 5578//286 5530//286
f 5504//273 5516//273 5518//273 5505//273
f 5517//288 5525//288 5524//288 5518//288
f 5516//289 5529//289 5528//289 5517//289
f 5483//289 5586//289 5588//289 5484//289
f 5587//288 5597//288 5596//288 5588//288
f 5553//293 5477//293 5476//293 5552//293
f 5579//289 5560//289 5561//289 5577//289
f 5618//270 5567//270 5569//270 5619//270
f 5568//293 5500//293 5499//293 5569//293
f 5659//293 5553//293 5552//293 5658//293
f 5586//273 5600//273 5602//273 5587//273
f 5601//288 5595//288 5594//288 5602//288
f 5600//289 5687//289 5686//289 5601//289
f 5685//288 5604//288 5603//288 5686//288
f 5626//270 5612//270 5614//270 5627//270
f 5613//273 5568//273 5567//273 5614//273
f 5622//270 5698//270 5700//270 5623//270
f 5699//293 5613//293 5612//293 5700//293
f 5560//289 5748//289 5747//289 5561//289
f 5653//295 5645//295 5644//295 5654//295
f 5761//295 5763//295 5765//295 5762//295
f 5764//286 5655//286 5654//286 5765//286
f 5655//293 5659//293 5658//293 5653//293
f 5694//288 5675//288 5674//288 5695//288
f 5693//289 5781//289 5783//289 5694//289
f 5782//288 5684//288 5683//288 5783//288
f 5701//270 5707//270 5709//270 5702//270
f 5708//273 5699//273 5698//273 5709//273
f 5703//270 5828//270 5827//270 5704//270
f 5826//293 5708//293 5707//293 5827//293
f 5732//292 5858//292 5857//292 5733//292
f 5739//292 5746//292 5745//292 5740//292
f 5744//286 5734//286 5733//286 5745//286
f 5753//295 5757//295 5756//295 5754//295
f 5769//286 5755//286 5754//286 5768//286
f 5755//293 5764//293 5763//293 5753//293
f 5780//286 5769//286 5768//286 5779//286
f 5891//295 5895//295 5894//295 5892//295
f 5893//286 5780//286 5779//286 5894//286
f 5781//273 5803//273 5804//273 5782//273
f 5803//273 5825//273 5824//273 5804//273
f 5812//292 5818//292 5817//292 5813//292
f 5820//286 5814//286 5813//286 5819//286
f 5867//286 5820//286 5819//286 5866//286
f 5862//286 5867//286 5866//286 5863//286
f 5734//289 5862//289 5861//289 5732//289
f 5897//295 5871//295 5870//295 5898//295
f 5872//292 5881//292 5883//292 5873//292
f 5882//286 5896//286 5898//286 5883//286
f 5814//289 5882//289 5881//289 5812//289
f 5158//283 5160//283 5162//283 5159//283
f 5156//290 5153//290 5155//290 5157//290
f 5154//282 5158//282 5159//282 5155//282
f 5149//280 5154//280 5153//280 5150//280
f 5144//287 5141//287 5143//287 5145//287
f 5142//279 5149//279 5150//279 5143//279
f 5197//278 5142//278 5141//278 5198//278
f 5132//277 5129//277 5131//277 5133//277
f 5130//276 5137//276 5138//276 5131//276
f 5127//275 5130//275 5129//275 5128//275
f 5125//274 5127//274 5128//274 5126//274
f 5123//272 5120//272 5122//272 5124//272
f 5121//271 5125//271 5126//271 5122//271
f 5118//269 5115//269 5117//269 5119//269
f 5116//268 5121//268 5120//268 5117//268
f 5106//267 5116//267 5115//267 5107//267
f 5096//266 5093//266 5095//266 5097//266
f 5094//265 5106//265 5107//265 5095//265
f 5091//284 5083//284 5085//284 5092//284
f 5084//283 5094//283 5093//283 5085//283
f 5076//282 5084//282 5083//282 5077//282
f 5074//280 5076//280 5077//280 5075//280
f 5070//287 5067//287 5069//287 5071//287
f 5068//279 5074//279 5075//279 5069//279
f 5137//278 5068//278 5067//278 5138//278
f 5906//277 5908//277 5910//277 5907//277
f 5909//276 5904//276 5905//276 5910//276
f 5911//275 5909//275 5908//275 5912//275
f 5913//274 5911//274 5912//274 5914//274
f 5915//271 5913//271 5914//271 5916//271
f 5917//269 5919//269 5921//269 5918//269
f 5920//268 5915//268 5916//268 5921//268
f 5922//267 5920//267 5919//267 5923//267
f 5924//266 5926//266 5928//266 5925//266
f 5927//265 5922//265 5923//265 5928//265
f 5929//283 5927//283 5926//283 5930//283
f 5931//290 5933//290 5935//290 5932//290
f 5934//282 5929//282 5930//282 5935//282
f 5936//280 5934//280 5933//280 5937//280
f 5938//287 5940//287 5942//287 5939//287
f 5941//279 5936//279 5937//279 5942//279
f 5904//278 5941//278 5940//278 5905//278
f 5945//277 5947//277 5949//277 5946//277
f 5948//276 5943//276 5944//276 5949//276
f 5950//275 5948//275 5947//275 5951//275
f 5952//296 5954//296 5956//296 5953//296
f 5955//274 5950//274 5951//274 5956//274
f 5957//271 5955//271 5954//271 5958//271
f 5959//269 5961//269 5963//269 5960//269
f 5962//268 5957//268 5958//268 5963//268
f 5964//267 5962//267 5961//267 5965//267
f 5966//266 5968//266 5970//266 5967//266
f 5969//265 5964//265 5965//265 5970//265
f 5971//283 5969//283 5968//283 5972//283
f 5973//282 5971//282 5972//282 5974//282
f 5975//280 5973//280 5974//280 5976//280
f 5977//287 5979//287 5981//287 5978//287
f 5980//279 5975//279 5976//279 5981//279
f 5943//278 5980//278 5979//278 5944//278
f 5984//277 5986//277 5988//277 5985//277
f 5987//276 5982//276 5983//276 5988//276
f 5989//275 5987//275 5986//275 5990//275
f 5991//296 5993//296 5995//296 5992//296
f 5994//274 5989//274 5990//274 5995//274
f 5996//271 5994//271 5993//271 5997//271
f 5998//269 6000//269 6002//269 5999//269
f 6001//268 5996//268 5997//268 6002//268
f 6003//267 6001//267 6000//267 6004//267
f 6005//266 6007//266 6009//266 6006//266
f 6008//265 6003//265 6004//265 6009//265
f 6010//283 6008//283 6007//283 6011//283
f 6012//290 6014//290 6016//290 6013//290
f 6015//282 6010//282 6011//282 6016//282
f 6017//280 6015//280 6014//280 6018//280
f 6019//287 6021//287 6023//287 6020//287
f 6022//279 6017//279 6018//279 6023//279
f 5982//278 6022//278 6021//278 5983//278
f 6026//277 6028//277 6030//277 6027//277
f 6029//276 6024//276 6025//276 6030//276
f 6031//275 6029//275 6028//275 6032//275
f 6033//274 6031//274 6032//274 6034//274
f 6035//271 6033//271 6034//271 6036//271
f 6037//269 6039//269 6041//269 6038//269
f 6040//268 6035//268 6036//268 6041//268
f 6042//267 6040//267 6039//267 6043//267
f 6044//266 6046//266 6048//266 6045//266
f 6047//265 6042//265 6043//265 6048//265
f 6049//283 6047//283 6046//283 6050//283
f 6051//290 6053//290 6055//290 6052//290
f 6054//282 6049//282 6050//282 6055//282
f 6056//280 6054//280 6053//280 6057//280
f 6058//287 6060//287 6062//287 6059//287
f 6061//279 6056//279 6057//279 6062//279
f 6024//278 6061//278 6060//278 6025//278
f 6065//277 6067//277 6069//277 6066//277
f 6068//276 6063//276 6064//276 6069//276
f 6070//275 6068//275 6067//275 6071//275
f 6072//296 6074//296 6076//296 6073//296
f 6075//274 6070//274 6071//274 6076//274
f 6077//271 6075//271 6074//271 6078//271
f 6079//269 6081//269 6083//269 6080//269
f 6082//268 6077//268 6078//268 6083//268
f 6084//267 6082//267 6081//267 6085//267
f 6086//266 6088//266 6090//266 6087//266
f 6089//265 6084//265 6085//265 6090//265
f 6091//283 6089//283 6088//283 6092//283
f 6093//282 6091//282 6092//282 6094//282
f 6095//280 6093//280 6094//280 6096//280
f 6097//287 6099//287 6101//287 6098//287
f 6100//279 6095//279 6096//279 6101//279
f 6063//278 6100//278 6099//278 6064//278
f 6104//277 6106//277 6108//277 6105//277
f 6107//276 6102//276 6103//276 6108//276
f 6109//275 6107//275 6106//275 6110//275
f 6111//296 6113//296 6115//296 6112//296
f 6114//274 6109//274 6110//274 6115//274
f 6116//271 6114//271 6113//271 6117//271
f 6118//269 6120//269 6122//269 6119//269
f 6121//268 6116//268 6117//268 6122//268
f 6123//267 6121//267 6120//267 6124//267
f 6125//266 6127//266 6129//266 6126//266
f 6128//265 6123//265 6124//265 6129//265
f 6130//283 6128//283 6127//283 6131//283
f 6132//290 6134//290 6136//290 6133//290
f 6135//282 6130//282 6131//282 6136//282
f 6137//280 6135//280 6134//280 6138//280
f 6139//287 6141//287 6143//287 6140//287
f 6142//279 6137//279 6138//279 6143//279
f 6102//278 6142//278 6141//278 6103//278
f 6146//277 6148//277 6150//277 6147//277
f 6149//276 6144//276 6145//276 6150//276
f 6151//275 6149//275 6148//275 6152//275
f 6153//274 6151//274 6152//274 6154//274
f 6155//271 6153//271 6154//271 6156//271
f 6157//269 6159//269 6161//269 6158//269
f 6160//268 6155//268 6156//268 6161//268
f 6162//267 6160//267 6159//267 6163//267
f 6164//266 6166//266 6168//266 6165//266
f 6167//265 6162//265 6163//265 6168//265
f 6169//283 6167//283 6166//283 6170//283
f 6171//290 6173//290 6175//290 6172//290
f 6174//282 6169//282 6170//282 6175//282
f 6176//280 6174//280 6173//280 6177//280
f 6178//287 6180//287 6182//287 6179//287
f 6181//279 6176//279 6177//279 6182//279
f 6144//278 6181//278 6180//278 6145//278
f 6185//277 6187//277 6189//277 6186//277
f 6188//276 6183//276 6184//276 6189//276
f 6190//275 6188//275 6187//275 6191//275
f 6192//296 6194//296 6196//296 6193//296
f 6195//274 6190//274 6191//274 6196//274
f 6197//271 6195//271 6194//271 6198//271
f 6199//269 6201//269 6203//269 6200//269
f 6202//268 6197//268 6198//268 6203//268
f 6204//267 6202//267 6201//267 6205//267
f 6206//266 6208//266 6210//266 6207//266
f 6209//265 6204//265 6205//265 6210//265
f 6211//283 6209//283 6208//283 6212//283
f 6213//282 6211//282 6212//282 6214//282
f 6215//280 6213//280 6214//280 6216//280
f 6217//287 6219//287 6221//287 6218//287
f 6220//279 6215//279 6216//279 6221//279
f 6183//278 6220//278 6219//278 6184//278
f 6224//277 6226//277 6228//277 6225//277
f 6227//276 6222//276 6223//276 6228//276
f 6229//285 6231//285 6233//285 6230//285
f 6232//275 6227//275 6226//275 6233//275
f 6234//274 6232//274 6231//274 6235//274
f 6236//271 6234//271 6235//271 6237//271
f 6238//269 6240//269 6242//269 6239//269
f 6241//268 6236//268 6237//268 6242//268
f 6243//267 6241//267 6240//267 6244//267
f 6245//266 6247//266 6249//266 6246//266
f 6248//265 6243//265 6244//265 6249//265
f 6250//283 6248//283 6247//283 6251//283
f 6252//290 6254//290 6256//290 6253//290
f 6255//282 6250//282 6251//282 6256//282
f 6257//280 6255//280 6254//280 6258//280
f 6259//287 6261//287 6263//287 6260//287
f 6262//279 6257//279 6258//279 6263//279
f 6222//278 6262//278 6261//278 6223//278
f 6266//277 6268//277 6270//277 6267//277
f 6269//276 6264//276 6265//276 6270//276
f 6271//285 6273//285 6275//285 6272//285
f 6274//275 6269//275 6268//275 6275//275
f 6276//274 6274//274 6273//274 6277//274
f 6278//271 6276//271 6277//271 6279//271
f 6280//269 6282//269 6284//269 6281//269
f 6283//268 6278//268 6279//268 6284//268
f 6285//267 6283//267 6282//267 6286//267
f 6287//266 6289//266 6291//266 6288//266
f 6290//265 6285//265 6286//265 6291//265
f 6292//283 6290//283 6289//283 6293//283
f 6294//282 6292//282 6293//282 6295//282
f 6296//281 6298//281 6300//281 6297//281
f 6299//280 6294//280 6295//280 6300//280
f 6301//287 6303//287 6305//287 6302//287
f 6304//279 6299//279 6298//279 6305//279
f 6264//278 6304//278 6303//278 6265//278
f 6308//277 6310//277 6312//277 6309//277
f 6311//276 6306//276 6307//276 6312//276
f 6313//285 6315//285 6317//285 6314//285
f 6316//275 6311//275 6310//275 6317//275
f 6318//274 6316//274 6315//274 6319//274
f 6320//272 6322//272 6324//272 6321//272
f 6323//271 6318//271 6319//271 6324//271
f 6325//269 6327//269 6329//269 6326//269
f 6328//268 6323//268 6322//268 6329//268
f 6330//267 6328//267 6327//267 6331//267
f 6332//266 6334//266 6336//266 6333//266
f 6335//265 6330//265 6331//265 6336//265
f 6337//283 6335//283 6334//283 6338//283
f 6339//290 6341//290 6343//290 6340//290
f 6342//282 6337//282 6338//282 6343//282
f 6344//280 6342//280 6341//280 6345//280
f 6346//287 6348//287 6350//287 6347//287
f 6349//279 6344//279 6345//279 6350//279
f 6306//278 6349//278 6348//278 6307//278
f 6353//277 6355//277 6357//277 6354//277
f 6356//276 6351//276 6352//276 6357//276
f 6358//285 6360//285 6362//285 6359//285
f 6361//275 6356//275 6355//275 6362//275
f 6363//274 6361//274 6360//274 6364//274
f 6365//272 6367//272 6369//272 6366//272
f 6368//271 6363//271 6364//271 6369//271
f 6370//269 6372//269 6374//269 6371//269
f 6373//268 6368//268 6367//268 6374//268
f 6375//267 6373//267 6372//267 6376//267
f 6377//266 6379//266 6381//266 6378//266
f 6380//265 6375//265 6376//265 6381//265
f 6382//284 6384//284 6386//284 6383//284
f 6385//283 6380//283 6379//283 6386//283
f 6387//282 6385//282 6384//282 6388//282
f 6389//281 6391//281 6393//281 6390//281
f 6392//280 6387//280 6388//280 6393//280
f 6394//287 6396//287 6398//287 6395//287
f 6397//279 6392//279 6391//279 6398//279
f 6351//278 6397//278 6396//278 6352//278
f 6401//276 6399//276 6400//276 6402//276
f 6403//285 6405//285 6407//285 6404//285
f 6406//275 6401//275 6402//275 6407//275
f 6408//274 6406//274 6405//274 6409//274
f 6410//272 6412//272 6414//272 6411//272
f 6413//271 6408//271 6409//271 6414//271
f 6415//268 6413//268 6412//268 6416//268
f 6417//267 6415//267 6416//267 6418//267
f 6419//266 6421//266 6423//266 6420//266
f 6422//265 6417//265 6418//265 6423//265
f 6424//284 6426//284 6428//284 6425//284
f 6427//283 6422//283 6421//283 6428//283
f 6429//282 6427//282 6426//282 6430//282
f 6431//281 6433//281 6435//281 6432//281
f 6434//280 6429//280 6430//280 6435//280
f 6436//287 6438//287 6440//287 6437//287
f 6439//279 6434//279 6433//279 6440//279
f 6399//278 6439//278 6438//278 6400//278
f 6443//277 6445//277 6447//277 6444//277
f 6446//276 6441//276 6442//276 6447//276
f 6448//285 6450//285 6452//285 6449//285
f 6451//275 6446//275 6445//275 6452//275
f 6453//274 6451//274 6450//274 6454//274
f 6455//272 6457//272 6459//272 6456//272
f 6458//271 6453//271 6454//271 6459//271
f 6460//269 6462//269 6464//269 6461//269
f 6463//268 6458//268 6457//268 6464//268
f 6465//267 6463//267 6462//267 6466//267
f 6467//265 6465//265 6466//265 6468//265
f 6469//284 6471//284 6473//284 6470//284
f 6472//283 6467//283 6468//283 6473//283
f 6474//282 6472//282 6471//282 6475//282
f 6476//281 6478//281 6480//281 6477//281
f 6479//280 6474//280 6475//280 6480//280
f 6481//279 6479//279 6478//279 6482//279
f 6441//278 6481//278 6482//278 6442//278
f 6485//294 6484//294 6483//294 6486//294
f 6488//276 6487//276 6486//276 6489//276
f 6490//285 6492//285 6494//285 6491//285
f 6493//275 6488//275 6489//275 6494//275
f 6495//274 6493//274 6492//274 6496//274
f 6497//272 6499//272 6501//272 6498//272
f 6500//271 6495//271 6496//271 6501//271
f 6502//269 6504//269 6506//269 6503//269
f 6505//268 6500//268 6499//268 6506//268
f 6507//267 6505//267 6504//267 6508//267
f 6509//266 6511//266 6513//266 6510//266
f 6512//265 6507//265 6508//265 6513//265
f 6514//284 6516//284 6518//284 6515//284
f 6517//283 6512//283 6511//283 6518//283
f 6519//282 6517//282 6516//282 6520//282
f 6521//281 6523//281 6525//281 6522//281
f 6524//280 6519//280 6520//280 6525//280
f 6526//279 6524//279 6523//279 6527//279
f 6487//278 6526//278 6527//278 6485//278
f 6530//294 6529//294 6528//294 6531//294
f 6533//276 6532//276 6531//276 6534//276
f 6535//285 6537//285 6539//285 6536//285
f 6538//275 6533//275 6534//275 6539//275
f 6540//274 6538//274 6537//274 6541//274
f 6542//272 6544//272 6546//272 6543//272
f 6545//271 6540//271 6541//271 6546//271
f 6547//268 6545//268 6544//268 6548//268
f 6549//267 6547//267 6548//267 6550//267
f 6551//266 6553//266 6555//266 6552//266
f 6554//265 6549//265 6550//265 6555//265
f 6556//284 6558//284 6560//284 6557//284
f 6559//283 6554//283 6553//283 6560//283
f 6561//282 6559//282 6558//282 6562//282
f 6563//281 6565//281 6567//281 6564//281
f 6566//280 6561//280 6562//280 6567//280
f 6568//279 6566//279 6565//279 6569//279
f 6532//278 6568//278 6569//278 6530//278
f 6572//294 6571//294 6570//294 6573//294
f 6575//276 6574//276 6573//276 6576//276
f 6577//285 6579//285 6581//285 6578//285
f 6580//275 6575//275 6576//275 6581//275
f 6582//274 6580//274 6579//274 6583//274
f 6584//272 6586//272 6588//272 6585//272
f 6587//271 6582//271 6583//271 6588//271
f 6589//268 6587//268 6586//268 6590//268
f 6591//267 6589//267 6590//267 6592//267
f 6593//265 6591//265 6592//265 6594//265
f 6595//284 6597//284 6599//284 6596//284
f 6598//283 6593//283 6594//283 6599//283
f 6600//282 6598//282 6597//282 6601//282
f 6602//281 6604//281 6606//281 6603//281
f 6605//280 6600//280 6601//280 6606//280
f 6607//279 6605//279 6604//279 6608//279
f 6574//278 6607//278 6608//278 6572//278
f 6611//294 6610//294 6609//294 6612//294
f 6614//276 6613//276 6612//276 6615//276
f 6616//285 6618//285 6620//285 6617//285
f 6619//275 6614//275 6615//275 6620//275
f 6621//274 6619//274 6618//274 6622//274
f 6623//272 6625//272 6627//272 6624//272
f 6626//271 6621//271 6622//271 6627//271
f 6628//268 6626//268 6625//268 6629//268
f 6630//267 6628//267 6629//267 6631//267
f 6632//265 6630//265 6631//265 6633//265
f 6634//284 6636//284 6638//284 6635//284
f 6637//283 6632//283 6633//283 6638//283
f 6639//282 6637//282 6636//282 6640//282
f 6641//281 6643//281 6645//281 6642//281
f 6644//280 6639//280 6640//280 6645//280
f 6646//279 6644//279 6643//279 6647//279
f 6613//278 6646//278 6647//278 6611//278
f 6650//294 6649//294 6648//294 6651//294
f 6653//276 6652//276 6651//276 6654//276
f 6655//285 6657//285 6659//285 6656//285
f 6658//275 6653//275 6654//275 6659//275
f 6660//274 6658//274 6657//274 6661//274
f 6662//272 6664//272 6666//272 6663//272
f 6665//271 6660//271 6661//271 6666//271
f 6667//268 6665//268 6664//268 6668//268
f 6669//267 6667//267 6668//267 6670//267
f 6671//265 6669//265 6670//265 6672//265
f 6673//284 6675//284 6677//284 6674//284
f 6676//283 6671//283 6672//283 6677//283
f 6678//282 6676//282 6675//282 6679//282
f 6680//281 6682//281 6684//281 6681//281
f 6683//280 6678//280 6679//280 6684//280
f 6685//279 6683//279 6682//279 6686//279
f 6652//278 6685//278 6686//278 6650//278
f 6689//294 6688//294 6687//294 6690//294
f 6692//276 6691//276 6690//276 6693//276
f 6694//285 6696//285 6698//285 6695//285
f 6697//275 6692//275 6693//275 6698//275
f 6699//274 6697//274 6696//274 6700//274
f 6701//272 6703//272 6705//272 6702//272
f 6704//271 6699//271 6700//271 6705//271
f 6706//269 6708//269 6710//269 6707//269
f 6709//268 6704//268 6703//268 6710//268
f 6711//267 6709//267 6708//267 6712//267
f 6713//265 6711//265 6712//265 6714//265
f 6715//284 6717//284 6719//284 6716//284
f 6718//283 6713//283 6714//283 6719//283
f 6720//282 6718//282 6717//282 6721//282
f 6722//281 6724//281 6726//281 6723//281
f 6725//280 6720//280 6721//280 6726//280
f 6727//279 6725//279 6724//279 6728//279
f 6691//278 6727//278 6728//278 6689//278
f 6731//294 6730//294 6729//294 6732//294
f 6734//276 6733//276 6732//276 6735//276
f 6736//285 6738//285 6740//285 6737//285
f 6739//275 6734//275 6735//275 6740//275
f 6741//274 6739//274 6738//274 6742//274
f 6743//272 6745//272 6747//272 6744//272
f 6746//271 6741//271 6742//271 6747//271
f 6748//268 6746//268 6745//268 6749//268
f 6750//291 6752//291 6754//291 6751//291
f 6753//267 6748//267 6749//267 6754//267
f 6755//265 6753//265 6752//265 6756//265
f 6757//284 6759//284 6761//284 6758//284
f 6760//283 6755//283 6756//283 6761//283
f 6762//282 6760//282 6759//282 6763//282
f 6764//281 6766//281 6768//281 6765//281
f 6767//280 6762//280 6763//280 6768//280
f 6769//279 6767//279 6766//279 6770//279
f 6733//278 6769//278 6770//278 6731//278
f 5070//297 4833//297 5138//297 5067//297
f 4827//295 5071//295 5069//295 5075//295
f 5137//298 5130//298 5127//298 5125//298 5121//298 5116//298 5106//298 5094//298 5084//298 5076//298 5074//298 5068//298
f 5073//296 5099//296 5080//296 5181//296
f 5088//291 5100//291 5072//291 5090//291
f 4828//299 4827//299 5075//299 5077//299
f 5091//300 4828//300 5077//300 5083//300
f 5087//298 5147//298 5078//298 5098//298
f 5147//298 5140//298 5185//298 5078//298
f 5078//298 5185//298 5189//298 5190//298
f 5079//291 5191//291 4841//291 5182//291
f 5082//290 5148//290 5086//290 5089//290
f 5152//291 5146//291 5081//291 4835//291
f 5096//270 5092//270 5085//270 5093//270
f 4829//301 5097//301 5095//301 5107//301
f 5111//290 5114//290 5101//290 5108//290
f 5103//291 5105//291 4832//291 5109//291
f 5102//298 5113//298 4853//298 5104//298
f 5104//298 4853//298 5136//298 5151//298
f 5105//291 5152//291 4835//291 4832//291
f 5118//302 4829//302 5107//302 5115//302
f 5227//291 5112//291 5110//291 5238//291
f 5226//298 5234//298 4851//298 5113//298
f 5113//298 4851//298 5368//298 4853//298
f 5123//288 5119//288 5117//288 5120//288
f 4830//303 5124//303 5122//303 5126//303
f 4831//304 4830//304 5126//304 5128//304
f 5132//292 4831//292 5128//292 5129//292
f 4833//305 5133//305 5131//305 5138//305
f 4853//298 5368//298 5273//298 5136//298
f 5260//294 4834//294 5139//294 5135//294
f 5151//298 5136//298 5140//298 5147//298
f 5261//296 5134//296 5272//296 5267//296
f 4834//294 4837//294 5186//294 5139//294
f 5144//297 4843//297 5198//297 5141//297
f 4836//295 5145//295 5143//295 5150//295
f 5197//298 5193//298 5183//298 5179//298 5175//298 5168//298 5165//298 5160//298 5158//298 5154//298 5149//298 5142//298
f 5156//299 4836//299 5150//299 5153//299
f 4838//300 5157//300 5155//300 5159//300
f 5163//270 4838//270 5159//270 5162//270
f 4839//301 5164//301 5161//301 5166//301
f 5170//302 4839//302 5166//302 5167//302
f 5177//288 5171//288 5169//288 5174//288
f 4837//294 5173//294 5187//294 5186//294
f 5286//290 5296//290 5188//290 5172//290
f 4840//303 5178//303 5176//303 5180//303
f 4842//304 4840//304 5180//304 5184//304
f 5195//292 4842//292 5184//292 5192//292
f 5190//298 5189//298 4847//298 5204//298
f 5189//298 5298//298 5280//298 4847//298
f 5191//291 5205//291 4845//291 4841//291
f 4843//305 5196//305 5194//305 5198//305
f 5259//298 5252//298 5247//298 5244//298 5240//298 5231//298 5228//298 5223//298 5219//298 5208//298 5202//298 5199//298
f 5206//295 4844//295 5200//295 5201//295
f 4844//297 4852//297 5258//297 5200//297
f 4846//299 5207//299 5203//299 5209//299
f 5205//291 5212//291 5210//291 4845//291
f 5204//298 4847//298 5215//298 5213//298
f 5221//300 4846//300 5209//300 5218//300
f 5211//296 5214//296 5217//296 5313//296
f 4847//298 5280//298 4859//298 5215//298
f 5215//298 4859//298 5402//298 5310//298
f 5216//291 5309//291 5311//291 5314//291
f 4848//270 5222//270 5220//270 5224//270
f 4849//301 4848//301 5224//301 5229//301
f 4861//290 5233//290 5225//290 5237//290
f 5235//302 4849//302 5229//302 5230//302
f 5242//288 5236//288 5232//288 5239//288
f 4870//290 5329//290 5233//290 4861//290
f 5234//298 5330//298 5361//298 4851//298
f 4850//303 5243//303 5241//303 5245//303
f 5249//304 4850//304 5245//304 5246//304
f 5256//292 5250//292 5248//292 5251//292
f 4852//305 5257//305 5253//305 5258//305
f 5255//296 5366//296 5364//296 5355//296
f 5254//294 5268//294 5274//294 5367//294
f 5323//298 5320//298 5316//298 5306//298 5302//298 5299//298 5294//298 5290//298 5283//298 5277//298 5270//298 5263//298
f 5275//295 5266//295 5264//295 5269//295
f 5265//297 4860//297 5322//297 5262//297
f 4854//299 5276//299 5271//299 5278//299
f 5287//300 4854//300 5278//300 5282//300
f 5370//290 5387//290 5279//290 5383//290
f 5285//294 5384//294 5281//294 5297//294
f 5280//298 5389//298 5440//298 4859//298
f 5292//270 5288//270 5284//270 5289//270
f 4855//301 5293//301 5291//301 5295//301
f 4856//302 4855//302 5295//302 5300//302
f 5304//288 4856//288 5300//288 5301//288
f 4857//303 5305//303 5303//303 5307//303
f 5318//304 4857//304 5307//304 5315//304
f 5312//296 5308//296 5403//296 4866//296
f 4858//292 5319//292 5317//292 5321//292
f 4860//305 4858//305 5321//305 5322//305
f 5391//298 5381//298 5376//298 5373//298 5358//298 5351//298 5348//298 5344//298 5339//298 5336//298 5332//298 5325//298
f 5334//295 5328//295 5326//295 5331//295
f 5327//297 4865//297 5390//297 5324//297
f 5411//290 5487//290 5329//290 4870//290
f 5330//298 5486//298 5482//298 5361//298
f 4862//299 5335//299 5333//299 5337//299
f 5341//300 4862//300 5337//300 5338//300
f 5346//270 5342//270 5340//270 5343//270
f 4863//301 5347//301 5345//301 5349//301
f 5353//302 4863//302 5349//302 5350//302
f 5371//288 5354//288 5352//288 5357//288
f 5404//294 5356//294 5363//294 5360//294
f 4864//303 5372//303 5359//303 5374//303
f 4851//298 5361//298 5365//298 5368//298
f 5405//296 5362//296 5481//296 4876//296
f 5369//294 5438//294 5441//294 5388//294
f 5378//304 4864//304 5374//304 5375//304
f 5385//292 5379//292 5377//292 5380//292
f 4865//305 5386//305 5382//305 5390//305
f 5457//298 5448//298 5443//298 5433//298 5425//298 5420//298 5417//298 5413//298 5408//298 5400//298 5397//298 5393//298
f 4868//295 5396//295 5394//295 5398//295
f 5395//297 4873//297 5456//297 5392//297
f 5406//299 4868//299 5398//299 5399//299
f 4869//300 5407//300 5401//300 5409//300
f 4859//298 5440//298 5427//298 5402//298
f 4866//296 5403//296 5428//296 4867//296
f 5415//270 4869//270 5409//270 5412//270
f 5469//291 5485//291 5410//291 5461//291
f 4871//301 5416//301 5414//301 5418//301
f 5422//302 4871//302 5418//302 5419//302
f 5429//288 5423//288 5421//288 5424//288
f 4872//303 5430//303 5426//303 5434//303
f 5440//298 5436//298 5504//298 5427//298
f 4867//296 5428//296 5506//296 5431//296
f 5505//291 5518//291 5524//291 5432//291
f 5445//304 4872//304 5434//304 5442//304
f 4888//290 5499//290 5435//290 4879//290
f 4879//290 5435//290 5439//290 5437//290
f 5436//298 5500//298 5579//298 5504//298
f 5454//292 5446//292 5444//292 5447//292
f 4873//305 5455//305 5449//305 5456//305
f 5450//294 5453//294 5475//294 5474//294
f 5451//290 5473//290 5467//290 5460//290
f 4885//290 5552//290 5476//290 5452//290
f 5527//298 5520//298 5512//298 5509//298 5502//298 5497//298 5493//298 5490//298 5479//298 5470//298 5463//298 5458//298
f 5465//295 4874//295 5459//295 5462//295
f 4874//297 4882//297 5526//297 5459//297
f 4875//299 5466//299 5464//299 5471//299
f 5468//298 5472//298 5477//298 5486//298
f 5488//300 4875//300 5471//300 5478//300
f 5486//298 5477//298 5483//298 5482//298
f 5477//298 5553//298 5586//298 5483//298
f 4878//270 5489//270 5480//270 5491//270
f 4876//296 5481//296 5484//296 4877//296
f 4877//296 5484//296 5588//296 5596//296
f 5495//301 4878//301 5491//301 5492//301
f 4880//302 5496//302 5494//302 5498//302
f 5507//288 4880//288 5498//288 5501//288
f 5619//290 5569//290 5499//290 4888//290
f 5500//298 5568//298 5560//298 5579//298
f 4881//303 5508//303 5503//303 5510//303
f 5504//298 5579//298 5529//298 5516//298
f 5514//304 4881//304 5510//304 5511//304
f 5522//292 5515//292 5513//292 5519//292
f 5525//296 5517//296 5528//296 5531//296
f 4882//305 5523//305 5521//305 5526//305
f 5558//294 5532//294 5530//294 5578//294
f 5583//298 5580//298 5573//298 5570//298 5563//298 5556//298 5550//298 5547//298 5543//298 5540//298 5536//298 5533//298
f 5538//295 4883//295 5534//295 5535//295
f 4883//297 4891//297 5582//297 5534//297
f 4884//299 5539//299 5537//299 5541//299
f 5545//300 4884//300 5541//300 5542//300
f 4886//270 5546//270 5544//270 5548//270
f 5554//301 4886//301 5548//301 5549//301
f 4887//302 5555//302 5551//302 5557//302
f 4903//290 5658//290 5552//290 4885//290
f 5553//298 5659//298 4893//298 5586//298
f 5565//288 4887//288 5557//288 5562//288
f 5559//296 5577//296 5561//296 4898//296
f 5568//298 4900//298 5748//298 5560//298
f 4898//296 5561//296 5747//296 4912//296
f 4889//303 5566//303 5564//303 5571//303
f 5614//291 5567//291 5618//291 5627//291
f 5613//298 5699//298 4900//298 5568//298
f 5575//304 4889//304 5571//304 5572//304
f 4890//292 5576//292 5574//292 5581//292
f 4891//305 4890//305 5581//305 5582//305
f 5643//298 5640//298 5636//298 5633//298 5629//298 5624//298 5616//298 5610//298 5606//298 5598//298 5590//298 5584//298
f 5592//295 4892//295 5585//295 5589//295
f 4892//297 4901//297 5642//297 5585//297
f 5586//298 4893//298 5687//298 5600//298
f 5587//291 5602//291 5594//291 5597//291
f 4894//299 5593//299 5591//299 5599//299
f 5595//296 5601//296 5686//296 5603//296
f 5608//300 4894//300 5599//300 5605//300
f 5685//291 5695//291 5674//291 5604//291
f 4895//270 5609//270 5607//270 5611//270
f 5620//301 4895//301 5611//301 5615//301
f 5623//290 5700//290 5612//290 5626//290
f 4896//302 5621//302 5617//302 5625//302
f 5709//291 5698//291 5622//291 5702//291
f 5631//288 4896//288 5625//288 5628//288
f 4897//303 5632//303 5630//303 5634//303
f 5638//304 4897//304 5634//304 5635//304
f 4899//292 5639//292 5637//292 5641//292
f 4901//305 4899//305 5641//305 5642//305
f 5645//290 5653//290 5658//290 4903//290
f 5644//294 5762//294 5765//294 5654//294
f 5706//298 5696//298 5689//298 5681//298 5677//298 5672//298 5668//298 5665//298 5661//298 5656//298 5649//298 5646//298
f 5651//295 4902//295 5647//295 5648//295
f 4902//297 4909//297 5705//297 5647//297
f 4904//299 5652//299 5650//299 5657//299
f 5659//298 5655//298 5764//298 4893//298
f 5663//300 4904//300 5657//300 5660//300
f 4905//270 5664//270 5662//270 5666//270
f 5670//301 4905//301 5666//301 5667//301
f 4906//302 5671//302 5669//302 5673//302
f 5679//288 4906//288 5673//288 5676//288
f 5675//296 5694//296 5783//296 5683//296
f 4907//303 5680//303 5678//303 5682//303
f 5691//304 4907//304 5682//304 5688//304
f 5782//291 5804//291 4921//291 5684//291
f 5687//298 4916//298 5781//298 5693//298
f 4893//298 5764//298 4916//298 5687//298
f 4908//292 5692//292 5690//292 5697//292
f 4909//305 4908//305 5697//305 5705//305
f 5708//298 5826//298 4932//298 5699//298
f 5699//298 4932//298 5734//298 4900//298
f 5704//290 5827//290 5707//290 5701//290
f 5824//291 5828//291 5703//291 4923//291
f 5773//298 5770//298 5759//298 5751//298 5742//298 5737//298 5730//298 5727//298 5723//298 5720//298 5716//298 5711//298
f 5718//295 5714//295 5712//295 5715//295
f 5713//297 4918//297 5772//297 5710//297
f 4910//299 5719//299 5717//299 5721//299
f 5725//300 4910//300 5721//300 5722//300
f 4911//270 5726//270 5724//270 5728//270
f 5735//301 4911//301 5728//301 5729//301
f 4913//302 5736//302 5731//302 5738//302
f 4932//298 5867//298 5862//298 5734//298
f 5857//294 5740//294 5745//294 5733//294
f 4900//298 5734//298 5744//298 5748//298
f 5858//296 5732//296 5861//296 5864//296
f 5749//288 4913//288 5738//288 5741//288
f 4912//296 5747//296 5746//296 5739//296
f 4915//303 5750//303 5743//303 5752//303
f 5766//304 4915//304 5752//304 5758//304
f 5757//290 5753//290 5763//290 5761//290
f 5756//294 4914//294 5768//294 5754//294
f 5764//298 5755//298 5769//298 4916//298
f 4917//292 5767//292 5760//292 5771//292
f 4916//298 5769//298 5780//298 5781//298
f 4914//294 4919//294 5779//294 5768//294
f 4918//305 4917//305 5771//305 5772//305
f 5837//298 5832//298 5822//298 5815//298 5808//298 5805//298 5799//298 5796//298 5792//298 5789//298 5785//298 5775//298
f 5787//295 5778//295 5776//295 5784//295
f 5777//297 4926//297 5836//297 5774//297
f 5781//298 5780//298 5893//298 5803//298
f 4919//294 5892//294 5894//294 5779//294
f 4920//299 5788//299 5786//299 5790//299
f 5794//300 4920//300 5790//300 5791//300
f 4922//270 5795//270 5793//270 5797//270
f 5801//301 4922//301 5797//301 5798//301
f 4924//302 5802//302 5800//302 5806//302
f 5803//298 5893//298 5814//298 5825//298
f 5804//291 5824//291 4923//291 4921//291
f 5810//288 4924//288 5806//288 5807//288
f 4925//303 5811//303 5809//303 5816//303
f 5893//298 5896//298 5882//298 5814//298
f 5817//294 4927//294 5819//294 5813//294
f 5825//298 5814//298 5820//298 5826//298
f 5818//296 5812//296 5881//296 5872//296
f 5829//304 4925//304 5816//304 5821//304
f 4927//294 4928//294 5866//294 5819//294
f 5826//298 5820//298 5867//298 4932//298
f 5834//292 5830//292 5823//292 5831//292
f 4926//305 5835//305 5833//305 5836//305
f 5901//298 5889//298 5885//298 5879//298 5875//298 5868//298 5855//298 5852//298 5848//298 5845//298 5841//298 5838//298
f 5843//295 4929//295 5839//295 5840//295
f 4929//297 5903//297 5899//297 5839//297
f 4930//299 5844//299 5842//299 5846//299
f 5850//300 4930//300 5846//300 5847//300
f 4931//270 5851//270 5849//270 5853//270
f 5859//301 4931//301 5853//301 5854//301
f 4933//302 5860//302 5856//302 5869//302
f 4928//294 5865//294 5863//294 5866//294
f 5877//288 4933//288 5869//288 5874//288
f 5870//294 5873//294 5883//294 5898//294
f 5871//290 5897//290 5895//290 5891//290
f 4934//303 5878//303 5876//303 5880//303
f 5887//304 4934//304 5880//304 5884//304
f 4935//292 5888//292 5886//292 5890//292
f 5902//305 4935//305 5890//305 5900//305
f 5938//297 4936//297 5905//297 5940//297
f 4936//305 5907//305 5910//305 5905//305
f 5904//298 5909//298 5911//298 5913//298 5915//298 5920//298 5922//298 5927//298 5929//298 5934//298 5936//298 5941//298
f 5906//292 4937//292 5912//292 5908//292
f 4937//304 4938//304 5914//304 5912//304
f 4938//303 4939//303 5916//303 5914//303
f 4939//288 5918//288 5921//288 5916//288
f 5917//302 4940//302 5923//302 5919//302
f 4940//301 5925//301 5928//301 5923//301
f 5924//270 4941//270 5930//270 5926//270
f 4941//300 5932//300 5935//300 5930//300
f 5931//299 4942//299 5937//299 5933//299
f 4942//295 5939//295 5942//295 5937//295
f 5977//297 4943//297 5944//297 5979//297
f 4943//305 5946//305 5949//305 5944//305
f 5943//298 5948//298 5950//298 5955//298 5957//298 5962//298 5964//298 5969//298 5971//298 5973//298 5975//298 5980//298
f 5945//292 4944//292 5951//292 5947//292
f 4944//304 5953//304 5956//304 5951//304
f 5952//303 4945//303 5958//303 5954//303
f 4945//288 5960//288 5963//288 5958//288
f 5959//302 4946//302 5965//302 5961//302
f 4946//301 5967//301 5970//301 5965//301
f 5966//270 4947//270 5972//270 5968//270
f 4947//300 4948//300 5974//300 5972//300
f 4948//299 4949//299 5976//299 5974//299
f 4949//295 5978//295 5981//295 5976//295
f 6019//297 4950//297 5983//297 6021//297
f 4950//305 5985//305 5988//305 5983//305
f 5982//298 5987//298 5989//298 5994//298 5996//298 6001//298 6003//298 6008//298 6010//298 6015//298 6017//298 6022//298
f 5984//292 4951//292 5990//292 5986//292
f 4951//304 5992//304 5995//304 5990//304
f 5991//303 4952//303 5997//303 5993//303
f 4952//288 5999//288 6002//288 5997//288
f 5998//302 4953//302 6004//302 6000//302
f 4953//301 6006//301 6009//301 6004//301
f 6005//270 4954//270 6011//270 6007//270
f 4954//300 6013//300 6016//300 6011//300
f 6012//299 4955//299 6018//299 6014//299
f 4955//295 6020//295 6023//295 6018//295
f 6058//297 4956//297 6025//297 6060//297
f 4956//305 6027//305 6030//305 6025//305
f 6024//298 6029//298 6031//298 6033//298 6035//298 6040//298 6042//298 6047//298 6049//298 6054//298 6056//298 6061//298
f 6026//292 4957//292 6032//292 6028//292
f 4957//304 4958//304 6034//304 6032//304
f 4958//303 4959//303 6036//303 6034//303
f 4959//288 6038//288 6041//288 6036//288
f 6037//302 4960//302 6043//302 6039//302
f 4960//301 6045//301 6048//301 6043//301
f 6044//270 4961//270 6050//270 6046//270
f 4961//300 6052//300 6055//300 6050//300
f 6051//299 4962//299 6057//299 6053//299
f 4962//295 6059//295 6062//295 6057//295
f 6097//297 4963//297 6064//297 6099//297
f 4963//305 6066//305 6069//305 6064//305
f 6063//298 6068//298 6070//298 6075//298 6077//298 6082//298 6084//298 6089//298 6091//298 6093//298 6095//298 6100//298
f 6065//292 4964//292 6071//292 6067//292
f 4964//304 6073//304 6076//304 6071//304
f 6072//303 4965//303 6078//303 6074//303
f 4965//288 6080//288 6083//288 6078//288
f 6079//302 4966//302 6085//302 6081//302
f 4966//301 6087//301 6090//301 6085//301
f 6086//270 4967//270 6092//270 6088//270
f 4967//300 4968//300 6094//300 6092//300
f 4968//299 4969//299 6096//299 6094//299
f 4969//295 6098//295 6101//295 6096//295
f 6139//297 4970//297 6103//297 6141//297
f 4970//305 6105//305 6108//305 6103//305
f 6102//298 6107//298 6109//298 6114//298 6116//298 6121//298 6123//298 6128//298 6130//298 6135//298 6137//298 6142//298
f 6104//292 4971//292 6110//292 6106//292
f 4971//304 6112//304 6115//304 6110//304
f 6111//303 4972//303 6117//303 6113//303
f 4972//288 6119//288 6122//288 6117//288
f 6118//302 4973//302 6124//302 6120//302
f 4973//301 6126//301 6129//301 6124//301
f 6125//270 4974//270 6131//270 6127//270
f 4974//300 6133//300 6136//300 6131//300
f 6132//299 4975//299 6138//299 6134//299
f 4975//295 6140//295 6143//295 6138//295
f 6178//297 4976//297 6145//297 6180//297
f 4976//305 6147//305 6150//305 6145//305
f 6144//298 6149//298 6151//298 6153//298 6155//298 6160//298 6162//298 6167//298 6169//298 6174//298 6176//298 6181//298
f 6146//292 4977//292 6152//292 6148//292
f 4977//304 4978//304 6154//304 6152//304
f 4978//303 4979//303 6156//303 6154//303
f 4979//288 6158//288 6161//288 6156//288
f 6157//302 4980//302 6163//302 6159//302
f 4980//301 6165//301 6168//301 6163//301
f 6164//270 4981//270 6170//270 6166//270
f 4981//300 6172//300 6175//300 6170//300
f 6171//299 4982//299 6177//299 6173//299
f 4982//295 6179//295 6182//295 6177//295
f 6217//297 4983//297 6184//297 6219//297
f 4983//305 6186//305 6189//305 6184//305
f 6183//298 6188//298 6190//298 6195//298 6197//298 6202//298 6204//298 6209//298 6211//298 6213//298 6215//298 6220//298
f 6185//292 4984//292 6191//292 6187//292
f 4984//304 6193//304 6196//304 6191//304
f 6192//303 4985//303 6198//303 6194//303
f 4985//288 6200//288 6203//288 6198//288
f 6199//302 4986//302 6205//302 6201//302
f 4986//301 6207//301 6210//301 6205//301
f 6206//270 4987//270 6212//270 6208//270
f 4987//300 4988//300 6214//300 6212//300
f 4988//299 4989//299 6216//299 6214//299
f 4989//295 6218//295 6221//295 6216//295
f 6259//297 4990//297 6223//297 6261//297
f 4990//305 6225//305 6228//305 6223//305
f 6222//298 6227//298 6232//298 6234//298 6236//298 6241//298 6243//298 6248//298 6250//298 6255//298 6257//298 6262//298
f 6224//292 6230//292 6233//292 6226//292
f 6229//304 4991//304 6235//304 6231//304
f 4991//303 4992//303 6237//303 6235//303
f 4992//288 6239//288 6242//288 6237//288
f 6238//302 4993//302 6244//302 6240//302
f 4993//301 6246//301 6249//301 6244//301
f 6245//270 4994//270 6251//270 6247//270
f 4994//300 6253//300 6256//300 6251//300
f 6252//299 4995//299 6258//299 6254//299
f 4995//295 6260//295 6263//295 6258//295
f 6301//297 4996//297 6265//297 6303//297
f 4996//305 6267//305 6270//305 6265//305
f 6264//298 6269//298 6274//298 6276//298 6278//298 6283//298 6285//298 6290//298 6292//298 6294//298 6299//298 6304//298
f 6266//292 6272//292 6275//292 6268//292
f 6271//304 4997//304 6277//304 6273//304
f 4997//303 4998//303 6279//303 6277//303
f 4998//288 6281//288 6284//288 6279//288
f 6280//302 4999//302 6286//302 6282//302
f 4999//301 6288//301 6291//301 6286//301
f 6287//270 5000//270 6293//270 6289//270
f 5000//300 5001//300 6295//300 6293//300
f 5001//299 6297//299 6300//299 6295//299
f 6296//295 6302//295 6305//295 6298//295
f 6346//297 5002//297 6307//297 6348//297
f 5002//305 6309//305 6312//305 6307//305
f 6306//298 6311//298 6316//298 6318//298 6323//298 6328//298 6330//298 6335//298 6337//298 6342//298 6344//298 6349//298
f 6308//292 6314//292 6317//292 6310//292
f 6313//304 5003//304 6319//304 6315//304
f 5003//303 6321//303 6324//303 6319//303
f 6320//288 6326//288 6329//288 6322//288
f 6325//302 5004//302 6331//302 6327//302
f 5004//301 6333//301 6336//301 6331//301
f 6332//270 5005//270 6338//270 6334//270
f 5005//300 6340//300 6343//300 6338//300
f 6339//299 5006//299 6345//299 6341//299
f 5006//295 6347//295 6350//295 6345//295
f 6394//297 5007//297 6352//297 6396//297
f 5007//305 6354//305 6357//305 6352//305
f 6351//298 6356//298 6361//298 6363//298 6368//298 6373//298 6375//298 6380//298 6385//298 6387//298 6392//298 6397//298
f 6353//292 6359//292 6362//292 6355//292
f 6358//304 5008//304 6364//304 6360//304
f 5008//303 6366//303 6369//303 6364//303
f 6365//288 6371//288 6374//288 6367//288
f 6370//302 5009//302 6376//302 6372//302
f 5009//301 6378//301 6381//301 6376//301
f 6377//270 6383//270 6386//270 6379//270
f 6382//300 5010//300 6388//300 6384//300
f 5010//299 6390//299 6393//299 6388//299
f 6389//295 6395//295 6398//295 6391//295
f 6436//297 5011//297 6400//297 6438//297
f 5011//305 5012//305 6402//305 6400//305
f 6399//298 6401//298 6406//298 6408//298 6413//298 6415//298 6417//298 6422//298 6427//298 6429//298 6434//298 6439//298
f 5012//292 6404//292 6407//292 6402//292
f 6403//304 5013//304 6409//304 6405//304
f 5013//303 6411//303 6414//303 6409//303
f 6410//288 5014//288 6416//288 6412//288
f 5014//302 5015//302 6418//302 6416//302
f 5015//301 6420//301 6423//301 6418//301
f 6419//270 6425//270 6428//270 6421//270
f 6424//300 5016//300 6430//300 6426//300
f 5016//299 6432//299 6435//299 6430//299
f 6431//295 6437//295 6440//295 6433//295
f 5022//297 5017//297 6442//297 6482//297
f 5017//305 6444//305 6447//305 6442//305
f 6441//298 6446//298 6451//298 6453//298 6458//298 6463//298 6465//298 6467//298 6472//298 6474//298 6479//298 6481//298
f 6443//292 6449//292 6452//292 6445//292
f 6448//304 5018//304 6454//304 6450//304
f 5018//303 6456//303 6459//303 6454//303
f 6455//288 6461//288 6464//288 6457//288
f 6460//302 5019//302 6466//302 6462//302
f 5019//301 5020//301 6468//301 6466//301
f 5020//270 6470//270 6473//270 6468//270
f 6469//300 5021//300 6475//300 6471//300
f 5021//299 6477//299 6480//299 6475//299
f 6476//295 5022//295 6482//295 6478//295
f 5027//297 6484//297 6485//297 6527//297
f 6483//305 5023//305 6489//305 6486//305
f 6487//298 6488//298 6493//298 6495//298 6500//298 6505//298 6507//298 6512//298 6517//298 6519//298 6524//298 6526//298
f 5023//292 6491//292 6494//292 6489//292
f 6490//304 5024//304 6496//304 6492//304
f 5024//303 6498//303 6501//303 6496//303
f 6497//288 6503//288 6506//288 6499//288
f 6502//302 5025//302 6508//302 6504//302
f 5025//301 6510//301 6513//301 6508//301
f 6509//270 6515//270 6518//270 6511//270
f 6514//300 5026//300 6520//300 6516//300
f 5026//299 6522//299 6525//299 6520//299
f 6521//295 5027//295 6527//295 6523//295
f 5033//297 6529//297 6530//297 6569//297
f 6528//305 5028//305 6534//305 6531//305
f 6532//298 6533//298 6538//298 6540//298 6545//298 6547//298 6549//298 6554//298 6559//298 6561//298 6566//298 6568//298
f 5028//292 6536//292 6539//292 6534//292
f 6535//304 5029//304 6541//304 6537//304
f 5029//303 6543//303 6546//303 6541//303
f 6542//288 5030//288 6548//288 6544//288
f 5030//302 5031//302 6550//302 6548//302
f 5031//301 6552//301 6555//301 6550//301
f 6551//270 6557//270 6560//270 6553//270
f 6556//300 5032//300 6562//300 6558//300
f 5032//299 6564//299 6567//299 6562//299
f 6563//295 5033//295 6569//295 6565//295
f 5040//297 6571//297 6572//297 6608//297
f 6570//305 5034//305 6576//305 6573//305
f 6574//298 6575//298 6580//298 6582//298 6587//298 6589//298 6591//298 6593//298 6598//298 6600//298 6605//298 6607//298
f 5034//292 6578//292 6581//292 6576//292
f 6577//304 5035//304 6583//304 6579//304
f 5035//303 6585//303 6588//303 6583//303
f 6584//288 5036//288 6590//288 6586//288
f 5036//302 5037//302 6592//302 6590//302
f 5037//301 5038//301 6594//301 6592//301
f 5038//270 6596//270 6599//270 6594//270
f 6595//300 5039//300 6601//300 6597//300
f 5039//299 6603//299 6606//299 6601//299
f 6602//295 5040//295 6608//295 6604//295
f 5047//297 6610//297 6611//297 6647//297
f 6609//305 5041//305 6615//305 6612//305
f 6613//298 6614//298 6619//298 6621//298 6626//298 6628//298 6630//298 6632//298 6637//298 6639//298 6644//298 6646//298
f 5041//292 6617//292 6620//292 6615//292
f 6616//304 5042//304 6622//304 6618//304
f 5042//303 6624//303 6627//303 6622//303
f 6623//288 5043//288 6629//288 6625//288
f 5043//302 5044//302 6631//302 6629//302
f 5044//301 5045//301 6633//301 6631//301
f 5045//270 6635//270 6638//270 6633//270
f 6634//300 5046//300 6640//300 6636//300
f 5046//299 6642//299 6645//299 6640//299
f 6641//295 5047//295 6647//295 6643//295
f 5054//297 6649//297 6650//297 6686//297
f 6648//305 5048//305 6654//305 6651//305
f 6652//298 6653//298 6658//298 6660//298 6665//298 6667//298 6669//298 6671//298 6676//298 6678//298 6683//298 6685//298
f 5048//292 6656//292 6659//292 6654//292
f 6655//304 5049//304 6661//304 6657//304
f 5049//303 6663//303 6666//303 6661//303
f 6662//288 5050//288 6668//288 6664//288
f 5050//302 5051//302 6670//302 6668//302
f 5051//301 5052//301 6672//301 6670//301
f 5052//270 6674//270 6677//270 6672//270
f 6673//300 5053//300 6679//300 6675//300
f 5053//299 6681//299 6684//299 6679//299
f 6680//295 5054//295 6686//295 6682//295
f 5060//297 6688//297 6689//297 6728//297
f 6687//305 5055//305 6693//305 6690//305
f 6691//298 6692//298 6697//298 6699//298 6704//298 6709//298 6711//298 6713//298 6718//298 6720//298 6725//298 6727//298
f 5055//292 6695//292 6698//292 6693//292
f 6694//304 5056//304 6700//304 6696//304
f 5056//303 6702//303 6705//303 6700//303
f 6701//288 6707//288 6710//288 6703//288
f 6706//302 5057//302 6712//302 6708//302
f 5057//301 5058//301 6714//301 6712//301
f 5058//270 6716//270 6719//270 6714//270
f 6715//300 5059//300 6721//300 6717//300
f 5059//299 6723//299 6726//299 6721//299
f 6722//295 5060//295 6728//295 6724//295
f 5066//297 6730//297 6731//297 6770//297
f 6729//305 5061//305 6735//305 6732//305
f 6733//298 6734//298 6739//298 6741//298 6746//298 6748//298 6753//298 6755//298 6760//298 6762//298 6767//298 6769//298
f 5061//292 6737//292 6740//292 6735//292
f 6736//304 5062//304 6742//304 6738//304
f 5062//303 6744//303 6747//303 6742//303
f 6743//288 5063//288 6749//288 6745//288
f 5063//302 6751//302 6754//302 6749//302
f 6750//301 5064//301 6756//301 6752//301
f 5064//270 6758//270 6761//270 6756//270
f 6757//300 5065//300 6763//300 6759//300
f 5065//299 6765//299 6768//299 6763//299
f 6764//295 5066//295 6770//295 6766//295
o Shoe
v -0.884615 -3.715385 -0.000000
v -0.530769 -3.715385 0.176923
v -0.530769 -3.361539 0.353846
v -0.530769 -3.715385 0.353846
v -0.530769 -3.361539 0.530769
v -0.530769 -3.715385 0.530769
v -0.530769 -3.715385 0.707692
v -0.530769 -3.715385 0.884615
v -1.238462 -3.715385 0.176923
v 1.153470 -3.591538 1.061538
v -1.238462 -3.715385 0.353846
v 0.969607 -3.591538 1.061538
v -0.884615 -3.361539 0.353846
v -0.884615 -3.361539 0.176923
v -1.238462 -3.715385 0.530769
v 0.969607 -3.485385 1.061538
v -0.884615 -3.361539 0.530769
v 1.153470 -3.485385 1.061538
v -1.238462 -3.715385 0.707692
v 0.799624 -3.591538 1.061538
v -0.884615 -3.361539 0.884615
v -0.884615 -3.361539 0.707692
v -1.238462 -3.715385 0.884615
v 0.654615 -3.630394 1.061538
v -0.884615 -3.715385 1.061538
v 0.530769 -3.715385 0.176923
v 0.615760 -3.591538 1.061538
v 0.884615 -3.361539 0.176923
v 0.615760 -3.485385 1.061538
v 0.530769 -3.715385 0.353846
v 0.530769 -3.361539 0.353846
v 0.654615 -3.446530 1.061538
v 0.530769 -3.361539 0.530769
v 0.799624 -3.485385 1.061538
v 0.530769 -3.715385 0.530769
v 0.530769 -3.715385 0.884615
v 0.530769 -3.715385 0.707692
v 0.884615 -3.361539 0.884615
v -0.615760 -3.591538 1.061538
v -0.654615 -3.630394 1.061538
v -0.799624 -3.591538 1.061538
v -0.799624 -3.485385 1.061538
v 1.238462 -3.715385 0.176923
v 0.884615 -3.715385 -0.000000
v -0.654615 -3.446530 1.061538
v -0.615760 -3.485385 1.061538
v 1.238462 -3.715385 0.353846
v -0.969607 -3.591538 1.061538
v 0.884615 -3.361539 0.353846
v 1.238462 -3.715385 0.530769
v 1.238462 -3.715385 0.707692
v 0.884615 -3.361539 0.530769
v 0.884615 -3.361539 0.707692
v -1.153470 -3.591538 1.061538
v -1.153470 -3.485385 1.061538
v 1.238462 -3.715385 0.884615
v 0.884615 -3.715385 1.061538
v -0.969607 -3.485385 1.061538
v -0.548462 -3.379231 -0.000000
v -0.548462 -3.361539 0.017692
v -0.530769 -3.379231 0.017692
v -0.548462 -3.715385 -0.000000
v -0.530769 -3.715385 0.017692
v -0.530769 -3.379231 0.176923
v -0.548462 -3.361539 0.176923
v -0.530769 -3.361539 0.194615
v -0.548462 -3.361539 0.707692
v -0.530769 -3.379231 0.707692
v -0.530769 -3.361539 0.690000
v -0.530769 -3.715385 1.043846
v -0.548462 -3.715385 1.061538
v -0.548462 -3.361539 1.043846
v -0.548462 -3.379231 1.061538
v -0.530769 -3.379231 1.043846
v -0.530769 -3.379231 0.884615
v -0.548462 -3.361539 0.884615
v -1.238462 -3.379231 0.176923
v -1.220769 -3.361539 0.176923
v -1.220769 -3.361539 0.017692
v -1.220769 -3.379231 -0.000000
v -1.238462 -3.379231 0.017692
v -1.238462 -3.715385 0.017692
v -1.220769 -3.715385 -0.000000
v 1.137608 -3.582380 1.125231
v 1.153470 -3.591538 1.107538
v -0.884615 -3.379231 -0.000000
v -0.884615 -3.361539 0.017692
v 1.127126 -3.617883 1.107538
v 1.105457 -3.614531 1.125231
v 1.097526 -3.634973 1.107538
v 1.127126 -3.617883 1.061538
v 1.097526 -3.634973 1.061538
v 1.078628 -3.640036 1.107538
v 1.061538 -3.626299 1.125231
v 1.044449 -3.640036 1.107538
v 1.078628 -3.640036 1.061538
v 1.044449 -3.640036 1.061538
v 1.025551 -3.634973 1.107538
v 1.017620 -3.614531 1.125231
v 0.995951 -3.617883 1.107538
v 1.025551 -3.634973 1.061538
v 0.995951 -3.617883 1.061538
v 0.985469 -3.582380 1.125231
v 0.969607 -3.591538 1.107538
v 0.959964 -3.555551 1.107538
v 0.973701 -3.538462 1.125231
v 0.959964 -3.521372 1.107538
v 0.959964 -3.555551 1.061538
v 0.959964 -3.521372 1.061538
v 0.985469 -3.494543 1.125231
v 0.969607 -3.485385 1.107538
v -1.220769 -3.361539 0.353846
v -1.238462 -3.379231 0.353846
v -1.238462 -3.379231 0.530769
v -1.220769 -3.361539 0.530769
v 0.995951 -3.459040 1.107538
v 1.017620 -3.462392 1.125231
v 1.025551 -3.441951 1.107538
v 0.995951 -3.459040 1.061538
v 1.025551 -3.441951 1.061538
v 1.044449 -3.436887 1.107538
v 1.061538 -3.450624 1.125231
v 1.078628 -3.436887 1.107538
v 1.044449 -3.436887 1.061538
v 1.078628 -3.436887 1.061538
v 1.097526 -3.441951 1.107538
v 1.105457 -3.462392 1.125231
v 1.127126 -3.459040 1.107538
v 1.097526 -3.441951 1.061538
v 1.127126 -3.459040 1.061538
v -1.238462 -3.379231 0.707692
v -1.220769 -3.361539 0.707692
v 1.137608 -3.494543 1.125231
v 1.153470 -3.485385 1.107538
v 1.163113 -3.555551 1.107538
v 1.163113 -3.521372 1.107538
v 1.149376 -3.538462 1.125231
v -1.238462 -3.379231 0.884615
v -1.220769 -3.361539 0.884615
v 1.163113 -3.521372 1.061538
v 1.163113 -3.555551 1.061538
v 0.783762 -3.582380 1.125231
v 0.799624 -3.591538 1.107538
v -1.220769 -3.715385 1.061538
v -1.238462 -3.715385 1.043846
v -1.220769 -3.379231 1.061538
v -1.220769 -3.361539 1.043846
v -1.238462 -3.379231 1.043846
v 0.773280 -3.617883 1.107538
v 0.751611 -3.614531 1.125231
v 0.743680 -3.634973 1.107538
v 0.773280 -3.617883 1.061538
v 0.743680 -3.634973 1.061538
v 0.724782 -3.640036 1.107538
v 0.707692 -3.626299 1.125231
v 0.690603 -3.640036 1.107538
v 0.724782 -3.640036 1.061538
v 0.690603 -3.640036 1.061538
v 0.663774 -3.614531 1.125231
v 0.654615 -3.630394 1.107538
v -0.884615 -3.361539 1.043846
v -0.884615 -3.379231 1.061538
v 0.631623 -3.582380 1.125231
v 0.615760 -3.591538 1.107538
v 0.548462 -3.361539 0.176923
v 0.530769 -3.379231 0.176923
v 0.530769 -3.361539 0.194615
v 0.548462 -3.361539 0.017692
v 0.548462 -3.379231 -0.000000
v 0.530769 -3.379231 0.017692
v 0.606118 -3.555551 1.107538
v 0.619855 -3.538462 1.125231
v 0.606118 -3.521372 1.107538
v 0.606118 -3.555551 1.061538
v 0.606118 -3.521372 1.061538
v 0.884615 -3.361539 0.017692
v 0.884615 -3.379231 -0.000000
v 0.631623 -3.494543 1.125231
v 0.615760 -3.485385 1.107538
v 0.663774 -3.462392 1.125231
v 0.654615 -3.446530 1.107538
v 0.530769 -3.715385 0.017692
v 0.548462 -3.715385 -0.000000
v 0.690603 -3.436887 1.107538
v 0.707692 -3.450624 1.125231
v 0.724782 -3.436887 1.107538
v 0.690603 -3.436887 1.061538
v 0.724782 -3.436887 1.061538
v 0.743680 -3.441951 1.107538
v 0.751611 -3.462392 1.125231
v 0.773280 -3.459040 1.107538
v 0.743680 -3.441951 1.061538
v 0.773280 -3.459040 1.061538
v 0.783762 -3.494543 1.125231
v 0.799624 -3.485385 1.107538
v 0.530769 -3.379231 0.707692
v 0.548462 -3.361539 0.707692
v 0.530769 -3.361539 0.690000
v 0.530769 -3.379231 0.884615
v 0.548462 -3.361539 0.884615
v 0.809267 -3.555551 1.107538
v 0.809267 -3.521372 1.107538
v 0.795530 -3.538462 1.125231
v 0.809267 -3.521372 1.061538
v 0.809267 -3.555551 1.061538
v -0.631623 -3.582380 1.125231
v -0.615760 -3.591538 1.107538
v 0.548462 -3.715385 1.061538
v 0.530769 -3.715385 1.043846
v -0.663774 -3.614531 1.125231
v -0.654615 -3.630394 1.107538
v -0.690603 -3.640036 1.107538
v -0.707692 -3.626299 1.125231
v -0.724782 -3.640036 1.107538
v -0.690603 -3.640036 1.061538
v -0.724782 -3.640036 1.061538
v 0.548462 -3.379231 1.061538
v 0.548462 -3.361539 1.043846
v 0.530769 -3.379231 1.043846
v -0.743680 -3.634973 1.107538
v -0.751611 -3.614531 1.125231
v -0.773280 -3.617883 1.107538
v -0.743680 -3.634973 1.061538
v -0.773280 -3.617883 1.061538
v -0.783762 -3.582380 1.125231
v -0.799624 -3.591538 1.107538
v 0.884615 -3.379231 1.061538
v 0.884615 -3.361539 1.043846
v -0.809267 -3.555551 1.107538
v -0.795530 -3.538462 1.125231
v -0.809267 -3.521372 1.107538
v -0.809267 -3.555551 1.061538
v -0.809267 -3.521372 1.061538
v -0.783762 -3.494543 1.125231
v -0.799624 -3.485385 1.107538
v -0.773280 -3.459040 1.107538
v -0.751611 -3.462392 1.125231
v -0.743680 -3.441951 1.107538
v -0.773280 -3.459040 1.061538
v -0.743680 -3.441951 1.061538
v -0.724782 -3.436887 1.107538
v -0.707692 -3.450624 1.125231
v -0.690603 -3.436887 1.107538
v 1.220769 -3.379231 -0.000000
v 1.220769 -3.361539 0.017692
v 1.238462 -3.379231 0.017692
v -0.724782 -3.436887 1.061538
v -0.690603 -3.436887 1.061538
v -0.663774 -3.462392 1.125231
v -0.654615 -3.446530 1.107538
v 1.220769 -3.715385 -0.000000
v 1.238462 -3.715385 0.017692
v -0.631623 -3.494543 1.125231
v -0.615760 -3.485385 1.107538
v -0.606118 -3.555551 1.107538
v -0.606118 -3.521372 1.107538
v -0.619855 -3.538462 1.125231
v -0.606118 -3.521372 1.061538
v -0.606118 -3.555551 1.061538
v 1.220769 -3.361539 0.353846
v 1.238462 -3.379231 0.353846
v 1.238462 -3.379231 0.176923
v 1.220769 -3.361539 0.176923
v -0.985469 -3.582380 1.125231
v -0.969607 -3.591538 1.107538
v 1.220769 -3.361539 0.530769
v 1.238462 -3.379231 0.530769
v -0.995951 -3.617883 1.107538
v -1.017620 -3.614531 1.125231
v -1.025551 -3.634973 1.107538
v -0.995951 -3.617883 1.061538
v -1.025551 -3.634973 1.061538
v -1.044449 -3.640036 1.107538
v -1.061538 -3.626299 1.125231
v -1.078628 -3.640036 1.107538
v -1.044449 -3.640036 1.061538
v -1.078628 -3.640036 1.061538
v -1.097526 -3.634973 1.107538
v -1.105457 -3.614531 1.125231
v -1.127126 -3.617883 1.107538
v -1.097526 -3.634973 1.061538
v -1.127126 -3.617883 1.061538
v -1.137608 -3.582380 1.125231
v -1.153470 -3.591538 1.107538
v -1.163113 -3.555551 1.107538
v -1.149376 -3.538462 1.125231
v -1.163113 -3.521372 1.107538
v -1.163113 -3.555551 1.061538
v -1.163113 -3.521372 1.061538
v -1.137608 -3.494543 1.125231
v -1.153470 -3.485385 1.107538
v -1.127126 -3.459040 1.107538
v -1.105457 -3.462392 1.125231
v -1.097526 -3.441951 1.107538
v -1.127126 -3.459040 1.061538
v -1.097526 -3.441951 1.061538
v 1.220769 -3.361539 0.884615
v 1.238462 -3.379231 0.884615
v 1.238462 -3.379231 0.707692
v 1.220769 -3.361539 0.707692
v -1.078628 -3.436887 1.107538
v -1.061538 -3.450624 1.125231
v -1.044449 -3.436887 1.107538
v 1.220769 -3.379231 1.061538
v 1.238462 -3.379231 1.043846
v 1.220769 -3.361539 1.043846
v 1.238462 -3.715385 1.043846
v 1.220769 -3.715385 1.061538
v -1.078628 -3.436887 1.061538
v -1.044449 -3.436887 1.061538
v -1.025551 -3.441951 1.107538
v -1.017620 -3.462392 1.125231
v -0.995951 -3.459040 1.107538
v -1.025551 -3.441951 1.061538
v -0.995951 -3.459040 1.061538
v -0.985469 -3.494543 1.125231
v -0.969607 -3.485385 1.107538
v -0.959964 -3.555551 1.107538
v -0.959964 -3.521372 1.107538
v -0.973701 -3.538462 1.125231
v -0.959964 -3.521372 1.061538
v -0.959964 -3.555551 1.061538
vn 1.0000 -0.0000 -0.0000
vn -1.0000 -0.0000 -0.0000
vn 0.5773 0.5773 -0.5774
vn 0.5774 0.5774 -0.5773
vn 0.5774 0.5774 0.5773
vn 0.5773 0.5773 0.5774
vn -0.5773 0.5773 -0.5774
vn 0.3949 -0.6840 0.6133
vn -0.0000 -0.7899 0.6133
vn -0.3949 -0.6840 0.6133
vn -0.7899 -0.0000 0.6133
vn -0.3949 0.6840 0.6133
vn -0.0000 0.7899 0.6133
vn 0.3949 0.6840 0.6133
vn 0.7899 -0.0000 0.6133
vn -0.5773 0.5773 0.5774
vn -0.5774 0.5774 -0.5773
vn -0.5774 0.5774 0.5773
vn 0.6830 -0.1830 0.7071
vn 0.5000 -0.5000 0.7071
vn 0.1830 -0.6830 0.7071
vn 0.5000 -0.8660 -0.0000
vn 0.7071 0.7071 -0.0000
vn -0.1830 -0.6830 0.7071
vn -0.0000 -1.0000 -0.0000
vn -0.5000 -0.5000 0.7071
vn -0.7071 0.7071 -0.0000
vn -0.7071 -0.0000 -0.7071
vn -0.5000 -0.8660 -0.0000
vn -0.6830 -0.1830 0.7071
vn -0.6830 0.1830 0.7071
vn -0.5000 0.5000 0.7071
vn -0.1830 0.6830 0.7071
vn -0.5000 0.8660 -0.0000
vn 0.1830 0.6830 0.7071
vn -0.0000 1.0000 -0.0000
vn 0.5000 0.5000 0.7071
vn 0.5000 0.8660 -0.0000
vn 0.6830 0.1830 0.7071
vn -0.7071 -0.0000 0.7071
vn 0.7071 -0.0000 0.7071
vn 0.7071 -0.0000 -0.7071
vn -0.0000 0.7071 -0.7071
vn -0.0000 0.7071 0.7071
vn -0.0000 -0.0000 -1.0000
vn -0.0000 -0.0000 1.0000
vn 0.7071 -0.7071 -0.0000
vn 0.9659 -0.2588 -0.0000
vn 0.2588 -0.9659 -0.0000
vn -0.2588 -0.9659 -0.0000
vn -0.7071 -0.7071 -0.0000
vn -0.9659 -0.2588 -0.0000
vn -0.9659 0.2588 -0.0000
vn -0.2588 0.9659 -0.0000
vn 0.2588 0.9659 -0.0000
vn 0.9659 0.2588 -0.0000
s 0
usemtl Shoe
f 6774//306 6773//306 6775//306 6776//306
f 6805//307 6803//307 6801//307 6800//307
f 6829//308 6830//308 6831//308
f 6834//309 6835//309 6836//309
f 6837//310 6838//310 6839//310
f 6842//311 6843//311 6844//311
f 6849//312 6850//312 6851//312
f 6858//313 6859//313 6860//313
f 6863//314 6864//314 6865//314
f 6868//315 6869//315 6870//315
f 6875//316 6876//316 6877//316
f 6886//317 6887//317 6888//317
f 6891//318 6892//318 6893//318
f 6896//319 6897//319 6898//319
f 6905//320 6906//320 6907//320
f 6916//321 6917//321 6918//321
f 6919//313 6920//313 6921//313
f 6924//314 6925//314 6926//314
f 6935//322 6936//322 6937//322
f 6938//312 6939//312 6940//312
f 6941//316 6942//316 6943//316
f 6954//318 6955//318 6956//318
f 6959//319 6960//319 6961//319
f 6966//323 6967//323 6968//323
f 6971//320 6972//320 6973//320
f 6982//314 6983//314 6984//314
f 6987//321 6988//321 6989//321
f 6990//315 6991//315 6992//315
f 6999//316 7000//316 7001//316
f 7006//317 7007//317 7008//317
f 7011//318 7012//318 7013//318
f 7014//308 7015//308 7016//308
f 7025//320 7026//320 7027//320
f 7038//313 7039//313 7040//313
f 7043//314 7044//314 7045//314
f 7048//315 7049//315 7050//315
f 7055//316 7056//316 7057//316
f 7062//317 7063//317 7064//317
f 7071//318 7072//318 7073//318
f 7074//311 7075//311 7076//311
f 7081//319 7082//319 7083//319
f 7088//320 7089//320 7090//320
f 6907//324 6854//324 6855//324 6905//324
f 6854//325 6859//325 6858//325 6855//325
f 6859//326 6864//326 6863//326 6860//326
f 6861//327 6858//327 6860//327 6862//327
f 6844//328 6845//328 6846//328 6842//328
f 6864//329 6869//329 6868//329 6865//329
f 6866//330 6863//330 6865//330 6867//330
f 6869//331 6873//331 6874//331 6870//331
f 6848//332 6849//332 6851//332 6847//332
f 6850//333 6853//333 6852//333 6851//333
f 6871//334 6868//334 6870//334 6872//334
f 6873//335 6876//335 6875//335 6874//335
f 6876//336 6880//336 6881//336 6877//336
f 6878//307 6875//307 6877//307 6879//307
f 6880//337 6887//337 6886//337 6881//337
f 6887//338 6892//338 6891//338 6888//338
f 6889//339 6886//339 6888//339 6890//339
f 6892//340 6897//340 6896//340 6893//340
f 6894//341 6891//341 6893//341 6895//341
f 6897//342 6903//342 6904//342 6898//342
f 6899//343 6896//343 6898//343 6900//343
f 6883//332 6884//332 6885//332 6882//332
f 6903//344 6907//344 6906//344 6904//344
f 6905//306 6911//306 6910//306 6906//306
f 6973//324 6912//324 6913//324 6971//324
f 6912//325 6920//325 6919//325 6913//325
f 6920//326 6925//326 6924//326 6921//326
f 6922//327 6919//327 6921//327 6923//327
f 6925//329 6929//329 6930//329 6926//329
f 6927//330 6924//330 6926//330 6928//330
f 6929//331 6933//331 6934//331 6930//331
f 6914//345 6916//345 6918//345 6915//345
f 6933//335 6942//335 6941//335 6934//335
f 6942//336 6948//336 6949//336 6943//336
f 6944//307 6941//307 6943//307 6945//307
f 6948//337 6950//337 6951//337 6949//337
f 6935//332 6938//332 6940//332 6936//332
f 6950//338 6955//338 6954//338 6951//338
f 6955//340 6960//340 6959//340 6956//340
f 6957//341 6954//341 6956//341 6958//341
f 6960//342 6964//342 6965//342 6961//342
f 6962//343 6959//343 6961//343 6963//343
f 6964//344 6973//344 6972//344 6965//344
f 6971//306 6975//306 6974//306 6972//306
f 7027//324 6976//324 6977//324 7025//324
f 6976//325 6980//325 6981//325 6977//325
f 6980//326 6983//326 6982//326 6981//326
f 6983//329 6991//329 6990//329 6984//329
f 6985//330 6982//330 6984//330 6986//330
f 6991//331 6995//331 6996//331 6992//331
f 6993//334 6990//334 6992//334 6994//334
f 6995//335 7000//335 6999//335 6996//335
f 7000//336 7004//336 7005//336 7001//336
f 7002//307 6999//307 7001//307 7003//307
f 7004//337 7007//337 7006//337 7005//337
f 7007//338 7012//338 7011//338 7008//338
f 7009//339 7006//339 7008//339 7010//339
f 7012//340 7019//340 7020//340 7013//340
f 7017//341 7011//341 7013//341 7018//341
f 7019//342 7023//342 7024//342 7020//342
f 7023//344 7027//344 7026//344 7024//344
f 7025//306 7029//306 7028//306 7026//306
f 7090//324 7034//324 7035//324 7088//324
f 7034//325 7039//325 7038//325 7035//325
f 7031//328 7032//328 7033//328 7030//328
f 7039//326 7044//326 7043//326 7040//326
f 7041//327 7038//327 7040//327 7042//327
f 7044//329 7049//329 7048//329 7045//329
f 7046//330 7043//330 7045//330 7047//330
f 7049//331 7053//331 7054//331 7050//331
f 7051//334 7048//334 7050//334 7052//334
f 7053//335 7056//335 7055//335 7054//335
f 7056//336 7060//336 7061//336 7057//336
f 7058//307 7055//307 7057//307 7059//307
f 7060//337 7063//337 7062//337 7061//337
f 7063//338 7072//338 7071//338 7064//338
f 7065//339 7062//339 7064//339 7066//339
f 7068//328 7069//328 7070//328 7067//328
f 7072//340 7082//340 7081//340 7073//340
f 7079//341 7071//341 7073//341 7080//341
f 7074//346 7078//346 7077//346 7075//346
f 7082//342 7086//342 7087//342 7083//342
f 7084//343 7081//343 7083//343 7085//343
f 7086//344 7090//344 7089//344 7087//344
f 7088//306 7092//306 7091//306 7089//306
f 6832//347 6829//347 6831//347 6833//347
f 6830//328 6835//328 6834//328 6831//328
f 6829//348 6856//348 6857//348 6830//348
f 6837//328 6846//328 6845//328 6838//328
f 6843//346 6841//346 6840//346 6844//346
f 6932//349 6843//349 6842//349 6931//349
f 6856//348 6850//348 6849//348 6857//348
f 6882//332 6848//332 6847//332 6883//332
f 6902//332 6885//332 6884//332 6901//332
f 6909//332 6902//332 6901//332 6908//332
f 6917//332 6909//332 6908//332 6918//332
f 6916//349 6932//349 6931//349 6917//349
f 6939//333 6953//333 6952//333 6940//333
f 6947//348 6939//348 6938//348 6946//348
f 6970//332 6967//332 6966//332 6969//332
f 6978//345 6987//345 6989//345 6979//345
f 6988//332 6970//332 6969//332 6989//332
f 6987//349 6997//349 6998//349 6988//349
f 7021//347 7014//347 7016//347 7022//347
f 7015//328 7033//328 7032//328 7016//328
f 7014//348 6947//348 6946//348 7015//348
f 7030//328 7036//328 7037//328 7031//328
f 7036//328 7070//328 7069//328 7037//328
f 7067//328 7076//328 7075//328 7068//328
f 6997//349 7074//349 7076//349 6998//349
f 6856//350 6829//350 6832//350 6771//350
f 6833//306 6831//306 6834//306 6772//306
f 6857//341 6784//341 6835//341 6830//341
f 6772//306 6834//306 6836//306 6773//306 6774//306
f 6776//306 6775//306 6839//306 6838//306 6777//306
f 6777//306 6838//306 6845//306 6778//306
f 6792//341 6791//341 6846//341 6837//341
f 6778//306 6845//306 6844//306 6840//306
f 6795//351 6841//351 6843//351 6932//351
f 6791//341 6931//341 6842//341 6846//341
f 6781//307 6883//307 6847//307 6779//307
f 6779//307 6847//307 6851//307 6852//307
f 6849//341 6848//341 6784//341 6857//341
f 6848//341 6882//341 6783//341 6784//341
f 6850//350 6856//350 6771//350 6853//350
f 6907//351 6903//351 6897//351 6892//351 6887//351 6880//351 6876//351 6873//351 6869//351 6864//351 6859//351 6854//351
f 6861//352 6780//352 6855//352 6858//352
f 6780//353 6911//353 6905//353 6855//353
f 6866//354 6862//354 6860//354 6863//354
f 6871//355 6867//355 6865//355 6868//355
f 6782//356 6872//356 6870//356 6874//356
f 6878//357 6782//357 6874//357 6875//357
f 6786//358 6879//358 6877//358 6881//358
f 6889//332 6786//332 6881//332 6886//332
f 6882//341 6885//341 6787//341 6783//341
f 6785//307 6884//307 6883//307 6781//307
f 6789//307 6901//307 6884//307 6785//307
f 6885//341 6902//341 6792//341 6787//341
f 6894//359 6890//359 6888//359 6891//359
f 6899//360 6895//360 6893//360 6896//360
f 6788//328 6900//328 6898//328 6904//328
f 6793//307 6908//307 6901//307 6789//307
f 6902//341 6909//341 6791//341 6792//341
f 6910//361 6788//361 6904//361 6906//361
f 6915//307 6918//307 6908//307 6793//307
f 6909//341 6917//341 6931//341 6791//341
f 6973//351 6964//351 6960//351 6955//351 6950//351 6948//351 6942//351 6933//351 6929//351 6925//351 6920//351 6912//351
f 6922//352 6790//352 6913//352 6919//352
f 6790//353 6975//353 6971//353 6913//353
f 6914//351 6795//351 6932//351 6916//351
f 6927//354 6923//354 6921//354 6924//354
f 6794//355 6928//355 6926//355 6930//355
f 6797//356 6794//356 6930//356 6934//356
f 6944//357 6797//357 6934//357 6941//357
f 6800//307 6801//307 6937//307 6936//307 6796//307
f 6796//307 6936//307 6940//307 6952//307
f 6938//341 6935//341 6798//341 6946//341
f 6939//350 6947//350 6814//350 6953//350
f 6799//358 6945//358 6943//358 6949//358
f 6946//341 6798//341 7033//341 7015//341
f 6947//350 7014//350 7021//350 6814//350
f 6802//332 6799//332 6949//332 6951//332
f 6957//359 6802//359 6951//359 6954//359
f 6962//360 6958//360 6956//360 6959//360
f 6804//328 6963//328 6961//328 6965//328
f 6974//361 6804//361 6965//361 6972//361
f 6806//307 6969//307 6966//307 6807//307
f 6807//307 6966//307 6968//307 6803//307 6805//307
f 6967//341 6970//341 6808//341 6823//341
f 6979//307 6989//307 6969//307 6806//307
f 6970//341 6988//341 6998//341 6808//341
f 7027//351 7023//351 7019//351 7012//351 7007//351 7004//351 7000//351 6995//351 6991//351 6983//351 6980//351 6976//351
f 6810//352 6809//352 6977//352 6981//352
f 6809//353 7029//353 7025//353 6977//353
f 6978//351 6827//351 6997//351 6987//351
f 6985//354 6810//354 6981//354 6982//354
f 6993//355 6986//355 6984//355 6990//355
f 6811//356 6994//356 6992//356 6996//356
f 7002//357 6811//357 6996//357 6999//357
f 6827//351 7078//351 7074//351 6997//351
f 6808//341 6998//341 7076//341 7067//341
f 6812//358 7003//358 7001//358 7005//358
f 7009//332 6812//332 7005//332 7006//332
f 7017//359 7010//359 7008//359 7011//359
f 6815//360 7018//360 7013//360 7020//360
f 7022//306 7016//306 7032//306 6813//306
f 6816//328 6815//328 7020//328 7024//328
f 7028//361 6816//361 7024//361 7026//361
f 6798//341 6819//341 7030//341 7033//341
f 6813//306 7032//306 7031//306 6817//306
f 6819//341 6822//341 7036//341 7030//341
f 6817//306 7031//306 7037//306 6820//306
f 7090//351 7086//351 7082//351 7072//351 7063//351 7060//351 7056//351 7053//351 7049//351 7044//351 7039//351 7034//351
f 7041//352 6818//352 7035//352 7038//352
f 6818//353 7092//353 7088//353 7035//353
f 6822//341 6823//341 7070//341 7036//341
f 6820//306 7037//306 7069//306 6821//306
f 7046//354 7042//354 7040//354 7043//354
f 7051//355 7047//355 7045//355 7048//355
f 6824//356 7052//356 7050//356 7054//356
f 7058//357 6824//357 7054//357 7055//357
f 6825//358 7059//358 7057//358 7061//358
f 7065//332 6825//332 7061//332 7062//332
f 7079//359 7066//359 7064//359 7071//359
f 6823//341 6808//341 7067//341 7070//341
f 6821//306 7069//306 7068//306 6826//306
f 6826//306 7068//306 7075//306 7077//306
f 7084//360 7080//360 7073//360 7081//360
f 6828//328 7085//328 7083//328 7087//328
f 7091//361 6828//361 7087//361 7089//361
o Sole
v -0.530769 -3.715385 0.176923
v -0.884615 -4.069231 0.353846
v -0.530769 -3.715385 0.353846
v -0.530769 -3.715385 0.530769
v -0.530769 -3.715385 0.707692
v -0.530769 -3.715385 0.884615
v -0.884615 -4.069231 0.884615
v -0.884615 -4.069231 0.176923
v -0.884615 -3.715385 -0.000000
v -1.238462 -3.715385 0.353846
v -1.238462 -3.715385 0.176923
v -1.238462 -3.715385 0.530769
v -0.884615 -4.069231 0.530769
v -1.238462 -3.715385 0.707692
v -1.238462 -3.715385 0.884615
v -0.884615 -4.069231 0.707692
v -0.884615 -3.715385 1.061538
v 0.884615 -4.069231 0.176923
v 0.530769 -3.715385 0.353846
v 0.530769 -3.715385 0.176923
v 0.884615 -4.069231 0.353846
v 0.884615 -4.069231 0.530769
v 0.530769 -3.715385 0.530769
v 0.884615 -4.069231 0.707692
v 0.530769 -3.715385 0.707692
v 0.530769 -3.715385 0.884615
v 0.884615 -3.715385 -0.000000
v 1.238462 -3.715385 0.176923
v 1.238462 -3.715385 0.353846
v 1.238462 -3.715385 0.530769
v 1.238462 -3.715385 0.707692
v 1.238462 -3.715385 0.884615
v 0.884615 -4.069231 0.884615
v 0.884615 -3.715385 1.061538
v -0.548462 -4.069231 0.017692
v -0.548462 -4.051538 -0.000000
v -0.530769 -4.051538 0.017692
v -0.530769 -3.715385 0.017692
v -0.548462 -3.715385 -0.000000
v -0.530769 -4.051538 0.176923
v -0.548462 -4.069231 0.176923
v -0.530769 -4.051538 0.353846
v -0.548462 -4.069231 0.353846
v -0.530769 -4.051538 0.530769
v -0.548462 -4.069231 0.530769
v -0.530769 -4.051538 0.707692
v -0.548462 -4.069231 0.707692
v -0.548462 -3.715385 1.061538
v -0.530769 -3.715385 1.043846
v -0.548462 -4.069231 0.884615
v -0.530769 -4.051538 0.884615
v -0.548462 -4.069231 1.043846
v -0.530769 -4.051538 1.043846
v -0.548462 -4.051538 1.061538
v -0.884615 -4.051538 1.061538
v -0.884615 -4.069231 1.043846
v -1.220769 -3.715385 -0.000000
v -1.238462 -3.715385 0.017692
v -1.220769 -4.051538 -0.000000
v -1.220769 -4.069231 0.017692
v -1.238462 -4.051538 0.017692
v -0.884615 -4.069231 0.017692
v -0.884615 -4.051538 -0.000000
v -1.220769 -4.069231 0.353846
v -1.238462 -4.051538 0.353846
v -1.238462 -4.051538 0.176923
v -1.220769 -4.069231 0.176923
v -1.220769 -4.069231 0.707692
v -1.238462 -4.051538 0.707692
v -1.220769 -4.069231 0.530769
v -1.238462 -4.051538 0.530769
v -1.220769 -4.069231 0.884615
v -1.238462 -4.051538 0.884615
v -1.220769 -4.051538 1.061538
v -1.238462 -4.051538 1.043846
v -1.220769 -4.069231 1.043846
v -1.238462 -3.715385 1.043846
v -1.220769 -3.715385 1.061538
v 0.548462 -4.069231 0.176923
v 0.530769 -4.051538 0.176923
v 0.548462 -4.069231 0.017692
v 0.530769 -4.051538 0.017692
v 0.548462 -4.051538 -0.000000
v 0.548462 -3.715385 -0.000000
v 0.530769 -3.715385 0.017692
v 0.548462 -4.069231 0.353846
v 0.530769 -4.051538 0.353846
v 0.548462 -4.069231 0.707692
v 0.530769 -4.051538 0.707692
v 0.530769 -4.051538 0.530769
v 0.548462 -4.069231 0.530769
v 0.530769 -3.715385 1.043846
v 0.548462 -3.715385 1.061538
v 0.548462 -4.069231 0.884615
v 0.530769 -4.051538 0.884615
v 0.548462 -4.069231 1.043846
v 0.548462 -4.051538 1.061538
v 0.530769 -4.051538 1.043846
v 1.220769 -4.051538 -0.000000
v 1.238462 -4.051538 0.017692
v 1.220769 -4.069231 0.017692
v 0.884615 -4.069231 0.017692
v 0.884615 -4.051538 -0.000000
v 1.238462 -3.715385 0.017692
v 1.220769 -3.715385 -0.000000
v 1.238462 -4.051538 0.176923
v 1.220769 -4.069231 0.176923
v 1.238462 -4.051538 0.353846
v 1.220769 -4.069231 0.353846
v 1.238462 -4.051538 0.530769
v 1.220769 -4.069231 0.530769
v 1.238462 -4.051538 0.707692
v 1.220769 -4.069231 0.707692
v 1.220769 -3.715385 1.061538
v 1.238462 -3.715385 1.043846
v 1.238462 -4.051538 0.884615
v 1.220769 -4.069231 0.884615
v 0.884615 -4.051538 1.061538
v 0.884615 -4.069231 1.043846
v 1.220769 -4.051538 1.061538
v 1.220769 -4.069231 1.043846
v 1.238462 -4.051538 1.043846
vn 0.5773 -0.5773 -0.5774
vn 0.5773 -0.5773 0.5774
vn -0.5773 -0.5773 -0.5774
vn -0.5773 -0.5773 0.5774
vn 0.7071 -0.7071 -0.0000
vn -0.7071 -0.0000 -0.7071
vn -0.7071 -0.7071 -0.0000
vn -0.7071 -0.0000 0.7071
vn -0.0000 -0.7071 -0.7071
vn -0.0000 -0.7071 0.7071
vn 0.7071 -0.0000 -0.7071
vn 0.7071 -0.0000 0.7071
vn -0.0000 -1.0000 -0.0000
vn 1.0000 -0.0000 -0.0000
vn -0.0000 -0.0000 -1.0000
vn -0.0000 -0.0000 1.0000
vn -1.0000 -0.0000 -0.0000
s 0
usemtl Sole
f 7127//362 7128//362 7129//362
f 7144//363 7145//363 7146//363
f 7151//364 7152//364 7153//364
f 7166//365 7167//365 7168//365
f 7173//364 7174//364 7175//364
f 7188//365 7189//365 7190//365
f 7191//362 7192//362 7193//362
f 7212//363 7213//363 7214//363
f 7143//366 7145//366 7144//366 7142//366
f 7149//367 7151//367 7153//367 7150//367
f 7157//368 7158//368 7159//368 7156//368
f 7169//369 7167//369 7166//369 7170//369
f 7172//368 7174//368 7173//368 7171//368
f 7181//368 7182//368 7183//368 7180//368
f 7195//370 7191//370 7193//370 7194//370
f 7211//371 7213//371 7212//371 7210//371
f 7133//366 7127//366 7129//366 7132//366
f 7128//372 7131//372 7130//372 7129//372
f 7155//370 7128//370 7127//370 7154//370
f 7135//366 7133//366 7132//366 7134//366
f 7137//366 7135//366 7134//366 7136//366
f 7139//366 7137//366 7136//366 7138//366
f 7142//366 7139//366 7138//366 7143//366
f 7140//373 7146//373 7145//373 7141//373
f 7146//371 7147//371 7148//371 7144//371
f 7152//368 7159//368 7158//368 7153//368
f 7151//370 7155//370 7154//370 7152//370
f 7156//368 7162//368 7163//368 7157//368
f 7162//368 7160//368 7161//368 7163//368
f 7160//368 7164//368 7165//368 7161//368
f 7164//368 7168//368 7167//368 7165//368
f 7147//371 7166//371 7168//371 7148//371
f 7176//367 7175//367 7174//367 7177//367
f 7175//370 7195//370 7194//370 7173//370
f 7171//368 7178//368 7179//368 7172//368
f 7178//368 7183//368 7182//368 7179//368
f 7180//368 7186//368 7187//368 7181//368
f 7186//368 7188//368 7190//368 7187//368
f 7189//369 7185//369 7184//369 7190//369
f 7210//371 7189//371 7188//371 7211//371
f 7199//366 7193//366 7192//366 7198//366
f 7191//372 7197//372 7196//372 7192//372
f 7201//366 7199//366 7198//366 7200//366
f 7203//366 7201//366 7200//366 7202//366
f 7205//366 7203//366 7202//366 7204//366
f 7209//366 7205//366 7204//366 7208//366
f 7213//366 7209//366 7208//366 7214//366
f 7206//373 7212//373 7214//373 7207//373
f 7127//374 7133//374 7100//374 7154//374
f 7129//375 7130//375 7093//375 7132//375
f 7101//376 7131//376 7128//376 7155//376
f 7133//374 7135//374 7094//374 7100//374
f 7132//375 7093//375 7095//375 7134//375
f 7135//374 7137//374 7105//374 7094//374
f 7134//375 7095//375 7096//375 7136//375
f 7137//374 7139//374 7108//374 7105//374
f 7136//375 7096//375 7097//375 7138//375
f 7139//374 7142//374 7099//374 7108//374
f 7138//375 7097//375 7098//375 7143//375
f 7143//375 7098//375 7141//375 7145//375
f 7147//377 7146//377 7140//377 7109//377
f 7142//374 7144//374 7148//374 7099//374
f 7166//377 7147//377 7109//377 7170//377
f 7099//374 7148//374 7168//374 7164//374
f 7149//376 7101//376 7155//376 7151//376
f 7158//378 7103//378 7150//378 7153//378
f 7154//374 7100//374 7159//374 7152//374
f 7100//374 7094//374 7156//374 7159//374
f 7157//378 7102//378 7103//378 7158//378
f 7094//374 7105//374 7162//374 7156//374
f 7163//378 7104//378 7102//378 7157//378
f 7165//378 7107//378 7106//378 7161//378
f 7161//378 7106//378 7104//378 7163//378
f 7105//374 7108//374 7160//374 7162//374
f 7108//374 7099//374 7164//374 7160//374
f 7167//378 7169//378 7107//378 7165//378
f 7110//374 7113//374 7178//374 7171//374
f 7194//374 7110//374 7171//374 7173//374
f 7172//378 7112//378 7177//378 7174//378
f 7179//378 7111//378 7112//378 7172//378
f 7176//376 7119//376 7195//376 7175//376
f 7182//378 7115//378 7111//378 7179//378
f 7113//374 7114//374 7183//374 7178//374
f 7116//374 7125//374 7186//374 7180//374
f 7114//374 7116//374 7180//374 7183//374
f 7181//378 7117//378 7115//378 7182//378
f 7187//378 7118//378 7117//378 7181//378
f 7190//378 7184//378 7118//378 7187//378
f 7189//377 7210//377 7126//377 7185//377
f 7125//374 7211//374 7188//374 7186//374
f 7119//376 7197//376 7191//376 7195//376
f 7193//374 7199//374 7110//374 7194//374
f 7192//375 7196//375 7120//375 7198//375
f 7198//375 7120//375 7121//375 7200//375
f 7199//374 7201//374 7113//374 7110//374
f 7201//374 7203//374 7114//374 7113//374
f 7200//375 7121//375 7122//375 7202//375
f 7203//374 7205//374 7116//374 7114//374
f 7202//375 7122//375 7123//375 7204//375
f 7205//374 7209//374 7125//374 7116//374
f 7204//375 7123//375 7124//375 7208//375
f 7208//375 7124//375 7207//375 7214//375
f 7210//377 7212//377 7206//377 7126//377
f 7209//374 7213//374 7211//374 7125//374
o Sprinkles0
v -1.309231 1.415385 1.238462
v -1.362308 1.507317 1.238462
v -1.468462 1.507317 1.238462
v -1.507317 1.468462 1.238462
v -1.507317 1.362308 1.238462
v -1.415385 1.309231 1.238462
v -0.247692 -1.769231 1.238461
v -0.300769 -1.677299 1.238461
v -0.406923 -1.677299 1.238461
v -0.460000 -1.769231 1.238461
v -0.406923 -1.861163 1.238461
v -0.300769 -1.861163 1.238461
v -1.327547 1.415385 1.302154
v -1.309231 1.415385 1.284462
v -1.335963 1.480972 1.238462
v -1.318874 1.451372 1.238462
v -1.335963 1.480972 1.284462
v -1.339315 1.459303 1.302154
v -1.318874 1.451372 1.284462
v -1.371466 1.491454 1.302154
v -1.362308 1.507317 1.284462
v -1.432474 1.516959 1.238462
v -1.398295 1.516959 1.238462
v -1.432474 1.516959 1.284462
v -1.415385 1.503222 1.302154
v -1.398295 1.516959 1.284462
v -1.459303 1.491454 1.302154
v -1.468462 1.507317 1.284462
v -1.491454 1.459303 1.302154
v -1.507317 1.468462 1.284462
v -1.516959 1.398295 1.238462
v -1.516959 1.432474 1.238462
v -1.516959 1.398295 1.284462
v -1.503222 1.415385 1.302154
v -1.516959 1.432474 1.284462
v -1.491454 1.371466 1.302154
v -1.507317 1.362308 1.284462
v -1.451372 1.318874 1.238462
v -1.480972 1.335963 1.238462
v -1.451372 1.318874 1.284462
v -1.459303 1.339315 1.302154
v -1.480972 1.335963 1.284462
v -1.415385 1.327547 1.302154
v -1.415385 1.309231 1.284462
v -1.349797 1.335963 1.238462
v -1.379397 1.318874 1.238462
v -1.349797 1.335963 1.284462
v -1.371466 1.339315 1.302154
v -1.379397 1.318874 1.284462
v -1.318874 1.379397 1.238462
v -1.335963 1.349797 1.238462
v -1.318874 1.379397 1.284462
v -1.339315 1.371466 1.302154
v -1.335963 1.349797 1.284462
v -0.266009 -1.769231 1.302154
v -0.247692 -1.769231 1.284461
v -0.274425 -1.703644 1.238461
v -0.257335 -1.733243 1.238461
v -0.274425 -1.703644 1.284461
v -0.277777 -1.725312 1.302154
v -0.257335 -1.733243 1.284461
v -0.309927 -1.693161 1.302154
v -0.300769 -1.677299 1.284461
v -0.370936 -1.667656 1.238461
v -0.336757 -1.667656 1.238461
v -0.370936 -1.667656 1.284461
v -0.353846 -1.681393 1.302154
v -0.336757 -1.667656 1.284461
v -0.397765 -1.693161 1.302154
v -0.406923 -1.677299 1.284461
v -0.450357 -1.733243 1.238461
v -0.433268 -1.703644 1.238461
v -0.450357 -1.733243 1.284461
v -0.429916 -1.725312 1.302154
v -0.433268 -1.703644 1.284461
v -0.441684 -1.769231 1.302154
v -0.460000 -1.769231 1.284461
v -0.433268 -1.834818 1.238461
v -0.450357 -1.805218 1.238461
v -0.433268 -1.834818 1.284461
v -0.429916 -1.813149 1.302154
v -0.450357 -1.805218 1.284461
v -0.397765 -1.845300 1.302154
v -0.406923 -1.861163 1.284461
v -0.336757 -1.870806 1.238461
v -0.370936 -1.870806 1.238461
v -0.336757 -1.870806 1.284461
v -0.353846 -1.857068 1.302154
v -0.370936 -1.870806 1.284461
v -0.309927 -1.845300 1.302154
v -0.300769 -1.861163 1.284461
v -0.257335 -1.805218 1.238461
v -0.274425 -1.834818 1.238461
v -0.257335 -1.805218 1.284461
v -0.277777 -1.813149 1.302154
v -0.274425 -1.834818 1.284461
vn 0.6840 0.3949 0.6133
vn -0.0000 0.7899 0.6133
vn -0.7899 -0.0000 0.6133
vn -0.3949 -0.6840 0.6133
vn 0.3949 -0.6840 0.6133
vn 0.6840 -0.3949 0.6133
vn -0.6840 0.3949 0.6133
vn -0.6840 -0.3949 0.6133
vn -0.0000 -0.7899 0.6133
vn 0.8660 0.5000 -0.0000
vn 0.6830 0.1830 0.7071
vn 0.5000 0.5000 0.7071
vn -0.0000 1.0000 -0.0000
vn 0.1830 0.6830 0.7071
vn -0.1830 0.6830 0.7071
vn -0.5000 0.5000 0.7071
vn -1.0000 -0.0000 -0.0000
vn -0.6830 0.1830 0.7071
vn -0.6830 -0.1830 0.7071
vn -0.5000 -0.8660 -0.0000
vn -0.5000 -0.5000 0.7071
vn -0.1830 -0.6830 0.7071
vn 0.5000 -0.8660 -0.0000
vn 0.1830 -0.6830 0.7071
vn 0.8660 -0.5000 -0.0000
vn 0.5000 -0.5000 0.7071
vn 0.6830 -0.1830 0.7071
vn -0.8660 0.5000 -0.0000
vn -0.8660 -0.5000 -0.0000
vn -0.0000 -1.0000 -0.0000
vn 0.9659 -0.2588 -0.0000
vn 0.9659 0.2588 -0.0000
vn -0.0000 -0.0000 1.0000
vn 0.7071 0.7071 -0.0000
vn 0.2588 0.9659 -0.0000
vn -0.2588 0.9659 -0.0000
vn -0.7071 0.7071 -0.0000
vn -0.9659 0.2588 -0.0000
vn -0.9659 -0.2588 -0.0000
vn -0.7071 -0.7071 -0.0000
vn -0.2588 -0.9659 -0.0000
vn 0.2588 -0.9659 -0.0000
vn 0.7071 -0.7071 -0.0000
s 0
usemtl Sprinkle0
f 7231//379 7232//379 7233//379
f 7238//380 7239//380 7240//380
f 7247//381 7248//381 7249//381
f 7254//382 7255//382 7256//382
f 7261//383 7262//383 7263//383
f 7266//384 7267//384 7268//384
f 7273//379 7274//379 7275//379
f 7280//380 7281//380 7282//380
f 7287//385 7288//385 7289//385
f 7294//386 7295//386 7296//386
f 7301//387 7302//387 7303//387
f 7308//384 7309//384 7310//384
f 7229//388 7231//388 7233//388 7230//388
f 7232//389 7227//389 7228//389 7233//389
f 7234//390 7232//390 7231//390 7235//390
f 7236//391 7238//391 7240//391 7237//391
f 7239//392 7234//392 7235//392 7240//392
f 7241//393 7239//393 7238//393 7242//393
f 7243//394 7241//394 7242//394 7244//394
f 7245//395 7247//395 7249//395 7246//395
f 7248//396 7243//396 7244//396 7249//396
f 7250//397 7248//397 7247//397 7251//397
f 7252//398 7254//398 7256//398 7253//398
f 7255//399 7250//399 7251//399 7256//399
f 7257//400 7255//400 7254//400 7258//400
f 7259//401 7261//401 7263//401 7260//401
f 7262//402 7257//402 7258//402 7263//402
f 7264//403 7266//403 7268//403 7265//403
f 7267//404 7262//404 7261//404 7268//404
f 7227//405 7267//405 7266//405 7228//405
f 7271//388 7273//388 7275//388 7272//388
f 7274//389 7269//389 7270//389 7275//389
f 7276//390 7274//390 7273//390 7277//390
f 7278//391 7280//391 7282//391 7279//391
f 7281//392 7276//392 7277//392 7282//392
f 7283//393 7281//393 7280//393 7284//393
f 7285//406 7287//406 7289//406 7286//406
f 7288//394 7283//394 7284//394 7289//394
f 7290//396 7288//396 7287//396 7291//396
f 7292//407 7294//407 7296//407 7293//407
f 7295//397 7290//397 7291//397 7296//397
f 7297//399 7295//399 7294//399 7298//399
f 7299//408 7301//408 7303//408 7300//408
f 7302//400 7297//400 7298//400 7303//400
f 7304//402 7302//402 7301//402 7305//402
f 7306//403 7308//403 7310//403 7307//403
f 7309//404 7304//404 7305//404 7310//404
f 7269//405 7309//405 7308//405 7270//405
f 7264//409 7215//409 7228//409 7266//409
f 7215//410 7230//410 7233//410 7228//410
f 7227//411 7232//411 7234//411 7239//411 7241//411 7243//411 7248//411 7250//411 7255//411 7257//411 7262//411 7267//411
f 7229//412 7216//412 7235//412 7231//412
f 7216//413 7237//413 7240//413 7235//413
f 7236//414 7217//414 7242//414 7238//414
f 7217//415 7218//415 7244//415 7242//415
f 7218//416 7246//416 7249//416 7244//416
f 7245//417 7219//417 7251//417 7247//417
f 7219//418 7253//418 7256//418 7251//418
f 7252//419 7220//419 7258//419 7254//419
f 7220//420 7260//420 7263//420 7258//420
f 7259//421 7265//421 7268//421 7261//421
f 7306//409 7221//409 7270//409 7308//409
f 7221//410 7272//410 7275//410 7270//410
f 7269//411 7274//411 7276//411 7281//411 7283//411 7288//411 7290//411 7295//411 7297//411 7302//411 7304//411 7309//411
f 7271//412 7222//412 7277//412 7273//412
f 7222//413 7279//413 7282//413 7277//413
f 7278//414 7223//414 7284//414 7280//414
f 7223//415 7286//415 7289//415 7284//415
f 7285//416 7224//416 7291//416 7287//416
f 7224//417 7293//417 7296//417 7291//417
f 7292//418 7225//418 7298//418 7294//418
f 7225//419 7300//419 7303//419 7298//419
f 7299//420 7226//420 7305//420 7301//420
f 7226//421 7307//421 7310//421 7305//421
o Sprinkles1
v -0.247692 -1.061538 1.238462
v -0.300769 -0.969607 1.238462
v -0.353846 -0.955385 1.238462
v -0.406923 -0.969607 1.238462
v -0.460000 -1.061538 1.238462
v -0.406923 -1.153470 1.238462
v -0.353846 -1.167692 1.238462
v -0.300769 -1.153470 1.238462
v 0.460000 -1.769231 1.238461
v 0.406923 -1.677299 1.238461
v 0.300769 -1.677299 1.238461
v 0.247692 -1.769231 1.238461
v 0.300769 -1.861163 1.238461
v 0.406923 -1.861163 1.238461
v -0.266009 -1.061538 1.302154
v -0.247692 -1.061538 1.284462
v -0.274425 -0.995951 1.238462
v -0.257335 -1.025551 1.238462
v -0.274425 -0.995951 1.284462
v -0.277777 -1.017620 1.302154
v -0.257335 -1.025551 1.284462
v -0.309927 -0.985469 1.302154
v -0.300769 -0.969607 1.284462
v -0.353846 -0.973701 1.302154
v -0.353846 -0.955385 1.284462
v -0.397765 -0.985469 1.302154
v -0.406923 -0.969607 1.284462
v -0.450357 -1.025551 1.238462
v -0.433268 -0.995951 1.238462
v -0.450357 -1.025551 1.284462
v -0.429916 -1.017620 1.302154
v -0.433268 -0.995951 1.284462
v -0.441684 -1.061538 1.302154
v -0.460000 -1.061538 1.284462
v -0.433268 -1.127126 1.238462
v -0.450357 -1.097526 1.238462
v -0.433268 -1.127126 1.284462
v -0.429916 -1.105457 1.302154
v -0.450357 -1.097526 1.284462
v -0.397765 -1.137608 1.302154
v -0.406923 -1.153470 1.284462
v -0.353846 -1.149376 1.302154
v -0.353846 -1.167692 1.284462
v -0.309927 -1.137608 1.302154
v -0.300769 -1.153470 1.284462
v -0.257335 -1.097526 1.238462
v -0.274425 -1.127126 1.238462
v -0.257335 -1.097526 1.284462
v -0.277777 -1.105457 1.302154
v -0.274425 -1.127126 1.284462
v 0.441684 -1.769231 1.302154
v 0.460000 -1.769231 1.284461
v 0.433268 -1.703644 1.238461
v 0.450357 -1.733243 1.238461
v 0.433268 -1.703644 1.284461
v 0.429916 -1.725312 1.302154
v 0.450357 -1.733243 1.284461
v 0.397765 -1.693161 1.302154
v 0.406923 -1.677299 1.284461
v 0.336757 -1.667656 1.238461
v 0.370936 -1.667656 1.238461
v 0.336757 -1.667656 1.284461
v 0.353846 -1.681393 1.302154
v 0.370936 -1.667656 1.284461
v 0.309927 -1.693161 1.302154
v 0.300769 -1.677299 1.284461
v 0.257335 -1.733243 1.238461
v 0.274425 -1.703644 1.238461
v 0.257335 -1.733243 1.284461
v 0.277777 -1.725312 1.302154
v 0.274425 -1.703644 1.284461
v 0.266009 -1.769231 1.302154
v 0.247692 -1.769231 1.284461
v 0.274425 -1.834818 1.238461
v 0.257335 -1.805218 1.238461
v 0.274425 -1.834818 1.284461
v 0.277777 -1.813149 1.302154
v 0.257335 -1.805218 1.284461
v 0.309927 -1.845300 1.302154
v 0.300769 -1.861163 1.284461
v 0.370936 -1.870806 1.238461
v 0.336757 -1.870806 1.238461
v 0.370936 -1.870806 1.284461
v 0.353846 -1.857068 1.302154
v 0.336757 -1.870806 1.284461
v 0.397765 -1.845300 1.302154
v 0.406923 -1.861163 1.284461
v 0.450357 -1.805218 1.238461
v 0.433268 -1.834818 1.238461
v 0.450357 -1.805218 1.284461
v 0.429916 -1.813149 1.302154
v 0.433268 -1.834818 1.284461
vn 0.6840 0.3949 0.6133
vn -0.6840 0.3949 0.6133
vn -0.6840 -0.3949 0.6133
vn 0.6840 -0.3949 0.6133
vn -0.0000 0.7899 0.6133
vn -0.0000 -0.7899 0.6133
vn 0.8660 0.5000 -0.0000
vn 0.6830 0.1830 0.7071
vn 0.5000 0.5000 0.7071
vn 0.1830 0.6830 0.7071
vn -0.1830 0.6830 0.7071
vn -0.8660 0.5000 -0.0000
vn -0.5000 0.5000 0.7071
vn -0.6830 0.1830 0.7071
vn -0.8660 -0.5000 -0.0000
vn -0.6830 -0.1830 0.7071
vn -0.5000 -0.5000 0.7071
vn -0.1830 -0.6830 0.7071
vn 0.1830 -0.6830 0.7071
vn 0.8660 -0.5000 -0.0000
vn 0.5000 -0.5000 0.7071
vn 0.6830 -0.1830 0.7071
vn -0.0000 1.0000 -0.0000
vn -0.0000 -1.0000 -0.0000
vn 0.9659 -0.2588 -0.0000
vn 0.9659 0.2588 -0.0000
vn -0.0000 -0.0000 1.0000
vn 0.7071 0.7071 -0.0000
vn 0.2588 0.9659 -0.0000
vn -0.2588 0.9659 -0.0000
vn -0.7071 0.7071 -0.0000
vn -0.9659 0.2588 -0.0000
vn -0.9659 -0.2588 -0.0000
vn -0.7071 -0.7071 -0.0000
vn -0.2588 -0.9659 -0.0000
vn 0.2588 -0.9659 -0.0000
vn 0.7071 -0.7071 -0.0000
s 0
usemtl Sprinkle1
f 7329//422 7330//422 7331//422
f 7340//423 7341//423 7342//423
f 7347//424 7348//424 7349//424
f 7358//425 7359//425 7360//425
f 7365//422 7366//422 7367//422
f 7372//426 7373//426 7374//426
f 7379//423 7380//423 7381//423
f 7386//424 7387//424 7388//424
f 7393//427 7394//427 7395//427
f 7400//425 7401//425 7402//425
f 7327//428 7329//428 7331//428 7328//428
f 7330//429 7325//429 7326//429 7331//429
f 7332//430 7330//430 7329//430 7333//430
f 7334//431 7332//431 7333//431 7335//431
f 7336//432 7334//432 7335//432 7337//432
f 7338//433 7340//433 7342//433 7339//433
f 7341//434 7336//434 7337//434 7342//434
f 7343//435 7341//435 7340//435 7344//435
f 7345//436 7347//436 7349//436 7346//436
f 7348//437 7343//437 7344//437 7349//437
f 7350//438 7348//438 7347//438 7351//438
f 7352//439 7350//439 7351//439 7353//439
f 7354//440 7352//440 7353//440 7355//440
f 7356//441 7358//441 7360//441 7357//441
f 7359//442 7354//442 7355//442 7360//442
f 7325//443 7359//443 7358//443 7326//443
f 7363//428 7365//428 7367//428 7364//428
f 7366//429 7361//429 7362//429 7367//429
f 7368//430 7366//430 7365//430 7369//430
f 7370//444 7372//444 7374//444 7371//444
f 7373//431 7368//431 7369//431 7374//431
f 7375//432 7373//432 7372//432 7376//432
f 7377//433 7379//433 7381//433 7378//433
f 7380//434 7375//434 7376//434 7381//434
f 7382//435 7380//435 7379//435 7383//435
f 7384//436 7386//436 7388//436 7385//436
f 7387//437 7382//437 7383//437 7388//437
f 7389//438 7387//438 7386//438 7390//438
f 7391//445 7393//445 7395//445 7392//445
f 7394//439 7389//439 7390//439 7395//439
f 7396//440 7394//440 7393//440 7397//440
f 7398//441 7400//441 7402//441 7399//441
f 7401//442 7396//442 7397//442 7402//442
f 7361//443 7401//443 7400//443 7362//443
f 7356//446 7311//446 7326//446 7358//446
f 7311//447 7328//447 7331//447 7326//447
f 7325//448 7330//448 7332//448 7334//448 7336//448 7341//448 7343//448 7348//448 7350//448 7352//448 7354//448 7359//448
f 7327//449 7312//449 7333//449 7329//449
f 7312//450 7313//450 7335//450 7333//450
f 7313//451 7314//451 7337//451 7335//451
f 7314//452 7339//452 7342//452 7337//452
f 7338//453 7315//453 7344//453 7340//453
f 7315//454 7346//454 7349//454 7344//454
f 7345//455 7316//455 7351//455 7347//455
f 7316//456 7317//456 7353//456 7351//456
f 7317//457 7318//457 7355//457 7353//457
f 7318//458 7357//458 7360//458 7355//458
f 7398//446 7319//446 7362//446 7400//446
f 7319//447 7364//447 7367//447 7362//447
f 7361//448 7366//448 7368//448 7373//448 7375//448 7380//448 7382//448 7387//448 7389//448 7394//448 7396//448 7401//448
f 7363//449 7320//449 7369//449 7365//449
f 7320//450 7371//450 7374//450 7369//450
f 7370//451 7321//451 7376//451 7372//451
f 7321//452 7378//452 7381//452 7376//452
f 7377//453 7322//453 7383//453 7379//453
f 7322//454 7385//454 7388//454 7383//454
f 7384//455 7323//455 7390//455 7386//455
f 7323//456 7392//456 7395//456 7390//456
f 7391//457 7324//457 7397//457 7393//457
f 7324//458 7399//458 7402//458 7397//458
o Sprinkles2
v 1.507317 -1.362308 1.238462
v 1.415385 -1.309231 1.238462
v 1.309231 -1.415385 1.238461
v 1.362308 -1.507317 1.238461
v 1.468462 -1.507317 1.238461
v 1.507317 -1.468462 1.238461
v 1.516959 -1.398295 1.238461
v 1.516959 -1.432474 1.238461
v 1.516959 -1.432474 1.284461
v 1.516959 -1.398295 1.284461
v 1.503222 -1.415385 1.302154
v 1.491454 -1.371466 1.302154
v 1.507317 -1.362308 1.284462
v 1.451372 -1.318874 1.238462
v 1.480972 -1.335963 1.238462
v 1.451372 -1.318874 1.284462
v 1.459303 -1.339315 1.302154
v 1.480972 -1.335963 1.284462
v 1.415385 -1.327547 1.302154
v 1.415385 -1.309231 1.284462
v 1.349797 -1.335963 1.238462
v 1.379397 -1.318874 1.238462
v 1.349797 -1.335963 1.284462
v 1.371466 -1.339315 1.302154
v 1.379397 -1.318874 1.284462
v 1.318874 -1.379397 1.238461
v 1.335963 -1.349797 1.238462
v 1.318874 -1.379397 1.284461
v 1.339315 -1.371466 1.302154
v 1.335963 -1.349797 1.284462
v 1.327547 -1.415385 1.302154
v 1.309231 -1.415385 1.284461
v 1.335963 -1.480972 1.238461
v 1.318874 -1.451372 1.238461
v 1.335963 -1.480972 1.284461
v 1.339315 -1.459303 1.302154
v 1.318874 -1.451372 1.284461
v 1.371466 -1.491454 1.302154
v 1.362308 -1.507317 1.284461
v 1.432474 -1.516959 1.238461
v 1.398295 -1.516959 1.238461
v 1.432474 -1.516959 1.284461
v 1.415385 -1.503222 1.302154
v 1.398295 -1.516959 1.284461
v 1.459303 -1.491454 1.302154
v 1.468462 -1.507317 1.284461
v 1.491454 -1.459303 1.302154
v 1.507317 -1.468462 1.284461
vn 0.7899 -0.0000 0.6133
vn 0.3949 0.6840 0.6133
vn -0.3949 0.6840 0.6133
vn -0.6840 0.3949 0.6133
vn -0.6840 -0.3949 0.6133
vn -0.0000 -0.7899 0.6133
vn 1.0000 -0.0000 -0.0000
vn 0.6830 0.1830 0.7071
vn 0.5000 0.8660 -0.0000
vn 0.5000 0.5000 0.7071
vn 0.1830 0.6830 0.7071
vn -0.5000 0.8660 -0.0000
vn -0.1830 0.6830 0.7071
vn -0.8660 0.5000 -0.0000
vn -0.5000 0.5000 0.7071
vn -0.6830 0.1830 0.7071
vn -0.8660 -0.5000 -0.0000
vn -0.6830 -0.1830 0.7071
vn -0.5000 -0.5000 0.7071
vn -0.0000 -1.0000 -0.0000
vn -0.1830 -0.6830 0.7071
vn 0.1830 -0.6830 0.7071
vn 0.5000 -0.5000 0.7071
vn 0.6830 -0.1830 0.7071
vn 0.9659 -0.2588 -0.0000
vn 0.9659 0.2588 -0.0000
vn -0.0000 -0.0000 1.0000
vn 0.7071 0.7071 -0.0000
vn 0.2588 0.9659 -0.0000
vn -0.2588 0.9659 -0.0000
vn -0.7071 0.7071 -0.0000
vn -0.9659 0.2588 -0.0000
vn -0.9659 -0.2588 -0.0000
vn -0.7071 -0.7071 -0.0000
vn -0.2588 -0.9659 -0.0000
vn 0.2588 -0.9659 -0.0000
vn 0.7071 -0.7071 -0.0000
s 0
usemtl Sprinkle2
f 7411//459 7412//459 7413//459
f 7418//460 7419//460 7420//460
f 7425//461 7426//461 7427//461
f 7430//462 7431//462 7432//462
f 7437//463 7438//463 7439//463
f 7444//464 7445//464 7446//464
f 7411//465 7410//465 7409//465 7412//465
f 7414//466 7413//466 7412//466 7415//466
f 7416//467 7418//467 7420//467 7417//467
f 7419//468 7414//468 7415//468 7420//468
f 7421//469 7419//469 7418//469 7422//469
f 7423//470 7425//470 7427//470 7424//470
f 7426//471 7421//471 7422//471 7427//471
f 7428//472 7430//472 7432//472 7429//472
f 7431//473 7426//473 7425//473 7432//473
f 7433//474 7431//474 7430//474 7434//474
f 7435//475 7437//475 7439//475 7436//475
f 7438//476 7433//476 7434//476 7439//476
f 7440//477 7438//477 7437//477 7441//477
f 7442//478 7444//478 7446//478 7443//478
f 7445//479 7440//479 7441//479 7446//479
f 7447//480 7445//480 7444//480 7448//480
f 7449//481 7447//481 7448//481 7450//481
f 7413//482 7449//482 7450//482 7411//482
f 7408//483 7410//483 7411//483 7450//483
f 7409//484 7403//484 7415//484 7412//484
f 7413//485 7414//485 7419//485 7421//485 7426//485 7431//485 7433//485 7438//485 7440//485 7445//485 7447//485 7449//485
f 7403//486 7417//486 7420//486 7415//486
f 7416//487 7404//487 7422//487 7418//487
f 7404//488 7424//488 7427//488 7422//488
f 7423//489 7429//489 7432//489 7425//489
f 7428//490 7405//490 7434//490 7430//490
f 7405//491 7436//491 7439//491 7434//491
f 7435//492 7406//492 7441//492 7437//492
f 7406//493 7443//493 7446//493 7441//493
f 7442//494 7407//494 7448//494 7444//494
f 7407//495 7408//495 7450//495 7448//495
o Sprinkles3
v -1.677299 0.760769 1.238462
v -1.769231 0.813846 1.238462
v -1.861163 0.760769 1.238462
v -1.861163 0.654615 1.238462
v -1.769231 0.601538 1.238462
v -1.677299 0.654615 1.238462
v -1.667656 0.724782 1.238462
v -1.667656 0.690603 1.238462
v -1.667656 0.690603 1.284462
v -1.667656 0.724782 1.284462
v -1.681393 0.707692 1.302154
v -1.693161 0.751611 1.302154
v -1.677299 0.760769 1.284462
v -1.733243 0.804203 1.238462
v -1.703643 0.787114 1.238462
v -1.733243 0.804203 1.284462
v -1.725312 0.783762 1.302154
v -1.703643 0.787114 1.284462
v -1.769231 0.795530 1.302154
v -1.769231 0.813846 1.284462
v -1.834818 0.787114 1.238462
v -1.805218 0.804203 1.238462
v -1.834818 0.787114 1.284462
v -1.813149 0.783762 1.302154
v -1.805218 0.804203 1.284462
v -1.845300 0.751611 1.302154
v -1.861163 0.760769 1.284462
v -1.870806 0.690603 1.238462
v -1.870806 0.724782 1.238462
v -1.870806 0.690603 1.284462
v -1.857068 0.707692 1.302154
v -1.870806 0.724782 1.284462
v -1.845300 0.663774 1.302154
v -1.861163 0.654615 1.284462
v -1.805218 0.611181 1.238462
v -1.834818 0.628271 1.238462
v -1.805218 0.611181 1.284462
v -1.813149 0.631623 1.302154
v -1.834818 0.628271 1.284462
v -1.769231 0.619855 1.302154
v -1.769231 0.601538 1.284462
v -1.703644 0.628271 1.238462
v -1.733243 0.611181 1.238462
v -1.703644 0.628271 1.284462
v -1.725312 0.631623 1.302154
v -1.733243 0.611181 1.284462
v -1.693161 0.663774 1.302154
v -1.677299 0.654615 1.284462
vn 0.7899 -0.0000 0.6133
vn 0.3949 0.6840 0.6133
vn -0.3949 0.6840 0.6133
vn -0.7899 -0.0000 0.6133
vn -0.3949 -0.6840 0.6133
vn 0.3949 -0.6840 0.6133
vn 1.0000 -0.0000 -0.0000
vn 0.6830 0.1830 0.7071
vn 0.5000 0.8660 -0.0000
vn 0.5000 0.5000 0.7071
vn 0.1830 0.6830 0.7071
vn -0.5000 0.8660 -0.0000
vn -0.1830 0.6830 0.7071
vn -0.5000 0.5000 0.7071
vn -1.0000 -0.0000 -0.0000
vn -0.6830 0.1830 0.7071
vn -0.6830 -0.1830 0.7071
vn -0.5000 -0.8660 -0.0000
vn -0.5000 -0.5000 0.7071
vn -0.1830 -0.6830 0.7071
vn 0.5000 -0.8660 -0.0000
vn 0.1830 -0.6830 0.7071
vn 0.5000 -0.5000 0.7071
vn 0.6830 -0.1830 0.7071
vn 0.9659 -0.2588 -0.0000
vn 0.9659 0.2588 -0.0000
vn -0.0000 -0.0000 1.0000
vn 0.7071 0.7071 -0.0000
vn 0.2588 0.9659 -0.0000
vn -0.2588 0.9659 -0.0000
vn -0.7071 0.7071 -0.0000
vn -0.9659 0.2588 -0.0000
vn -0.9659 -0.2588 -0.0000
vn -0.7071 -0.7071 -0.0000
vn -0.2588 -0.9659 -0.0000
vn 0.2588 -0.9659 -0.0000
vn 0.7071 -0.7071 -0.0000
s 0
usemtl Sprinkle3
f 7459//496 7460//496 7461//496
f 7466//497 7467//497 7468//497
f 7473//498 7474//498 7475//498
f 7480//499 7481//499 7482//499
f 7487//500 7488//500 7489//500
f 7494//501 7495//501 7496//501
f 7459//502 7458//502 7457//502 7460//502
f 7462//503 7461//503 7460//503 7463//503
f 7464//504 7466//504 7468//504 7465//504
f 7467//505 7462//505 7463//505 7468//505
f 7469//506 7467//506 7466//506 7470//506
f 7471//507 7473//507 7475//507 7472//507
f 7474//508 7469//508 7470//508 7475//508
f 7476//509 7474//509 7473//509 7477//509
f 7478//510 7480//510 7482//510 7479//510
f 7481//511 7476//511 7477//511 7482//511
f 7483//512 7481//512 7480//512 7484//512
f 7485//513 7487//513 7489//513 7486//513
f 7488//514 7483//514 7484//514 7489//514
f 7490//515 7488//515 7487//515 7491//515
f 7492//516 7494//516 7496//516 7493//516
f 7495//517 7490//517 7491//517 7496//517
f 7497//518 7495//518 7494//518 7498//518
f 7461//519 7497//519 7498//519 7459//519
f 7456//520 7458//520 7459//520 7498//520
f 7457//521 7451//521 7463//521 7460//521
f 7461//522 7462//522 7467//522 7469//522 7474//522 7476//522 7481//522 7483//522 7488//522 7490//522 7495//522 7497//522
f 7451//523 7465//523 7468//523 7463//523
f 7464//524 7452//524 7470//524 7466//524
f 7452//525 7472//525 7475//525 7470//525
f 7471//526 7453//526 7477//526 7473//526
f 7453//527 7479//527 7482//527 7477//527
f 7478//528 7454//528 7484//528 7480//528
f 7454//529 7486//529 7489//529 7484//529
f 7485//530 7455//530 7491//530 7487//530
f 7455//531 7493//531 7496//531 7491//531
f 7492//532 7456//532 7498//532 7494//532
o Sprinkles4
v -1.677299 -0.654615 1.238462
v -1.769231 -0.601539 1.238462
v -1.861163 -0.654615 1.238462
v -1.861163 -0.760769 1.238462
v -1.769231 -0.813846 1.238462
v -1.677299 -0.760769 1.238462
v 1.167692 -0.353846 1.238462
v 1.153470 -0.300769 1.238462
v 1.061538 -0.247692 1.238462
v 0.969607 -0.300769 1.238462
v 0.955385 -0.353846 1.238462
v 0.969607 -0.406923 1.238462
v 1.061538 -0.460000 1.238462
v 1.153470 -0.406923 1.238462
v 1.507317 1.468462 1.238462
v 1.468462 1.507317 1.238462
v 1.362308 1.507317 1.238462
v 1.309231 1.415385 1.238462
v 1.415385 1.309231 1.238462
v 1.507317 1.362308 1.238462
v -1.667656 -0.690603 1.238462
v -1.667656 -0.724782 1.238462
v -1.667656 -0.724782 1.284462
v -1.667656 -0.690603 1.284462
v -1.681393 -0.707692 1.302154
v -1.693161 -0.663774 1.302154
v -1.677299 -0.654615 1.284462
v -1.733243 -0.611181 1.238462
v -1.703644 -0.628271 1.238462
v -1.733243 -0.611181 1.284462
v -1.725312 -0.631623 1.302154
v -1.703644 -0.628271 1.284462
v -1.769231 -0.619855 1.302154
v -1.769231 -0.601539 1.284462
v -1.834818 -0.628271 1.238462
v -1.805218 -0.611181 1.238462
v -1.834818 -0.628271 1.284462
v -1.813149 -0.631623 1.302154
v -1.805218 -0.611181 1.284462
v -1.845300 -0.663774 1.302154
v -1.861163 -0.654615 1.284462
v -1.870806 -0.724782 1.238462
v -1.870806 -0.690603 1.238462
v -1.870806 -0.724782 1.284462
v -1.857068 -0.707692 1.302154
v -1.870806 -0.690603 1.284462
v -1.845300 -0.751611 1.302154
v -1.861163 -0.760769 1.284462
v -1.805218 -0.804203 1.238462
v -1.834818 -0.787114 1.238462
v -1.805218 -0.804203 1.284462
v -1.813149 -0.783762 1.302154
v -1.834818 -0.787114 1.284462
v -1.769231 -0.795530 1.302154
v -1.769231 -0.813846 1.284462
v -1.703643 -0.787114 1.238462
v -1.733243 -0.804203 1.238462
v -1.703643 -0.787114 1.284462
v -1.725312 -0.783762 1.302154
v -1.733243 -0.804203 1.284462
v -1.693161 -0.751611 1.302154
v -1.677299 -0.760769 1.284462
v 1.149376 -0.353846 1.302154
v 1.167692 -0.353846 1.284462
v 1.137608 -0.309928 1.302154
v 1.153470 -0.300769 1.284462
v 1.097526 -0.257335 1.238462
v 1.127126 -0.274425 1.238462
v 1.097526 -0.257335 1.284462
v 1.105457 -0.277777 1.302154
v 1.127126 -0.274425 1.284462
v 1.061538 -0.266009 1.302154
v 1.061538 -0.247692 1.284462
v 0.995951 -0.274425 1.238462
v 1.025551 -0.257335 1.238462
v 0.995951 -0.274425 1.284462
v 1.017620 -0.277777 1.302154
v 1.025551 -0.257335 1.284462
v 0.985469 -0.309928 1.302154
v 0.969607 -0.300769 1.284462
v 0.973701 -0.353846 1.302154
v 0.955385 -0.353846 1.284462
v 0.985469 -0.397765 1.302154
v 0.969607 -0.406923 1.284462
v 1.025551 -0.450357 1.238462
v 0.995951 -0.433268 1.238462
v 1.025551 -0.450357 1.284462
v 1.017620 -0.429916 1.302154
v 0.995951 -0.433268 1.284462
v 1.061538 -0.441684 1.302154
v 1.061538 -0.460000 1.284462
v 1.127126 -0.433268 1.238462
v 1.097526 -0.450357 1.238462
v 1.127126 -0.433268 1.284462
v 1.105457 -0.429916 1.302154
v 1.097526 -0.450357 1.284462
v 1.137608 -0.397765 1.302154
v 1.153470 -0.406923 1.284462
v 1.516959 1.432474 1.238462
v 1.516959 1.398295 1.238462
v 1.516959 1.398295 1.284462
v 1.516959 1.432474 1.284462
v 1.503222 1.415385 1.302154
v 1.491454 1.459303 1.302154
v 1.507317 1.468462 1.284462
v 1.459303 1.491454 1.302154
v 1.468462 1.507317 1.284462
v 1.398295 1.516959 1.238462
v 1.432474 1.516959 1.238462
v 1.398295 1.516959 1.284462
v 1.415385 1.503222 1.302154
v 1.432474 1.516959 1.284462
v 1.371466 1.491454 1.302154
v 1.362308 1.507317 1.284462
v 1.318874 1.451372 1.238462
v 1.335963 1.480972 1.238462
v 1.318874 1.451372 1.284462
v 1.339315 1.459303 1.302154
v 1.335963 1.480972 1.284462
v 1.327547 1.415385 1.302154
v 1.309231 1.415385 1.284462
v 1.335963 1.349797 1.238462
v 1.318874 1.379397 1.238462
v 1.335963 1.349797 1.284462
v 1.339315 1.371466 1.302154
v 1.318874 1.379397 1.284462
v 1.379397 1.318874 1.238462
v 1.349797 1.335963 1.238462
v 1.379397 1.318874 1.284462
v 1.371466 1.339315 1.302154
v 1.349797 1.335963 1.284462
v 1.415385 1.327547 1.302154
v 1.415385 1.309231 1.284462
v 1.480972 1.335963 1.238462
v 1.451372 1.318874 1.238462
v 1.480972 1.335963 1.284462
v 1.459303 1.339315 1.302154
v 1.451372 1.318874 1.284462
v 1.491454 1.371466 1.302154
v 1.507317 1.362308 1.284462
vn 0.7899 -0.0000 0.6133
vn 0.3949 0.6840 0.6133
vn -0.3949 0.6840 0.6133
vn -0.7899 -0.0000 0.6133
vn -0.3949 -0.6840 0.6133
vn 0.3949 -0.6840 0.6133
vn -0.0000 0.7899 0.6133
vn -0.6840 0.3949 0.6133
vn -0.6840 -0.3949 0.6133
vn 1.0000 -0.0000 -0.0000
vn 0.6830 0.1830 0.7071
vn 0.5000 0.8660 -0.0000
vn 0.5000 0.5000 0.7071
vn 0.1830 0.6830 0.7071
vn -0.5000 0.8660 -0.0000
vn -0.1830 0.6830 0.7071
vn -0.5000 0.5000 0.7071
vn -1.0000 -0.0000 -0.0000
vn -0.6830 0.1830 0.7071
vn -0.6830 -0.1830 0.7071
vn -0.5000 -0.8660 -0.0000
vn -0.5000 -0.5000 0.7071
vn -0.1830 -0.6830 0.7071
vn 0.5000 -0.8660 -0.0000
vn 0.1830 -0.6830 0.7071
vn 0.5000 -0.5000 0.7071
vn 0.6830 -0.1830 0.7071
vn -0.0000 1.0000 -0.0000
vn -0.8660 0.5000 -0.0000
vn -0.8660 -0.5000 -0.0000
vn 0.9659 -0.2588 -0.0000
vn 0.9659 0.2588 -0.0000
vn -0.0000 -0.0000 1.0000
vn 0.7071 0.7071 -0.0000
vn 0.2588 0.9659 -0.0000
vn -0.2588 0.9659 -0.0000
vn -0.7071 0.7071 -0.0000
vn -0.9659 0.2588 -0.0000
vn -0.9659 -0.2588 -0.0000
vn -0.7071 -0.7071 -0.0000
vn -0.2588 -0.9659 -0.0000
vn 0.2588 -0.9659 -0.0000
vn 0.7071 -0.7071 -0.0000
s 0
usemtl Sprinkle4
f 7521//533 7522//533 7523//533
f 7528//534 7529//534 7530//534
f 7535//535 7536//535 7537//535
f 7542//536 7543//536 7544//536
f 7549//537 7550//537 7551//537
f 7556//538 7557//538 7558//538
f 7567//534 7568//534 7569//534
f 7574//535 7575//535 7576//535
f 7585//537 7586//537 7587//537
f 7592//538 7593//538 7594//538
f 7599//533 7600//533 7601//533
f 7608//539 7609//539 7610//539
f 7615//540 7616//540 7617//540
f 7622//541 7623//541 7624//541
f 7627//537 7628//537 7629//537
f 7634//538 7635//538 7636//538
f 7521//542 7520//542 7519//542 7522//542
f 7524//543 7523//543 7522//543 7525//543
f 7526//544 7528//544 7530//544 7527//544
f 7529//545 7524//545 7525//545 7530//545
f 7531//546 7529//546 7528//546 7532//546
f 7533//547 7535//547 7537//547 7534//547
f 7536//548 7531//548 7532//548 7537//548
f 7538//549 7536//549 7535//549 7539//549
f 7540//550 7542//550 7544//550 7541//550
f 7543//551 7538//551 7539//551 7544//551
f 7545//552 7543//552 7542//552 7546//552
f 7547//553 7549//553 7551//553 7548//553
f 7550//554 7545//554 7546//554 7551//554
f 7552//555 7550//555 7549//555 7553//555
f 7554//556 7556//556 7558//556 7555//556
f 7557//557 7552//557 7553//557 7558//557
f 7559//558 7557//558 7556//558 7560//558
f 7523//559 7559//559 7560//559 7521//559
f 7563//543 7561//543 7562//543 7564//543
f 7565//544 7567//544 7569//544 7566//544
f 7568//545 7563//545 7564//545 7569//545
f 7570//546 7568//546 7567//546 7571//546
f 7572//547 7574//547 7576//547 7573//547
f 7575//548 7570//548 7571//548 7576//548
f 7577//549 7575//549 7574//549 7578//549
f 7579//551 7577//551 7578//551 7580//551
f 7581//552 7579//552 7580//552 7582//552
f 7583//553 7585//553 7587//553 7584//553
f 7586//554 7581//554 7582//554 7587//554
f 7588//555 7586//555 7585//555 7589//555
f 7590//556 7592//556 7594//556 7591//556
f 7593//557 7588//557 7589//557 7594//557
f 7595//558 7593//558 7592//558 7596//558
f 7561//559 7595//559 7596//559 7562//559
f 7599//542 7598//542 7597//542 7600//542
f 7602//543 7601//543 7600//543 7603//543
f 7604//545 7602//545 7603//545 7605//545
f 7606//560 7608//560 7610//560 7607//560
f 7609//546 7604//546 7605//546 7610//546
f 7611//548 7609//548 7608//548 7612//548
f 7613//561 7615//561 7617//561 7614//561
f 7616//549 7611//549 7612//549 7617//549
f 7618//551 7616//551 7615//551 7619//551
f 7620//562 7622//562 7624//562 7621//562
f 7623//552 7618//552 7619//552 7624//552
f 7625//553 7627//553 7629//553 7626//553
f 7628//554 7623//554 7622//554 7629//554
f 7630//555 7628//555 7627//555 7631//555
f 7632//556 7634//556 7636//556 7633//556
f 7635//557 7630//557 7631//557 7636//557
f 7637//558 7635//558 7634//558 7638//558
f 7601//559 7637//559 7638//559 7599//559
f 7504//563 7520//563 7521//563 7560//563
f 7519//564 7499//564 7525//564 7522//564
f 7523//565 7524//565 7529//565 7531//565 7536//565 7538//565 7543//565 7545//565 7550//565 7552//565 7557//565 7559//565
f 7499//566 7527//566 7530//566 7525//566
f 7526//567 7500//567 7532//567 7528//567
f 7500//568 7534//568 7537//568 7532//568
f 7533//569 7501//569 7539//569 7535//569
f 7501//570 7541//570 7544//570 7539//570
f 7540//571 7502//571 7546//571 7542//571
f 7502//572 7548//572 7551//572 7546//572
f 7547//573 7503//573 7553//573 7549//573
f 7503//574 7555//574 7558//574 7553//574
f 7554//575 7504//575 7560//575 7556//575
f 7512//563 7505//563 7562//563 7596//563
f 7505//564 7506//564 7564//564 7562//564
f 7561//565 7563//565 7568//565 7570//565 7575//565 7577//565 7579//565 7581//565 7586//565 7588//565 7593//565 7595//565
f 7506//566 7566//566 7569//566 7564//566
f 7565//567 7507//567 7571//567 7567//567
f 7507//568 7573//568 7576//568 7571//568
f 7572//569 7508//569 7578//569 7574//569
f 7508//570 7509//570 7580//570 7578//570
f 7509//571 7510//571 7582//571 7580//571
f 7510//572 7584//572 7587//572 7582//572
f 7583//573 7511//573 7589//573 7585//573
f 7511//574 7591//574 7594//574 7589//574
f 7590//575 7512//575 7596//575 7592//575
f 7518//563 7598//563 7599//563 7638//563
f 7597//564 7513//564 7603//564 7600//564
f 7601//565 7602//565 7604//565 7609//565 7611//565 7616//565 7618//565 7623//565 7628//565 7630//565 7635//565 7637//565
f 7513//566 7514//566 7605//566 7603//566
f 7514//567 7607//567 7610//567 7605//567
f 7606//568 7515//568 7612//568 7608//568
f 7515//569 7614//569 7617//569 7612//569
f 7613//570 7516//570 7619//570 7615//570
f 7516//571 7621//571 7624//571 7619//571
f 7620//572 7626//572 7629//572 7622//572
f 7625//573 7517//573 7631//573 7627//573
f 7517//574 7633//574 7636//574 7631//574
f 7632//575 7518//575 7638//575 7634//575
o Eye-1
v -1.104000 1.008461 1.408308
v -1.114615 1.019077 1.408308
v -1.104000 1.019077 1.397692
v -0.665231 1.008461 1.408308
v -0.665231 1.019077 1.397692
v -0.654615 1.019077 1.408308
v -0.665231 1.592308 1.408308
v -0.654615 1.581692 1.408308
v -0.665231 1.581692 1.397692
v -1.114615 1.581692 1.408308
v -1.104000 1.592308 1.408308
v -1.104000 1.581692 1.397692
v -1.114615 1.019077 1.475538
v -1.104000 1.008461 1.475538
v -1.104000 1.019077 1.486154
v -0.665231 1.008461 1.475538
v -0.654615 1.019077 1.475538
v -0.665231 1.019077 1.486154
v -0.654615 1.581692 1.475538
v -0.665231 1.592308 1.475538
v -0.665231 1.581692 1.486154
v -1.114615 1.581692 1.475538
v -1.104000 1.581692 1.486154
v -1.104000 1.592308 1.475538
v -1.043846 1.372923 1.489692
v -1.054462 1.383538 1.489692
v -1.043846 1.383538 1.479077
v -0.912923 1.372923 1.489692
v -0.912923 1.383538 1.479077
v -0.902308 1.383538 1.489692
v -0.912923 1.525077 1.489692
v -0.902308 1.514462 1.489692
v -0.912923 1.514462 1.479077
v -1.054462 1.514462 1.489692
v -1.043846 1.525077 1.489692
v -1.043846 1.514462 1.479077
v -1.054462 1.383538 1.493231
v -1.043846 1.372923 1.493231
v -1.043846 1.383538 1.503846
v -0.912923 1.372923 1.493231
v -0.902308 1.383538 1.493231
v -0.912923 1.383538 1.503846
v -0.902308 1.514462 1.493231
v -0.912923 1.525077 1.493231
v -0.912923 1.514462 1.503846
v -1.054462 1.514462 1.493231
v -1.043846 1.514462 1.503846
v -1.043846 1.525077 1.493231
v -0.792615 1.086308 1.489692
v -0.803231 1.096923 1.489692
v -0.792615 1.096923 1.479077
v -0.736000 1.086308 1.489692
v -0.736000 1.096923 1.479077
v -0.725385 1.096923 1.489692
v -0.736000 1.164154 1.489692
v -0.725385 1.153538 1.489692
v -0.736000 1.153538 1.479077
v -0.803231 1.153538 1.489692
v -0.792615 1.164154 1.489692
v -0.792615 1.153538 1.479077
v -0.803231 1.096923 1.493231
v -0.792615 1.086308 1.493231
v -0.792615 1.096923 1.503846
v -0.736000 1.086308 1.493231
v -0.725385 1.096923 1.493231
v -0.736000 1.096923 1.503846
v -0.725385 1.153538 1.493231
v -0.736000 1.164154 1.493231
v -0.736000 1.153538 1.503846
v -0.803231 1.153538 1.493231
v -0.792615 1.153538 1.503846
v -0.792615 1.164154 1.493231
vn -0.5774 -0.5773 -0.5774
vn 0.5774 -0.5773 -0.5774
vn 0.5774 0.5773 -0.5774
vn -0.5774 0.5773 -0.5774
vn -0.5773 -0.5774 0.5773
vn 0.5773 -0.5774 0.5773
vn 0.5773 0.5774 0.5773
vn -0.5773 0.5774 0.5773
vn -0.5774 -0.5773 -0.5773
vn 0.5774 -0.5773 -0.5773
vn 0.5774 0.5773 -0.5773
vn -0.5774 0.5773 -0.5773
vn 0.5773 0.5774 0.5774
vn -0.5773 0.5774 0.5774
vn -0.5773 -0.5774 0.5774
vn 0.5773 -0.5774 0.5774
vn -0.0000 -0.7071 -0.7071
vn -0.7071 -0.0000 -0.7071
vn -0.0000 0.7071 -0.7071
vn 0.7071 -0.0000 -0.7071
vn -0.7071 -0.0000 0.7071
vn -0.0000 -0.7071 0.7071
vn 0.7071 -0.0000 0.7071
vn -0.0000 0.7071 0.7071
vn -0.7071 -0.7071 -0.0000
vn 0.7071 -0.7071 -0.0000
vn 0.7071 0.7071 -0.0000
vn -0.7071 0.7071 -0.0000
vn -0.0000 -1.0000 -0.0000
vn -0.0000 -0.0000 -1.0000
vn -1.0000 -0.0000 -0.0000
vn 1.0000 -0.0000 -0.0000
vn -0.0000 1.0000 -0.0000
vn -0.0000 -0.0000 1.0000
s 0
usemtl Pupil
f 7639//576 7640//576 7641//576
f 7642//577 7643//577 7644//577
f 7645//578 7646//578 7647//578
f 7648//579 7649//579 7650//579
f 7651//580 7652//580 7653//580
f 7654//581 7655//581 7656//581
f 7657//582 7658//582 7659//582
f 7660//583 7661//583 7662//583
f 7642//592 7639//592 7641//592 7643//592
f 7640//593 7648//593 7650//593 7641//593
f 7649//594 7645//594 7647//594 7650//594
f 7646//595 7644//595 7643//595 7647//595
f 7660//596 7651//596 7653//596 7661//596
f 7652//597 7654//597 7656//597 7653//597
f 7655//598 7657//598 7659//598 7656//598
f 7658//599 7662//599 7661//599 7659//599
f 7651//600 7640//600 7639//600 7652//600
f 7644//601 7655//601 7654//601 7642//601
f 7645//602 7658//602 7657//602 7646//602
f 7648//603 7660//603 7662//603 7649//603
f 7639//604 7642//604 7654//604 7652//604
f 7641//605 7650//605 7647//605 7643//605
f 7648//606 7640//606 7651//606 7660//606
f 7644//607 7646//607 7657//607 7655//607
f 7645//608 7649//608 7662//608 7658//608
f 7653//609 7656//609 7659//609 7661//609
usemtl Glint
f 7663//584 7664//584 7665//584
f 7666//585 7667//585 7668//585
f 7669//586 7670//586 7671//586
f 7672//587 7673//587 7674//587
f 7675//580 7676//580 7677//580
f 7678//581 7679//581 7680//581
f 7681//588 7682//588 7683//588
f 7684//589 7685//589 7686//589
f 7687//584 7688//584 7689//584
f 7690//585 7691//585 7692//585
f 7693//586 7694//586 7695//586
f 7696//587 7697//587 7698//587
f 7699//590 7700//590 7701//590
f 7702//591 7703//591 7704//591
f 7705//582 7706//582 7707//582
f 7708//583 7709//583 7710//583
f 7666//592 7663//592 7665//592 7667//592
f 7664//593 7672//593 7674//593 7665//593
f 7673//594 7669//594 7671//594 7674//594
f 7670//595 7668//595 7667//595 7671//595
f 7684//596 7675//596 7677//596 7685//596
f 7676//597 7678//597 7680//597 7677//597
f 7679//598 7681//598 7683//598 7680//598
f 7682//599 7686//599 7685//599 7683//599
f 7675//600 7664//600 7663//600 7676//600
f 7668//601 7679//601 7678//601 7666//601
f 7669//602 7682//602 7681//602 7670//602
f 7672//603 7684//603 7686//603 7673//603
f 7690//592 7687//592 7689//592 7691//592
f 7688//593 7696//593 7698//593 7689//593
f 7697//594 7693//594 7695//594 7698//594
f 7694//595 7692//595 7691//595 7695//595
f 7708//596 7699//596 7701//596 7709//596
f 7700//597 7702//597 7704//597 7701//597
f 7703//598 7705//598 7707//598 7704//598
f 7706//599 7710//599 7709//599 7707//599
f 7699//600 7688//600 7687//600 7700//600
f 7692//601 7703//601 7702//601 7690//601
f 7693//602 7706//602 7705//602 7694//602
f 7696//603 7708//603 7710//603 7697//603
f 7663//604 7666//604 7678//604 7676//604
f 7665//605 7674//605 7671//605 7667//605
f 7672//606 7664//606 7675//606 7684//606
f 7668//607 7670//607 7681//607 7679//607
f 7669//608 7673//608 7686//608 7682//608
f 7677//609 7680//609 7683//609 7685//609
f 7687//604 7690//604 7702//604 7700//604
f 7689//605 7698//605 7695//605 7691//605
f 7696//606 7688//606 7699//606 7708//606
f 7692//607 7694//607 7705//607 7703//607
f 7693//608 7697//608 7710//608 7706//608
f 7701//609 7704//609 7707//609 7709//609
o Eye1
v 0.665231 1.008461 1.408308
v 0.654615 1.019077 1.408308
v 0.665231 1.019077 1.397692
v 1.104000 1.008461 1.408308
v 1.104000 1.019077 1.397692
v 1.114615 1.019077 1.408308
v 1.104000 1.592308 1.408308
v 1.114615 1.581692 1.408308
v 1.104000 1.581692 1.397692
v 0.654615 1.581692 1.408308
v 0.665231 1.592308 1.408308
v 0.665231 1.581692 1.397692
v 0.654615 1.019077 1.475538
v 0.665231 1.008461 1.475538
v 0.665231 1.019077 1.486154
v 1.104000 1.008461 1.475538
v 1.114615 1.019077 1.475538
v 1.104000 1.019077 1.486154
v 1.114615 1.581692 1.475538
v 1.104000 1.592308 1.475538
v 1.104000 1.581692 1.486154
v 0.654615 1.581692 1.475538
v 0.665231 1.581692 1.486154
v 0.665231 1.592308 1.475538
v 0.725385 1.372923 1.489692
v 0.714769 1.383538 1.489692
v 0.725385 1.383538 1.479077
v 0.856308 1.372923 1.489692
v 0.856308 1.383538 1.479077
v 0.866923 1.383538 1.489692
v 0.856308 1.525077 1.489692
v 0.866923 1.514462 1.489692
v 0.856308 1.514462 1.479077
v 0.714769 1.514462 1.489692
v 0.725385 1.525077 1.489692
v 0.725385 1.514462 1.479077
v 0.714769 1.383538 1.493231
v 0.725385 1.372923 1.493231
v 0.725385 1.383538 1.503846
v 0.856308 1.372923 1.493231
v 0.866923 1.383538 1.493231
v 0.856308 1.383538 1.503846
v 0.866923 1.514462 1.493231
v 0.856308 1.525077 1.493231
v 0.856308 1.514462 1.503846
v 0.714769 1.514462 1.493231
v 0.725385 1.514462 1.503846
v 0.725385 1.525077 1.493231
v 0.976615 1.086308 1.489692
v 0.966000 1.096923 1.489692
v 0.976615 1.096923 1.479077
v 1.033231 1.086308 1.489692
v 1.033231 1.096923 1.479077
v 1.043846 1.096923 1.489692
v 1.033231 1.164154 1.489692
v 1.043846 1.153538 1.489692
v 1.033231 1.153538 1.479077
v 0.966000 1.153538 1.489692
v 0.976615 1.164154 1.489692
v 0.976615 1.153538 1.479077
v 0.966000 1.096923 1.493231
v 0.976615 1.086308 1.493231
v 0.976615 1.096923 1.503846
v 1.033231 1.086308 1.493231
v 1.043846 1.096923 1.493231
v 1.033231 1.096923 1.503846
v 1.043846 1.153538 1.493231
v 1.033231 1.164154 1.493231
v 1.033231 1.153538 1.503846
v 0.966000 1.153538 1.493231
v 0.976615 1.153538 1.503846
v 0.976615 1.164154 1.493231
vn -0.5774 -0.5773 -0.5774
vn 0.5774 -0.5773 -0.5774
vn 0.5774 0.5773 -0.5774
vn -0.5774 0.5773 -0.5774
vn -0.5773 -0.5774 0.5773
vn 0.5773 -0.5774 0.5773
vn 0.5773 0.5774 0.5773
vn -0.5773 0.5774 0.5773
vn -0.5774 -0.5773 -0.5773
vn 0.5774 -0.5773 -0.5773
vn 0.5774 0.5773 -0.5773
vn -0.5774 0.5773 -0.5773
vn 0.5773 0.5774 0.5774
vn -0.5773 0.5774 0.5774
vn -0.5773 -0.5774 0.5774
vn 0.5773 -0.5774 0.5774
vn -0.0000 -0.7071 -0.7071
vn -0.7071 -0.0000 -0.7071
vn -0.0000 0.7071 -0.7071
vn 0.7071 -0.0000 -0.7071
vn -0.7071 -0.0000 0.7071
vn -0.0000 -0.7071 0.7071
vn 0.7071 -0.0000 0.7071
vn -0.0000 0.7071 0.7071
vn -0.7071 -0.7071 -0.0000
vn 0.7071 -0.7071 -0.0000
vn 0.7071 0.7071 -0.0000
vn -0.7071 0.7071 -0.0000
vn -0.0000 -1.0000 -0.0000
vn -0.0000 -0.0000 -1.0000
vn -1.0000 -0.0000 -0.0000
vn 1.0000 -0.0000 -0.0000
vn -0.0000 1.0000 -0.0000
vn -0.0000 -0.0000 1.0000
s 0
usemtl Pupil
f 7711//610 7712//610 7713//610
f 7714//611 7715//611 7716//611
f 7717//612 7718//612 7719//612
f 7720//613 7721//613 7722//613
f 7723//614 7724//614 7725//614
f 7726//615 7727//615 7728//615
f 7729//616 7730//616 7731//616
f 7732//617 7733//617 7734//617
f 7714//626 7711//626 7713//626 7715//626
f 7712//627 7720//627 7722//627 7713//627
f 7721//628 7717//628 7719//628 7722//628
f 7718//629 7716//629 7715//629 7719//629
f 7732//630 7723//630 7725//630 7733//630
f 7724//631 7726//631 7728//631 7725//631
f 7727//632 7729//632 7731//632 7728//632
f 7730//633 7734//633 7733//633 7731//633
f 7723//634 7712//634 7711//634 7724//634
f 7716//635 7727//635 7726//635 7714//635
f 7717//636 7730//636 7729//636 7718//636
f 7720//637 7732//637 7734//637 7721//637
f 7711//638 7714//638 7726//638 7724//638
f 7713//639 7722//639 7719//639 7715//639
f 7720//640 7712//640 7723//640 7732//640
f 7716//641 7718//641 7729//641 7727//641
f 7717//642 7721//642 7734//642 7730//642
f 7725//643 7728//643 7731//643 7733//643
usemtl Glint
f 7735//618 7736//618 7737//618
f 7738//619 7739//619 7740//619
f 7741//620 7742//620 7743//620
f 7744//621 7745//621 7746//621
f 7747//614 7748//614 7749//614
f 7750//615 7751//615 7752//615
f 7753//622 7754//622 7755//622
f 7756//623 7757//623 7758//623
f 7759//618 7760//618 7761//618
f 7762//619 7763//619 7764//619
f 7765//620 7766//620 7767//620
f 7768//621 7769//621 7770//621
f 7771//624 7772//624 7773//624
f 7774//625 7775//625 7776//625
f 7777//616 7778//616 7779//616
f 7780//617 7781//617 7782//617
f 7738//626 7735//626 7737//626 7739//626
f 7736//627 7744//627 7746//627 7737//627
f 7745//628 7741//628 7743//628 7746//628
f 7742//629 7740//629 7739//629 7743//629
f 7756//630 7747//630 7749//630 7757//630
f 7748//631 7750//631 7752//631 7749//631
f 7751//632 7753//632 7755//632 7752//632
f 7754//633 7758//633 7757//633 7755//633
f 7747//634 7736//634 7735//634 7748//634
f 7740//635 7751//635 7750//635 7738//635
f 7741//636 7754//636 7753//636 7742//636
f 7744//637 7756//637 7758//637 7745//637
f 7762//626 7759//626 7761//626 7763//626
f 7760//627 7768//627 7770//627 7761//627
f 7769//628 7765//628 7767//628 7770//628
f 7766//629 7764//629 7763//629 7767//629
f 7780//630 7771//630 7773//630 7781//630
f 7772//631 7774//631 7776//631 7773//631
f 7775//632 7777//632 7779//632 7776//632
f 7778//633 7782//633 7781//633 7779//633
f 7771//634 7760//634 7759//634 7772//634
f 7764//635 7775//635 7774//635 7762//635
f 7765//636 7778//636 7777//636 7766//636
f 7768//637 7780//637 7782//637 7769//637
f 7735//638 7738//638 7750//638 7748//638
f 7737//639 7746//639 7743//639 7739//639
f 7744//640 7736//640 7747//640 7756//640
f 7740//641 7742//641 7753//641 7751//641
f 7741//642 7745//642 7758//642 7754//642
f 7749//643 7752//643 7755//643 7757//643
f 7759//638 7762//638 7774//638 7772//638
f 7761//639 7770//639 7767//639 7763//639
f 7768//640 7760//640 7771//640 7780//640
f 7764//641 7766//641 7777//641 7775//641
f 7765//642 7769//642 7782//642 7778//642
f 7773//643 7776//643 7779//643 7781//643
o Face
v -1.564000 1.026154 1.408308
v -1.574615 1.036769 1.408308
v -1.564000 1.036769 1.397692
v -1.249077 1.026154 1.408308
v -1.249077 1.036769 1.397692
v -1.238462 1.036769 1.408308
v -1.249077 1.203077 1.408308
v -1.238462 1.192461 1.408308
v -1.249077 1.192461 1.397692
v -1.574615 1.192461 1.408308
v -1.564000 1.203077 1.408308
v -1.564000 1.192461 1.397692
v -1.574615 1.036769 1.475538
v -1.564000 1.026154 1.475538
v -1.564000 1.036769 1.486154
v -1.249077 1.026154 1.475538
v -1.238462 1.036769 1.475538
v -1.249077 1.036769 1.486154
v -1.238462 1.192461 1.475538
v -1.249077 1.203077 1.475538
v -1.249077 1.192461 1.486154
v -1.574615 1.192461 1.475538
v -1.564000 1.192461 1.486154
v -1.564000 1.203077 1.475538
v 1.249077 1.026154 1.408308
v 1.238462 1.036769 1.408308
v 1.249077 1.036769 1.397692
v 1.564000 1.026154 1.408308
v 1.564000 1.036769 1.397692
v 1.574615 1.036769 1.408308
v 1.564000 1.203077 1.408308
v 1.574615 1.192461 1.408308
v 1.564000 1.192461 1.397692
v 1.238462 1.192461 1.408308
v 1.249077 1.203077 1.408308
v 1.249077 1.192461 1.397692
v 1.238462 1.036769 1.475538
v 1.249077 1.026154 1.475538
v 1.249077 1.036769 1.486154
v 1.564000 1.026154 1.475538
v 1.574615 1.036769 1.475538
v 1.564000 1.036769 1.486154
v 1.574615 1.192461 1.475538
v 1.564000 1.203077 1.475538
v 1.564000 1.192461 1.486154
v 1.238462 1.192461 1.475538
v 1.249077 1.192461 1.486154
v 1.249077 1.203077 1.475538
v -0.272462 0.990769 1.231385
v -0.283077 1.001385 1.231385
v -0.272462 1.001385 1.220769
v 0.272462 0.990769 1.231385
v 0.272462 1.001385 1.220769
v 0.283077 1.001385 1.231385
v 0.272462 1.167692 1.231385
v 0.283077 1.157077 1.231385
v 0.272462 1.157077 1.220769
v -0.283077 1.157077 1.231385
v -0.272462 1.167692 1.231385
v -0.272462 1.157077 1.220769
v -0.283077 1.001385 1.298615
v -0.272462 0.990769 1.298615
v -0.272462 1.001385 1.309231
v 0.272462 0.990769 1.298615
v 0.283077 1.001385 1.298615
v 0.272462 1.001385 1.309231
v 0.283077 1.157077 1.298615
v 0.272462 1.167692 1.298615
v 0.272462 1.157077 1.309231
v -0.283077 1.157077 1.298615
v -0.272462 1.157077 1.309231
v -0.272462 1.167692 1.298615
v -0.421077 1.096923 1.231385
v -0.431692 1.107538 1.231385
v -0.421077 1.107538 1.220769
v -0.293692 1.096923 1.231385
v -0.293692 1.107538 1.220769
v -0.283077 1.107538 1.231385
v -0.293692 1.266769 1.231385
v -0.283077 1.256154 1.231385
v -0.293692 1.256154 1.220769
v -0.431692 1.256154 1.231385
v -0.421077 1.266769 1.231385
v -0.421077 1.256154 1.220769
v -0.431692 1.107538 1.475538
v -0.421077 1.096923 1.475538
v -0.421077 1.107538 1.486154
v -0.293692 1.096923 1.475538
v -0.283077 1.107538 1.475538
v -0.293692 1.107538 1.486154
v -0.283077 1.256154 1.475538
v -0.293692 1.266769 1.475538
v -0.293692 1.256154 1.486154
v -0.431692 1.256154 1.475538
v -0.421077 1.256154 1.486154
v -0.421077 1.266769 1.475538
v 0.293692 1.096923 1.231385
v 0.283077 1.107538 1.231385
v 0.293692 1.107538 1.220769
v 0.421077 1.096923 1.231385
v 0.421077 1.107538 1.220769
v 0.431692 1.107538 1.231385
v 0.421077 1.266769 1.231385
v 0.431692 1.256154 1.231385
v 0.421077 1.256154 1.220769
v 0.283077 1.256154 1.231385
v 0.293692 1.266769 1.231385
v 0.293692 1.256154 1.220769
v 0.283077 1.107538 1.475538
v 0.293692 1.096923 1.475538
v 0.293692 1.107538 1.486154
v 0.421077 1.096923 1.475538
v 0.431692 1.107538 1.475538
v 0.421077 1.107538 1.486154
v 0.431692 1.256154 1.475538
v 0.421077 1.266769 1.475538
v 0.421077 1.256154 1.486154
v 0.283077 1.256154 1.475538
v 0.293692 1.256154 1.486154
v 0.293692 1.266769 1.475538
v -0.130923 0.990769 1.312769
v -0.141538 1.001385 1.312769
v -0.130923 1.001385 1.302154
v 0.130923 0.990769 1.312769
v 0.130923 1.001385 1.302154
v 0.141538 1.001385 1.312769
v 0.130923 1.089846 1.312769
v 0.141538 1.079231 1.312769
v 0.130923 1.079231 1.302154
v -0.141538 1.079231 1.312769
v -0.130923 1.089846 1.312769
v -0.130923 1.079231 1.302154
v -0.141538 1.001385 1.312769
v -0.130923 0.990769 1.312769
v -0.130923 1.001385 1.323385
v 0.130923 0.990769 1.312769
v 0.141538 1.001385 1.312769
v 0.130923 1.001385 1.323385
v 0.141538 1.079231 1.312769
v 0.130923 1.089846 1.312769
v 0.130923 1.079231 1.323385
v -0.141538 1.079231 1.312769
v -0.130923 1.079231 1.323385
v -0.130923 1.089846 1.312769
vn -0.5774 -0.5774 -0.5774
vn 0.5773 -0.5774 -0.5773
vn 0.5773 0.5774 -0.5773
vn -0.5774 0.5774 -0.5774
vn -0.5774 -0.5774 0.5774
vn 0.5774 -0.5774 0.5774
vn 0.5774 0.5774 0.5774
vn -0.5774 0.5774 0.5774
vn -0.5773 -0.5774 -0.5773
vn 0.5774 -0.5774 -0.5774
vn 0.5774 0.5774 -0.5774
vn -0.5773 0.5774 -0.5773
vn -0.5774 -0.5774 -0.5773
vn 0.5774 -0.5774 -0.5773
vn 0.5774 0.5773 -0.5774
vn -0.5774 0.5773 -0.5774
vn -0.5773 -0.5774 0.5773
vn 0.5773 -0.5774 0.5773
vn 0.5773 0.5774 0.5774
vn -0.5773 0.5774 0.5774
vn 0.5773 0.5773 -0.5774
vn -0.5773 0.5773 -0.5774
vn -0.5774 -0.5773 0.5774
vn 0.5774 -0.5773 0.5774
vn 0.5773 0.5773 0.5774
vn -0.5773 0.5773 0.5774
vn -0.0000 -0.7071 -0.7071
vn -0.7071 -0.0000 -0.7071
vn -0.0000 0.7071 -0.7071
vn 0.7071 -0.0000 -0.7071
vn -0.7071 -0.0000 0.7071
vn -0.0000 -0.7071 0.7071
vn 0.7071 -0.0000 0.7071
vn -0.0000 0.7071 0.7071
vn -0.7071 -0.7071 -0.0000
vn 0.7071 -0.7071 -0.0000
vn 0.7071 0.7071 -0.0000
vn -0.7071 0.7071 -0.0000
vn -0.0000 -0.0000 1.0000
vn -0.0000 -1.0000 -0.0000
vn -0.0000 -0.0000 -1.0000
vn -1.0000 -0.0000 -0.0000
vn 1.0000 -0.0000 -0.0000
vn -0.0000 1.0000 -0.0000
s 0
usemtl Mouth
f 7831//656 7832//656 7833//656
f 7834//657 7835//657 7836//657
f 7837//658 7838//658 7839//658
f 7840//659 7841//659 7842//659
f 7843//660 7844//660 7845//660
f 7846//661 7847//661 7848//661
f 7849//662 7850//662 7851//662
f 7852//663 7853//663 7854//663
f 7855//644 7856//644 7857//644
f 7858//653 7859//653 7860//653
f 7861//664 7862//664 7863//664
f 7864//665 7865//665 7866//665
f 7867//666 7868//666 7869//666
f 7870//667 7871//667 7872//667
f 7873//668 7874//668 7875//668
f 7876//669 7877//669 7878//669
f 7879//644 7880//644 7881//644
f 7882//653 7883//653 7884//653
f 7885//664 7886//664 7887//664
f 7888//665 7889//665 7890//665
f 7891//666 7892//666 7893//666
f 7894//667 7895//667 7896//667
f 7897//668 7898//668 7899//668
f 7900//669 7901//669 7902//669
f 7834//670 7831//670 7833//670 7835//670
f 7832//671 7840//671 7842//671 7833//671
f 7841//672 7837//672 7839//672 7842//672
f 7838//673 7836//673 7835//673 7839//673
f 7852//674 7843//674 7845//674 7853//674
f 7844//675 7846//675 7848//675 7845//675
f 7847//676 7849//676 7851//676 7848//676
f 7850//677 7854//677 7853//677 7851//677
f 7843//678 7832//678 7831//678 7844//678
f 7836//679 7847//679 7846//679 7834//679
f 7837//680 7850//680 7849//680 7838//680
f 7840//681 7852//681 7854//681 7841//681
f 7858//670 7855//670 7857//670 7859//670
f 7856//671 7864//671 7866//671 7857//671
f 7865//672 7861//672 7863//672 7866//672
f 7862//673 7860//673 7859//673 7863//673
f 7876//674 7867//674 7869//674 7877//674
f 7868//675 7870//675 7872//675 7869//675
f 7871//676 7873//676 7875//676 7872//676
f 7874//677 7878//677 7877//677 7875//677
f 7867//678 7856//678 7855//678 7868//678
f 7860//679 7871//679 7870//679 7858//679
f 7861//680 7874//680 7873//680 7862//680
f 7864//681 7876//681 7878//681 7865//681
f 7882//670 7879//670 7881//670 7883//670
f 7880//671 7888//671 7890//671 7881//671
f 7889//672 7885//672 7887//672 7890//672
f 7886//673 7884//673 7883//673 7887//673
f 7900//674 7891//674 7893//674 7901//674
f 7892//675 7894//675 7896//675 7893//675
f 7895//676 7897//676 7899//676 7896//676
f 7898//677 7902//677 7901//677 7899//677
f 7891//678 7880//678 7879//678 7892//678
f 7884//679 7895//679 7894//679 7882//679
f 7885//680 7898//680 7897//680 7886//680
f 7888//681 7900//681 7902//681 7889//681
f 7831//683 7834//683 7846//683 7844//683
f 7833//684 7842//684 7839//684 7835//684
f 7840//685 7832//685 7843//685 7852//685
f 7836//686 7838//686 7849//686 7847//686
f 7837//687 7841//687 7854//687 7850//687
f 7845//682 7848//682 7851//682 7853//682
f 7855//683 7858//683 7870//683 7868//683
f 7857//684 7866//684 7863//684 7859//684
f 7864//685 7856//685 7867//685 7876//685
f 7860//686 7862//686 7873//686 7871//686
f 7861//687 7865//687 7878//687 7874//687
f 7869//682 7872//682 7875//682 7877//682
f 7879//683 7882//683 7894//683 7892//683
f 7881//684 7890//684 7887//684 7883//684
f 7888//685 7880//685 7891//685 7900//685
f 7884//686 7886//686 7897//686 7895//686
f 7885//687 7889//687 7902//687 7898//687
f 7893//682 7896//682 7899//682 7901//682
usemtl Tongue
f 7903//652 7904//652 7905//652
f 7906//645 7907//645 7908//645
f 7909//664 7910//664 7911//664
f 7912//665 7913//665 7914//665
f 7915//660 7916//660 7917//660
f 7918//661 7919//661 7920//661
f 7921//668 7922//668 7923//668
f 7924//669 7925//669 7926//669
f 7906//670 7903//670 7905//670 7907//670
f 7904//671 7912//671 7914//671 7905//671
f 7913//672 7909//672 7911//672 7914//672
f 7910//673 7908//673 7907//673 7911//673
f 7924//674 7915//674 7917//674 7925//674
f 7916//675 7918//675 7920//675 7917//675
f 7919//676 7921//676 7923//676 7920//676
f 7922//677 7926//677 7925//677 7923//677
f 7915//682 7904//682 7903//682 7916//682
f 7908//682 7919//682 7918//682 7906//682
f 7909//682 7922//682 7921//682 7910//682
f 7912//682 7924//682 7926//682 7913//682
f 7903//682 7906//682 7918//682 7916//682
f 7905//684 7914//684 7911//684 7907//684
f 7912//682 7904//682 7915//682 7924//682
f 7908//682 7910//682 7921//682 7919//682
f 7909//682 7913//682 7926//682 7922//682
f 7917//682 7920//682 7923//682 7925//682
usemtl Cheek
f 7783//644 7784//644 7785//644
f 7786//645 7787//645 7788//645
f 7789//646 7790//646 7791//646
f 7792//647 7793//647 7794//647
f 7795//648 7796//648 7797//648
f 7798//649 7799//649 7800//649
f 7801//650 7802//650 7803//650
f 7804//651 7805//651 7806//651
f 7807//652 7808//652 7809//652
f 7810//653 7811//653 7812//653
f 7813//654 7814//654 7815//654
f 7816//655 7817//655 7818//655
f 7819//648 7820//648 7821//648
f 7822//649 7823//649 7824//649
f 7825//650 7826//650 7827//650
f 7828//651 7829//651 7830//651
f 7786//670 7783//670 7785//670 7787//670
f 7784//671 7792//671 7794//671 7785//671
f 7793//672 7789//672 7791//672 7794//672
f 7790//673 7788//673 7787//673 7791//673
f 7804//674 7795//674 7797//674 7805//674
f 7796//675 7798//675 7800//675 7797//675
f 7799//676 7801//676 7803//676 7800//676
f 7802//677 7806//677 7805//677 7803//677
f 7795//678 7784//678 7783//678 7796//678
f 7788//679 7799//679 7798//679 7786//679
f 7789//680 7802//680 7801//680 7790//680
f 7792//681 7804//681 7806//681 7793//681
f 7810//670 7807//670 7809//670 7811//670
f 7808//671 7816//671 7818//671 7809//671
f 7817//672 7813//672 7815//672 7818//672
f 7814//673 7812//673 7811//673 7815//673
f 7828//674 7819//674 7821//674 7829//674
f 7820//675 7822//675 7824//675 7821//675
f 7823//676 7825//676 7827//676 7824//676
f 7826//677 7830//677 7829//677 7827//677
f 7819//678 7808//678 7807//678 7820//678
f 7812//679 7823//679 7822//679 7810//679
f 7813//680 7826//680 7825//680 7814//680
f 7816//681 7828//681 7830//681 7817//681
f 7783//683 7786//683 7798//683 7796//683
f 7785//684 7794//684 7791//684 7787//684
f 7792//685 7784//685 7795//685 7804//685
f 7788//686 7790//686 7801//686 7799//686
f 7789//687 7793//687 7806//687 7802//687
f 7797//682 7800//682 7803//682 7805//682
f 7807//683 7810//683 7822//683 7820//683
f 7809//684 7818//684 7815//684 7811//684
f 7816//685 7808//685 7819//685 7828//685
f 7812//686 7814//686 7825//686 7823//686
f 7813//687 7817//687 7830//687 7826//687
f 7821//682 7824//682 7827//682 7829//682
